facility_id,facility_name,address,city_town,State,region,zip_code,county_parish,hospital_type,hospital_ownership,Emergency_Services,hospital_overall_rating,Count_of_MORT_Measures_Worse,Count_of_Safety_Measures_Worse,Count_of_READM_Measures_Worse,Count_of_MORT_Measures_Better,Count_of_Safety_Measures_Better,Count_of_READM_Measures_Better,Composite_Worse_Count,Composite_Better_Count,Facility_ID_1,facility_name_1,patient_survey_star_rating,Number_of_completed_surveys,survey_response_rate_percent
201309,NORTHERN LIGHT MAYO HOSPITAL,897 WEST MAIN STREET,DOVER FOXCROFT,ME,Northeast,4426,PISCATAQUIS,Critical Access Hospitals,Government - Hospital District or Authority,true,2,0,0,0,0,0,0,0,0,201309,NORTHERN LIGHT MAYO HOSPITAL,3,142,21
361306,MERCY ALLEN HOSPITAL,200 WEST LORAIN STREET,OBERLIN,OH,Midwest,44074,LORAIN,Critical Access Hospitals,Voluntary non-profit - Private,true,5,0,0,0,0,0,0,0,0,361306,MERCY ALLEN HOSPITAL,5,143,28
441310,RHEA MEDICAL CENTER,9400 RHEA COUNTY HIGHWAY,DAYTON,TN,South,37321,RHEA,Critical Access Hospitals,Government - Local,true,3,0,0,0,0,0,1,0,1,441310,RHEA MEDICAL CENTER,3,110,16
501312,PROSSER MEMORIAL HOSPITAL,723 MEMORIAL STREET,PROSSER,WA,West,99350,BENTON,Critical Access Hospitals,Government - Hospital District or Authority,true,5,0,0,0,0,0,0,0,0,501312,PROSSER MEMORIAL HOSPITAL,4,243,16
521351,REEDSBURG AREA MEDICAL CENTER,2000 N DEWEY AVE,REEDSBURG,WI,Midwest,53959,SAUK,Critical Access Hospitals,Voluntary non-profit - Private,true,3,0,0,0,0,0,0,0,0,521351,REEDSBURG AREA MEDICAL CENTER,4,241,31
01019F,VA CENTRAL ALABAMA HEALTHCARE SYSTEM - MONTGOMERY,215 PERRY HILL ROAD,MONTGOMERY,AL,South,36109,MONTGOMERY,Acute Care - Veterans Administration,Veterans Health Administration,true,5,0,0,0,0,0,2,0,2,01019F,VA CENTRAL ALABAMA HEALTHCARE SYSTEM - MONTGOMERY,2,136,19
04009F,FAYETTEVILLE AR VA MEDICAL CENTER,1100 N. COLLEGE AVENUE,FAYETTEVILLE,AR,South,72703,WASHINGTON,Acute Care - Veterans Administration,Veterans Health Administration,true,5,0,0,0,0,0,2,0,2,04009F,FAYETTEVILLE AR VA MEDICAL CENTER,5,350,33
08002F,WILMINGTON VA MEDICAL CENTER,1601 KIRKWOOD HIGHWAY,WILMINGTON,DE,South,19805,NEW CASTLE,Acute Care - Veterans Administration,Veterans Health Administration,true,4,0,0,0,1,0,0,0,1,08002F,WILMINGTON VA MEDICAL CENTER,3,422,29
110237,NORTHEAST GEORGIA MEDICAL CENTER LUMPKIN,227 MOUNTAIN DRIVE,DAHLONEGA,GA,South,30533,LUMPKIN,Acute Care Hospitals,Voluntary non-profit - Other,true,5,0,0,0,0,0,0,0,0,110237,NORTHEAST GEORGIA MEDICAL CENTER LUMPKIN,5,133,18
111310,ATRIUM HEALTH NAVICENT PEACH,1960 HIGHWAY 247 CONNECTOR,BYRON,GA,South,31008,PEACH,Critical Access Hospitals,Voluntary non-profit - Private,true,3,0,0,0,0,0,0,0,0,111310,ATRIUM HEALTH NAVICENT PEACH,3,210,17
14008F,MARION IL VA MEDICAL CENTER,2401 WEST MAIN,MARION,IL,Midwest,62959,WILLIAMSON,Acute Care - Veterans Administration,Veterans Health Administration,true,3,0,0,1,0,0,0,1,0,14008F,MARION IL VA MEDICAL CENTER,4,363,34
14034F,NORTH CHICAGO VA MEDICAL CENTER,3001 GREENBAY ROAD,NORTH CHICAGO,IL,Midwest,60064,LAKE,Acute Care - Veterans Administration,Veterans Health Administration,true,4,0,0,0,2,0,0,0,2,14034F,NORTH CHICAGO VA MEDICAL CENTER,3,279,21
161374,MYRTUE MEDICAL CENTER,1213 GARFIELD AVENUE,HARLAN,IA,Midwest,51537,SHELBY,Critical Access Hospitals,Voluntary non-profit - Other,true,4,0,0,0,0,0,1,0,1,161374,MYRTUE MEDICAL CENTER,5,114,31
17005F,VA EASTERN KANSAS HEALTHCARE SYSTEM,2200 SW GAGE BOULEVARD,TOPEKA,KS,Midwest,66622,SHAWNEE,Acute Care - Veterans Administration,Veterans Health Administration,true,5,0,0,0,0,0,1,0,1,17005F,VA EASTERN KANSAS HEALTHCARE SYSTEM,4,234,31
180105,MONROE COUNTY MEDICAL CENTER,529 CAPP HARLAN ROAD,TOMPKINSVILLE,KY,South,42167,MONROE,Acute Care Hospitals,Voluntary non-profit - Other,true,1,0,0,2,0,0,0,2,0,180105,MONROE COUNTY MEDICAL CENTER,4,179,23
201302,LINCOLNHEALTH,35 MILES STREET,DAMARISCOTTA,ME,Northeast,4543,LINCOLN,Critical Access Hospitals,Voluntary non-profit - Private,true,4,0,0,0,0,0,0,0,0,201302,LINCOLNHEALTH,4,303,30
201308,HOULTON REGIONAL HOSPITAL,20 HARTFORD STREET,HOULTON,ME,Northeast,4730,AROOSTOOK,Critical Access Hospitals,Voluntary non-profit - Private,true,2,1,0,0,0,0,1,1,1,201308,HOULTON REGIONAL HOSPITAL,4,116,23
231331,SPARROW IONIA HOSPITAL,3565 S STATE ROAD,IONIA,MI,Midwest,48846,IONIA,Critical Access Hospitals,Voluntary non-profit - Private,true,4,0,0,0,0,0,0,0,0,231331,SPARROW IONIA HOSPITAL,4,208,32
250002,TISHOMINGO HEALTH SERVICES INC,1777 CURTIS DRIVE,IUKA,MS,South,38852,TISHOMINGO,Acute Care Hospitals,Voluntary non-profit - Private,true,5,0,0,0,0,0,1,0,1,250002,TISHOMINGO HEALTH SERVICES INC,5,108,24
25042F,VA GULF COAST HEALTHCARE SYSTEM,400 VETERANS AVENUE,BILOXI,MS,South,39531,HARRISON,Acute Care - Veterans Administration,Veterans Health Administration,true,5,0,0,0,0,0,1,0,1,25042F,VA GULF COAST HEALTHCARE SYSTEM,4,260,32
281322,ST FRANCIS MEMORIAL HOSPITAL,430 NORTH MONITOR ST,WEST POINT,NE,Midwest,68788,CUMING,Critical Access Hospitals,Voluntary non-profit - Private,true,2,0,0,0,0,0,0,0,0,281322,ST FRANCIS MEMORIAL HOSPITAL,5,108,41
321306,LINCOLN COUNTY MEDICAL CENTER,211 SUDDERTH DRIVE,RUIDOSO,NM,West,88345,LINCOLN,Critical Access Hospitals,Voluntary non-profit - Private,true,2,0,0,1,0,0,0,1,0,321306,LINCOLN COUNTY MEDICAL CENTER,4,160,16
330111,BERTRAND CHAFFEE HOSPITAL,224 EAST MAIN STREET,SPRINGVILLE,NY,Northeast,14141,ERIE,Acute Care Hospitals,Voluntary non-profit - Private,true,2,0,0,0,0,0,0,0,0,330111,BERTRAND CHAFFEE HOSPITAL,3,188,37
331321,THE UNIVERSITY OF VERMONT HEALTH NETWORK-ALICE HY,"133 PARK STREET, PO BOX 729",MALONE,NY,Northeast,12953,FRANKLIN,Critical Access Hospitals,Voluntary non-profit - Private,true,1,0,0,1,0,0,0,1,0,331321,THE UNIVERSITY OF VERMONT HEALTH NETWORK-ALICE HY,4,103,19
34013F,FAYETTEVILLE NC VA MEDICAL CENTER,2300 RAMSEY STREET,FAYETTEVILLE,NC,South,28301,CUMBERLAND,Acute Care - Veterans Administration,Veterans Health Administration,false,3,0,0,0,0,0,1,0,1,34013F,FAYETTEVILLE NC VA MEDICAL CENTER,4,358,26
34017F,W.G. (BILL) HEFNER SALISBURY VA MEDICAL CENTER (SALSBURY),1601 BRENNER AVENUE,SALISBURY,NC,South,28144,ROWAN,Acute Care - Veterans Administration,Veterans Health Administration,true,4,0,1,0,0,0,3,1,3,34017F,W.G. (BILL) HEFNER SALISBURY VA MEDICAL CENTER (SALSBURY),4,455,35
43002F,VA BLACK HILLS HEALTHCARE SYSTEM,113 COMANCHE ROAD,FORT MEADE,SD,Midwest,57741,MEADE,Acute Care - Veterans Administration,Veterans Health Administration,true,4,0,0,0,0,0,0,0,0,43002F,VA BLACK HILLS HEALTHCARE SYSTEM,5,223,42
490002,RUSSELL COUNTY HOSPITAL,58 CARROLL STREET,LEBANON,VA,South,24266,RUSSELL,Acute Care Hospitals,Voluntary non-profit - Private,true,3,0,0,0,0,0,0,0,0,490002,RUSSELL COUNTY HOSPITAL,3,132,19
491302,CARILION GILES COMMUNITY HOSPITAL,159 HARTLEY WAY,PEARISBURG,VA,South,24134,GILES,Critical Access Hospitals,Voluntary non-profit - Private,true,4,0,0,0,0,0,0,0,0,491302,CARILION GILES COMMUNITY HOSPITAL,5,190,20
501336,MASON GENERAL HOSPITAL & FAMILY OF CLINICS,901 MT VIEW DRIVE,SHELTON,WA,West,98584,MASON,Critical Access Hospitals,Government - Hospital District or Authority,true,1,0,0,0,0,0,0,0,0,501336,MASON GENERAL HOSPITAL & FAMILY OF CLINICS,4,355,41
51002F,BECKLEY VA MEDICAL CENTER,200 VETERANS AVENUE,BECKLEY,WV,South,25801,RALEIGH,Acute Care - Veterans Administration,Veterans Health Administration,true,5,0,0,0,0,0,2,0,2,51002F,BECKLEY VA MEDICAL CENTER,5,218,37
511315,POTOMAC VALLEY HOSPITAL,100 PIN OAK LANE,KEYSER,WV,South,26726,MINERAL,Critical Access Hospitals,Voluntary non-profit - Private,true,4,0,0,0,0,0,0,0,0,511315,POTOMAC VALLEY HOSPITAL,4,202,30
521358,DOOR COUNTY MEDICAL CENTER,323 SOUTH 18TH AVENUE,STURGEON BAY,WI,Midwest,54235,DOOR,Critical Access Hospitals,Voluntary non-profit - Private,true,5,0,0,0,0,0,0,0,0,521358,DOOR COUNTY MEDICAL CENTER,5,206,37
53004F,CHEYENNE VA MEDICAL CENTER,2360 E. PERSHING BLVD.,CHEYENNE,WY,West,82001,LARAMIE,Acute Care - Veterans Administration,Veterans Health Administration,true,5,0,0,0,0,0,1,0,1,53004F,CHEYENNE VA MEDICAL CENTER,4,237,37
110109,EMANUEL MEDICAL CENTER,117 KITE ROAD,SWAINSBORO,GA,South,30401,EMANUEL,Acute Care Hospitals,Government - Hospital District or Authority,true,4,0,0,0,0,0,1,0,1,110109,EMANUEL MEDICAL CENTER,4,125,22
160013,TRINITY MUSCATINE,1518 MULBERRY AVENUE,MUSCATINE,IA,Midwest,52761,MUSCATINE,Acute Care Hospitals,Voluntary non-profit - Private,true,3,0,0,0,0,0,0,0,0,160013,TRINITY MUSCATINE,2,171,21
171363,"COMMUNITY MEMORIAL HEALTHCARE, INC.",708 N 18TH STREET,MARYSVILLE,KS,Midwest,66508,MARSHALL,Critical Access Hospitals,Voluntary non-profit - Private,true,4,0,0,0,0,0,0,0,0,171363,"COMMUNITY MEMORIAL HEALTHCARE, INC.",4,128,31
190184,CITIZENS MEDICAL CENTER,7939 U S HWY 165 SOUTH,COLUMBIA,LA,South,71418,CALDWELL,Acute Care Hospitals,Government - Hospital District or Authority,true,3,0,0,1,0,0,0,1,0,190184,CITIZENS MEDICAL CENTER,5,119,36
231326,SPARROW CLINTON HOSPITAL,805 S OAKLAND,SAINT JOHNS,MI,Midwest,48879,CLINTON,Critical Access Hospitals,Proprietary,true,3,0,0,0,0,0,0,0,0,231326,SPARROW CLINTON HOSPITAL,4,289,41
260024,TEXAS COUNTY MEMORIAL HOSPITAL,1333 SAM HOUSTON BOULEVARD,HOUSTON,MO,Midwest,65483,TEXAS,Acute Care Hospitals,Government - Local,true,2,1,0,0,0,0,0,1,0,260024,TEXAS COUNTY MEMORIAL HOSPITAL,4,145,23
261321,HEDRICK MEDICAL CENTER,2799 NORTH WASHINGTON STREET,CHILLICOTHE,MO,Midwest,64601,LIVINGSTON,Critical Access Hospitals,Voluntary non-profit - Private,true,5,0,0,0,0,0,0,0,0,261321,HEDRICK MEDICAL CENTER,5,116,33
261337,MISSOURI BAPTIST SULLIVAN HOSPITAL,751 SAPPINGTON BRIDGE RD,SULLIVAN,MO,Midwest,63080,FRANKLIN,Critical Access Hospitals,Voluntary non-profit - Private,true,2,0,0,0,0,0,0,0,0,261337,MISSOURI BAPTIST SULLIVAN HOSPITAL,4,346,27
301307,"MEMORIAL HOSPITAL, THE",3073 WHITE MOUNTAIN HIGHWAY,NORTH CONWAY,NH,Northeast,3860,CARROLL,Critical Access Hospitals,Voluntary non-profit - Private,true,3,0,0,0,0,0,0,0,0,301307,"MEMORIAL HOSPITAL, THE",5,330,26
321310,HOLY CROSS HOSPITAL A DIV OF TAOS HEALTH SYSTEMS,1397 WEIMER ROAD,TAOS,NM,West,87571,TAOS,Critical Access Hospitals,Voluntary non-profit - Private,true,3,0,0,0,0,0,0,0,0,321310,HOLY CROSS HOSPITAL A DIV OF TAOS HEALTH SYSTEMS,3,159,18
331320,COBLESKILL REGIONAL HOSPITAL,178 GRANDVIEW DRIVE,COBLESKILL,NY,Northeast,12043,SCHOHARIE,Critical Access Hospitals,Voluntary non-profit - Private,true,3,0,0,0,0,0,0,0,0,331320,COBLESKILL REGIONAL HOSPITAL,4,150,30
391300,GEISINGER JERSEY SHORE HOSPITAL,1020 THOMPSON STREET,JERSEY SHORE,PA,Northeast,17740,LYCOMING,Critical Access Hospitals,Voluntary non-profit - Private,true,4,0,0,0,0,0,0,0,0,391300,GEISINGER JERSEY SHORE HOSPITAL,4,252,30
441307,HIGHPOINT HEALTH-RIVERVIEW WITH ASCENSION SAINT TH,158 HOSPITAL DRIVE,CARTHAGE,TN,South,37030,SMITH,Critical Access Hospitals,Proprietary,true,3,0,0,0,0,0,0,0,0,441307,HIGHPOINT HEALTH-RIVERVIEW WITH ASCENSION SAINT TH,5,177,25
450893,THE HEART HOSPITAL BAYLOR DENTON,2801 SOUTH MAYHILL ROAD,DENTON,TX,South,76208,DENTON,Acute Care Hospitals,Physician,true,5,0,0,1,0,0,0,1,0,450893,THE HEART HOSPITAL BAYLOR DENTON,5,300,33
451395,HILL REGIONAL HOSPITAL,101 CIRCLE DRIVE,HILLSBORO,TX,South,76645,HILL,Critical Access Hospitals,Voluntary non-profit - Private,true,4,1,0,0,0,0,0,1,0,451395,HILL REGIONAL HOSPITAL,3,113,15
471301,GIFFORD MEDICAL CENTER,44 SOUTH MAIN STREET,RANDOLPH,VT,Northeast,5060,ORANGE,Critical Access Hospitals,Voluntary non-profit - Private,true,4,0,0,0,0,0,0,0,0,471301,GIFFORD MEDICAL CENTER,5,145,27
501335,ST ELIZABETH HOSPITAL,1450 BATTERSBY AVENUE,ENUMCLAW,WA,West,98022,KING,Critical Access Hospitals,Voluntary non-profit - Private,true,3,0,0,0,0,0,0,0,0,501335,ST ELIZABETH HOSPITAL,4,202,16
521308,AMERY HOSPITAL & CLINIC,265 GRIFFIN STREET EAST,AMERY,WI,Midwest,54001,POLK,Critical Access Hospitals,Voluntary non-profit - Private,true,3,0,0,0,0,0,0,0,0,521308,AMERY HOSPITAL & CLINIC,5,177,29
521352,UPLAND HILLS HEALTH,800 COMPASSION WAY,DODGEVILLE,WI,Midwest,53533,IOWA,Critical Access Hospitals,Voluntary non-profit - Private,true,3,0,0,0,0,0,0,0,0,521352,UPLAND HILLS HEALTH,5,226,36
31318,BANNER PAYSON MEDICAL CENTER,807 SOUTH PONDEROSA DRIVE,PAYSON,AZ,West,85541,GILA,Critical Access Hospitals,Voluntary non-profit - Other,false,4,0,0,0,0,0,0,0,0,31318,BANNER PAYSON MEDICAL CENTER,4,201,23
51317,ADVENTIST HEALTH CLEARLAKE,15630 18TH AVE - HWY 53,CLEARLAKE,CA,West,95422,LAKE,Critical Access Hospitals,Voluntary non-profit - Private,true,1,0,0,0,0,0,0,0,0,51317,ADVENTIST HEALTH CLEARLAKE,3,146,15
51329,SUTTER LAKESIDE HOSPITAL,5176 HILL ROAD EAST,LAKEPORT,CA,West,95453,LAKE,Critical Access Hospitals,Voluntary non-profit - Private,true,5,0,0,0,0,0,1,0,1,51329,SUTTER LAKESIDE HOSPITAL,3,179,16
61344,ST THOMAS MORE HOSPITAL,1338 PHAY AVE,CANON CITY,CO,West,81212,FREMONT,Critical Access Hospitals,Voluntary non-profit - Private,true,3,0,0,0,0,0,1,0,1,61344,ST THOMAS MORE HOSPITAL,4,173,18
140089,MC DONOUGH DISTRICT HOSPITAL,525 EAST GRANT STREET,MACOMB,IL,Midwest,61455,MC DONOUGH,Acute Care Hospitals,Government - Hospital District or Authority,true,3,0,0,0,0,0,1,0,1,140089,MC DONOUGH DISTRICT HOSPITAL,4,154,20
141322,ABRAHAM LINCOLN MEMORIAL HOSPITAL,200 STAHLHUT DRIVE,LINCOLN,IL,Midwest,62656,LOGAN,Critical Access Hospitals,Voluntary non-profit - Private,true,2,0,0,0,0,0,0,0,0,141322,ABRAHAM LINCOLN MEMORIAL HOSPITAL,4,109,25
141339,TAYLORVILLE MEMORIAL HOSPITAL,201 EAST PLEASANT STREET,TAYLORVILLE,IL,Midwest,62568,CHRISTIAN,Critical Access Hospitals,Voluntary non-profit - Private,true,4,0,0,0,0,0,0,0,0,141339,TAYLORVILLE MEMORIAL HOSPITAL,4,146,23
150075,BLUFFTON REGIONAL MEDICAL CENTER,303 S MAIN ST,BLUFFTON,IN,Midwest,46714,WELLS,Acute Care Hospitals,Proprietary,true,3,0,0,0,0,0,0,0,0,150075,BLUFFTON REGIONAL MEDICAL CENTER,5,131,27
151310,"PARKVIEW WABASH HOSPITAL, INC",10 JOHN KISSINGER DRIVE,WABASH,IN,Midwest,46992,WABASH,Critical Access Hospitals,Voluntary non-profit - Private,true,4,0,0,0,0,0,0,0,0,151310,"PARKVIEW WABASH HOSPITAL, INC",4,131,17
161365,GREATER REGIONAL MEDICAL CENTER,1700 WEST TOWNLINE STREET,CRESTON,IA,Midwest,50801,UNION,Critical Access Hospitals,Government - Local,true,4,0,0,0,0,0,0,0,0,161365,GREATER REGIONAL MEDICAL CENTER,4,135,25
171383,WILLIAM NEWTON HOSPITAL,1300 EAST FIFTH AVENUE,WINFIELD,KS,Midwest,67156,COWLEY,Critical Access Hospitals,Government - Local,true,2,1,0,0,0,0,1,1,1,171383,WILLIAM NEWTON HOSPITAL,3,156,21
201314,REDINGTON FAIRVIEW GENERAL HOSPITAL,46 FAIRVIEW AVE   PO BOX 468,SKOWHEGAN,ME,Northeast,4976,SOMERSET,Critical Access Hospitals,Proprietary,true,4,0,0,0,0,0,1,0,1,201314,REDINGTON FAIRVIEW GENERAL HOSPITAL,5,184,27
230100,TAWAS ST JOSEPH HOSPITAL,200 HEMLOCK,TAWAS CITY,MI,Midwest,48764,IOSCO,Acute Care Hospitals,Government - Hospital District or Authority,true,3,0,0,0,0,0,0,0,0,230100,TAWAS ST JOSEPH HOSPITAL,3,131,29
291307,MESA VIEW REGIONAL HOSPITAL,1299 BERTHA HOWE AVENUE,MESQUITE,NV,West,89027,CLARK,Critical Access Hospitals,Proprietary,true,1,0,0,0,0,0,0,0,0,291307,MESA VIEW REGIONAL HOSPITAL,2,231,28
291313,BANNER CHURCHILL COMMUNITY HOSPITAL,801 EAST WILLIAMS AVENUE,FALLON,NV,West,89406,CHURCHILL,Critical Access Hospitals,Voluntary non-profit - Private,true,2,1,0,1,0,0,0,2,0,291313,BANNER CHURCHILL COMMUNITY HOSPITAL,4,225,21
330151,ST JAMES HOSPITAL,411 CANISTEO STREET,HORNELL,NY,Northeast,14843,STEUBEN,Acute Care Hospitals,Voluntary non-profit - Private,true,2,0,0,0,0,0,0,0,0,330151,ST JAMES HOSPITAL,3,157,25
341329,BLUE RIDGE REGIONAL HOSPITAL,125 HOSPITAL DRIVE,SPRUCE PINE,NC,South,28777,MITCHELL,Critical Access Hospitals,Voluntary non-profit - Private,true,3,0,0,0,0,0,1,0,1,341329,BLUE RIDGE REGIONAL HOSPITAL,3,248,20
360197,MARY RUTAN HOSPITAL,205 PALMER AVENUE,BELLEFONTAINE,OH,Midwest,43311,LOGAN,Acute Care Hospitals,Voluntary non-profit - Private,true,3,0,0,1,0,0,0,1,0,360197,MARY RUTAN HOSPITAL,4,198,21
451367,UT HEALTH EAST TEXAS PITTSBURG HOSPITAL,2701 US HWY 271 N,PITTSBURG,TX,South,75686,CAMP,Critical Access Hospitals,Proprietary,true,2,0,0,0,0,0,0,0,0,451367,UT HEALTH EAST TEXAS PITTSBURG HOSPITAL,5,131,22
471304,NORTH COUNTRY HOSPITAL AND HEALTH CENTER,189 PROUTY DRIVE,NEWPORT,VT,Northeast,5855,ORLEANS,Critical Access Hospitals,Voluntary non-profit - Private,true,2,1,0,0,0,0,0,1,0,471304,NORTH COUNTRY HOSPITAL AND HEALTH CENTER,4,177,21
491304,CARILION STONEWALL JACKSON HOSPITAL,1 HEALTH CIRCLE,LEXINGTON,VA,South,24450,LEXINGTON CITY,Critical Access Hospitals,Voluntary non-profit - Private,true,3,0,0,0,0,0,0,0,0,491304,CARILION STONEWALL JACKSON HOSPITAL,4,227,21
491305,SHENANDOAH MEMORIAL HOSPITAL,759 SOUTH MAIN STREET,WOODSTOCK,VA,South,22664,SHENANDOAH,Critical Access Hospitals,Voluntary non-profit - Private,true,3,0,0,0,0,0,1,0,1,491305,SHENANDOAH MEMORIAL HOSPITAL,4,286,25
511319,JEFFERSON MEDICAL CENTER,300 SOUTH PRESTON STREET,RANSON,WV,South,25438,JEFFERSON,Critical Access Hospitals,Voluntary non-profit - Private,true,2,0,0,0,0,0,0,0,0,511319,JEFFERSON MEDICAL CENTER,4,202,20
521340,MAYO CLINIC HEALTH SYSTEM-RED CEDAR INC,2321 STOUT RD,MENOMONIE,WI,Midwest,54751,DUNN,Critical Access Hospitals,Voluntary non-profit - Private,true,4,0,0,0,0,0,0,0,0,521340,MAYO CLINIC HEALTH SYSTEM-RED CEDAR INC,4,222,29
161371,WINNMED,901 MONTGOMERY STREET,DECORAH,IA,Midwest,52101,WINNESHIEK,Critical Access Hospitals,Government - Local,true,2,0,0,0,0,0,0,0,0,161371,WINNMED,4,221,35
161375,BUENA VISTA REGIONAL MEDICAL CENTER,1525 WEST 5TH STREET,STORM LAKE,IA,Midwest,50588,BUENA VISTA,Critical Access Hospitals,Government - Local,true,3,0,0,0,0,0,0,0,0,161375,BUENA VISTA REGIONAL MEDICAL CENTER,5,133,21
201315,MAINEHEALTH STEPHENS HOSPITAL,181 MAIN STREET,NORWAY,ME,Northeast,4268,OXFORD,Critical Access Hospitals,Voluntary non-profit - Private,true,4,0,0,0,0,0,1,0,1,201315,MAINEHEALTH STEPHENS HOSPITAL,5,281,24
221300,MARTHA'S VINEYARD HOSPITAL INC,"ONE HOSPITAL ROAD, FIRST FL, WING 5,  PO BOX 1477",OAK BLUFFS,MA,Northeast,2557,DUKES,Critical Access Hospitals,Voluntary non-profit - Private,true,4,0,0,0,0,0,0,0,0,221300,MARTHA'S VINEYARD HOSPITAL INC,5,179,21
221302,FAIRVIEW HOSPITAL,29 LEWIS AVENUE,GREAT BARRINGTON,MA,Northeast,1230,BERKSHIRE,Critical Access Hospitals,Voluntary non-profit - Private,true,3,0,0,0,0,0,0,0,0,221302,FAIRVIEW HOSPITAL,5,159,31
230037,HILLSDALE HOSPITAL,168 S HOWELL STREET,HILLSDALE,MI,Midwest,49242,HILLSDALE,Acute Care Hospitals,Voluntary non-profit - Private,true,2,0,0,0,0,0,1,0,1,230037,HILLSDALE HOSPITAL,4,260,21
331316,"COMMUNITY MEMORIAL HOSPITAL, INC",150 BROAD STREET,HAMILTON,NY,Northeast,13346,MADISON,Critical Access Hospitals,Voluntary non-profit - Private,true,3,0,0,0,0,0,0,0,0,331316,"COMMUNITY MEMORIAL HOSPITAL, INC",4,242,36
361331,ADENA FAYETTE MEDICAL CENTER,1430 COLUMBUS AVENUE,WASHINGTON CH,OH,Midwest,43160,FAYETTE,Critical Access Hospitals,Government - Local,true,3,0,0,0,0,0,1,0,1,361331,ADENA FAYETTE MEDICAL CENTER,3,129,18
381314,SAMARITAN PACIFIC COMMUNITY HOSPITAL,930 SW ABBEY STREET,NEWPORT,OR,West,97365,LINCOLN,Critical Access Hospitals,Voluntary non-profit - Private,true,2,0,0,0,0,0,0,0,0,381314,SAMARITAN PACIFIC COMMUNITY HOSPITAL,4,174,20
391315,PENN HIGHLANDS ELK,763 JOHNSONBURG ROAD,SAINT MARYS,PA,Northeast,15857,ELK,Critical Access Hospitals,Voluntary non-profit - Private,true,3,0,0,0,0,0,1,0,1,391315,PENN HIGHLANDS ELK,4,203,35
501337,LOURDES MEDICAL CENTER,520 N FOURTH AVENUE,PASCO,WA,West,99301,FRANKLIN,Critical Access Hospitals,Voluntary non-profit - Church,true,3,0,0,0,0,0,0,0,0,501337,LOURDES MEDICAL CENTER,3,176,20
521337,ST CROIX REGIONAL MEDICAL CENTER,235 E STATE STREET,SAINT CROIX FALLS,WI,Midwest,54024,POLK,Critical Access Hospitals,Voluntary non-profit - Private,true,3,0,0,0,0,0,0,0,0,521337,ST CROIX REGIONAL MEDICAL CENTER,4,290,34
51325,ADVENTIST HEALTH MENDOCINO COAST,700 RIVER DRIVE,FORT BRAGG,CA,West,95437,MENDOCINO,Critical Access Hospitals,Voluntary non-profit - Private,true,1,1,0,0,0,0,0,1,0,51325,ADVENTIST HEALTH MENDOCINO COAST,4,107,21
131327,GRITMAN MEDICAL CENTER,700 SOUTH MAIN STREET,MOSCOW,ID,West,83843,LATAH,Critical Access Hospitals,Voluntary non-profit - Private,true,3,0,0,0,0,0,1,0,1,131327,GRITMAN MEDICAL CENTER,5,196,27
231337,OSF ST FRANCIS HOSPITAL AND MEDICAL GROUP,3401 LUDINGTON ST,ESCANABA,MI,Midwest,49829,DELTA,Critical Access Hospitals,Voluntary non-profit - Church,true,3,0,0,0,0,0,0,0,0,231337,OSF ST FRANCIS HOSPITAL AND MEDICAL GROUP,4,285,28
231338,COREWELL HEALTH GERBER HOSPITAL,212 S SULLIVAN ST,FREMONT,MI,Midwest,49412,NEWAYGO,Critical Access Hospitals,Voluntary non-profit - Private,true,4,0,0,0,0,0,0,0,0,231338,COREWELL HEALTH GERBER HOSPITAL,5,345,23
231339,COREWELL HEALTH PENNOCK HOSPITAL,1009 W GREEN ST,HASTINGS,MI,Midwest,49058,BARRY,Critical Access Hospitals,Voluntary non-profit - Other,true,3,0,0,0,0,0,0,0,0,231339,COREWELL HEALTH PENNOCK HOSPITAL,4,290,28
271317,LIVINGSTON HEALTHCARE,320 ALPENGLOW LANE,LIVINGSTON,MT,West,59047,PARK,Critical Access Hospitals,Physician,true,1,0,0,0,0,0,0,0,0,271317,LIVINGSTON HEALTHCARE,4,143,24
271340,BITTERROOT HEALTH - DALY HOSPITAL,1200 WESTWOOD DR,HAMILTON,MT,West,59840,RAVALLI,Critical Access Hospitals,Voluntary non-profit - Private,true,4,0,0,0,0,0,2,0,2,271340,BITTERROOT HEALTH - DALY HOSPITAL,4,279,29
341324,"THE OUTER BANKS HOSPITAL, INC",4800 SOUTH CROATAN HIGHWAY,NAGS HEAD,NC,South,27959,DARE,Critical Access Hospitals,Voluntary non-profit - Private,true,4,0,0,0,0,0,1,0,1,341324,"THE OUTER BANKS HOSPITAL, INC",4,252,22
351335,JAMESTOWN REGIONAL MEDICAL CENTER,2422 20TH ST SW,JAMESTOWN,ND,Midwest,58401,STUTSMAN,Critical Access Hospitals,Voluntary non-profit - Private,true,3,0,0,0,0,0,0,0,0,351335,JAMESTOWN REGIONAL MEDICAL CENTER,4,279,33
360270,MERCY HEALTH - DEFIANCE HOSPITAL,1404 EAST SECOND STREET,DEFIANCE,OH,Midwest,43512,DEFIANCE,Acute Care Hospitals,Proprietary,true,3,0,0,0,0,0,0,0,0,360270,MERCY HEALTH - DEFIANCE HOSPITAL,4,235,29
361307,UHHS MEMORIAL HOSPITAL OF GENEVA,870 WEST MAIN STREET,GENEVA,OH,Midwest,44041,ASHTABULA,Critical Access Hospitals,Voluntary non-profit - Private,true,3,0,0,1,0,0,0,1,0,361307,UHHS MEMORIAL HOSPITAL OF GENEVA,4,352,28
361328,PROMEDICA DEFIANCE REGIONAL HOSPITAL,1200 RALSTON AVENUE,DEFIANCE,OH,Midwest,43512,DEFIANCE,Critical Access Hospitals,Voluntary non-profit - Private,true,4,0,0,0,0,0,0,0,0,361328,PROMEDICA DEFIANCE REGIONAL HOSPITAL,5,161,18
361332,HIGHLAND DISTRICT HOSPITAL,1275 NORTH HIGH STREET,HILLSBORO,OH,Midwest,45133,HIGHLAND,Critical Access Hospitals,Government - Hospital District or Authority,true,3,0,0,0,0,0,0,0,0,361332,HIGHLAND DISTRICT HOSPITAL,4,122,23
361333,FULTON COUNTY HEALTH CENTER,725 SOUTH SHOOP AVENUE,WAUSEON,OH,Midwest,43567,FULTON,Critical Access Hospitals,Voluntary non-profit - Private,true,3,0,0,0,0,0,0,0,0,361333,FULTON COUNTY HEALTH CENTER,4,214,26
490038,SMYTH COUNTY COMMUNITY HOSPITAL,245 MEDICAL PARK DRIVE,MARION,VA,South,24354,SMYTH,Acute Care Hospitals,Voluntary non-profit - Private,true,3,0,0,1,0,0,0,1,0,490038,SMYTH COUNTY COMMUNITY HOSPITAL,3,208,24
501329,PEACEHEALTH UNITED GENERAL MEDICAL CENTER,2000 HOSPITAL DRIVE,SEDRO WOOLLEY,WA,West,98284,SKAGIT,Critical Access Hospitals,Government - Hospital District or Authority,true,4,0,0,0,0,0,0,0,0,501329,PEACEHEALTH UNITED GENERAL MEDICAL CENTER,4,124,24
501339,WHIDBEYHEALTH MEDICAL CENTER,101 NORTH MAIN STREET,COUPEVILLE,WA,West,98239,ISLAND,Critical Access Hospitals,Government - Hospital District or Authority,true,1,0,0,0,0,0,0,0,0,501339,WHIDBEYHEALTH MEDICAL CENTER,4,133,18
51332,MARK TWAIN MEDICAL CENTER,768 MOUNTAIN RANCH RD,SAN ANDREAS,CA,West,95249,CALAVERAS,Critical Access Hospitals,Voluntary non-profit - Other,false,3,0,0,0,0,0,0,0,0,51332,MARK TWAIN MEDICAL CENTER,4,128,19
361329,WYANDOT MEMORIAL HOSPITAL,885 NORTH SANDUSKY AVENUE,UPPER SANDUSKY,OH,Midwest,43351,WYANDOT,Critical Access Hospitals,Government - Hospital District or Authority,true,4,0,0,0,0,0,0,0,0,361329,WYANDOT MEMORIAL HOSPITAL,4,119,27
360121,COMMUNITY HOSPITALS AND WELLNESS CENTERS,433 WEST HIGH STREET,BRYAN,OH,Midwest,43506,WILLIAMS,Acute Care Hospitals,Voluntary non-profit - Other,false,4,0,0,0,0,0,1,0,1,360121,COMMUNITY HOSPITALS AND WELLNESS CENTERS,4,270,22
50586,CHINO VALLEY MEDICAL CENTER,5451 WALNUT AVE,CHINO,CA,West,91710,SAN BERNARDINO,Acute Care Hospitals,Proprietary,true,2,0,0,0,0,1,0,0,1,50586,CHINO VALLEY MEDICAL CENTER,2,383,28
140068,ROSELAND COMMUNITY HOSPITAL,45 W 111TH STREET,CHICAGO,IL,Midwest,60628,COOK,Acute Care Hospitals,Voluntary non-profit - Private,true,1,0,0,0,0,1,0,0,1,140068,ROSELAND COMMUNITY HOSPITAL,1,217,19
180020,MIDDLESBORO ARH HOSPITAL,3600 WEST CUMBERLAND AVENUE,MIDDLESBORO,KY,South,40965,BELL,Acute Care Hospitals,Voluntary non-profit - Private,true,2,0,0,0,0,0,0,0,0,180020,MIDDLESBORO ARH HOSPITAL,3,111,15
301310,ANDROSCOGGIN VALLEY HOSPITAL,59 PAGE HILL ROAD,BERLIN,NH,Northeast,3570,COOS,Critical Access Hospitals,Voluntary non-profit - Private,true,4,0,0,0,0,1,0,0,1,301310,ANDROSCOGGIN VALLEY HOSPITAL,4,133,26
301311,SPEARE MEMORIAL HOSPITAL,16 HOSPITAL ROAD,PLYMOUTH,NH,Northeast,3264,GRAFTON,Critical Access Hospitals,Voluntary non-profit - Private,true,3,0,0,0,0,0,0,0,0,301311,SPEARE MEMORIAL HOSPITAL,4,163,22
320065,COVENANT HEALTH HOBBS HOSPITAL,5419 N LOVINGTON HIGHWAY,HOBBS,NM,West,88240,LEA,Acute Care Hospitals,Voluntary non-profit - Private,true,3,0,0,0,0,0,1,0,1,320065,COVENANT HEALTH HOBBS HOSPITAL,4,135,13
450163,CHRISTUS SPOHN HOSPITAL KLEBERG,1311 EAST GENERAL CAVAZOS BLVD,KINGSVILLE,TX,South,78363,KLEBERG,Acute Care Hospitals,Voluntary non-profit - Private,true,2,0,0,0,0,0,0,0,0,450163,CHRISTUS SPOHN HOSPITAL KLEBERG,3,137,11
450851,BAYLOR SCOTT & WHITE HEART & VASCULAR HOSPITAL - DALLAS,621 NORTH HALL STREET,DALLAS,TX,South,75226,DALLAS,Acute Care Hospitals,Proprietary,true,4,0,0,0,0,0,0,0,0,450851,BAYLOR SCOTT & WHITE HEART & VASCULAR HOSPITAL - DALLAS,4,573,23
460042,LAKEVIEW HOSPITAL,630 EAST MEDICAL DRIVE,BOUNTIFUL,UT,West,84010,DAVIS,Acute Care Hospitals,Voluntary non-profit - Other,true,5,0,0,0,0,1,2,0,3,460042,LAKEVIEW HOSPITAL,4,453,25
471303,NORTHEASTERN VERMONT REGIONAL HOSPITAL,1315 HOSPITAL DRIVE,SAINT JOHNSBURY,VT,Northeast,5819,CALEDONIA,Critical Access Hospitals,Voluntary non-profit - Private,true,3,0,0,0,0,0,0,0,0,471303,NORTHEASTERN VERMONT REGIONAL HOSPITAL,4,267,21
490127,BUCHANAN GENERAL HOSPITAL,1535 SLATE CREEK ROAD,GRUNDY,VA,South,24614,BUCHANAN,Acute Care Hospitals,Voluntary non-profit - Private,true,2,0,0,1,0,0,0,1,0,490127,BUCHANAN GENERAL HOSPITAL,5,169,28
501330,ASTRIA SUNNYSIDE HOSPITAL,1016 TACOMA AVENUE,SUNNYSIDE,WA,West,98944,YAKIMA,Critical Access Hospitals,Voluntary non-profit - Other,true,1,0,0,0,0,0,0,0,0,501330,ASTRIA SUNNYSIDE HOSPITAL,3,177,22
511316,GRANT MEMORIAL HOSPITAL,117 HOSPITAL DRIVE,PETERSBURG,WV,South,26847,GRANT,Critical Access Hospitals,Voluntary non-profit - Other,true,4,0,0,0,0,0,1,0,1,511316,GRANT MEMORIAL HOSPITAL,4,205,27
511320,JACKSON GENERAL HOSPITAL,122 PINNELL ST,RIPLEY,WV,South,25271,JACKSON,Critical Access Hospitals,Voluntary non-profit - Private,true,3,0,0,0,0,0,0,0,0,511320,JACKSON GENERAL HOSPITAL,5,201,32
10045,FAYETTE MEDICAL CENTER,1653 TEMPLE AVENUE NORTH,FAYETTE,AL,South,35555,FAYETTE,Acute Care Hospitals,Voluntary non-profit - Other,true,2,0,0,0,0,0,0,0,0,10045,FAYETTE MEDICAL CENTER,5,137,31
10130,ST VINCENT'S ST CLAIR,7063 VETERANS PARKWAY,PELL CITY,AL,South,35125,ST. CLAIR,Acute Care Hospitals,Voluntary non-profit - Private,true,3,1,0,0,0,0,0,1,0,10130,ST VINCENT'S ST CLAIR,3,222,22
30139,DIGNITY HEALTH ARIZONA GENERAL HOSPITAL,9130 EAST ELLIOT ROAD,MESA,AZ,West,85212,MARICOPA,Acute Care Hospitals,Voluntary non-profit - Private,true,3,0,0,0,0,0,0,0,0,30139,DIGNITY HEALTH ARIZONA GENERAL HOSPITAL,4,553,17
06007F,GRAND JUNCTION VA MEDICAL CENTER,2121 N. AVENUE,GRAND JUNCTION,CO,West,81501,MESA,Acute Care - Veterans Administration,Veterans Health Administration,true,5,0,0,0,0,0,1,0,1,06007F,GRAND JUNCTION VA MEDICAL CENTER,5,216,42
100107,HCA FLORIDA LEHIGH REGIONAL MEDICAL CENTER,1500 LEE BLVD,LEHIGH ACRES,FL,South,33936,LEE,Acute Care Hospitals,Proprietary,true,2,0,0,0,0,0,0,0,0,100107,HCA FLORIDA LEHIGH REGIONAL MEDICAL CENTER,2,399,23
100175,DESOTO MEMORIAL HOSPITAL,900 N ROBERT AVE,ARCADIA,FL,South,34266,DE SOTO,Acute Care Hospitals,Voluntary non-profit - Private,true,2,0,0,0,0,0,0,0,0,100175,DESOTO MEMORIAL HOSPITAL,3,125,21
100183,CORAL GABLES HOSPITAL,3100 DOUGLAS RD,CORAL GABLES,FL,South,33134,MIAMI-DADE,Acute Care Hospitals,Proprietary,true,3,0,0,1,0,1,0,1,1,100183,CORAL GABLES HOSPITAL,3,209,11
100320,HCA FLORIDA POINCIANA HOSPITAL,325 CYPRESS PKWY,KISSIMMEE,FL,South,34758,OSCEOLA,Acute Care Hospitals,Proprietary,true,3,0,0,0,0,1,0,0,1,100320,HCA FLORIDA POINCIANA HOSPITAL,3,551,15
110032,STEPHENS COUNTY HOSPITAL,163 HOSPITAL DRIVE,TOCCOA,GA,South,30577,STEPHENS,Acute Care Hospitals,Government - Hospital District or Authority,true,2,0,0,0,0,0,0,0,0,110032,STEPHENS COUNTY HOSPITAL,3,266,18
130014,WEST VALLEY MEDICAL CENTER,1717 ARLINGTON STREET,CALDWELL,ID,West,83605,CANYON,Acute Care Hospitals,Proprietary,true,5,0,0,0,0,1,1,0,2,130014,WEST VALLEY MEDICAL CENTER,4,361,22
140133,HOLY CROSS HOSPITAL,2701 W 68TH STREET,CHICAGO,IL,Midwest,60629,COOK,Acute Care Hospitals,Voluntary non-profit - Private,true,1,0,0,1,0,0,0,1,0,140133,HOLY CROSS HOSPITAL,1,168,6
140145,ST JOSEPHS HOSPITAL,9515 HOLY CROSS LN,BREESE,IL,Midwest,62230,CLINTON,Acute Care Hospitals,Voluntary non-profit - Church,true,4,0,0,0,1,0,0,0,1,140145,ST JOSEPHS HOSPITAL,4,225,21
140158,INSIGHT HOSPITAL AND MEDICAL CENTER CHICAGO,2525 S MICHIGAN AVE,CHICAGO,IL,Midwest,60616,COOK,Acute Care Hospitals,Voluntary non-profit - Private,true,1,0,0,1,0,0,0,1,0,140158,INSIGHT HOSPITAL AND MEDICAL CENTER CHICAGO,2,259,15
150045,PARKVIEW DEKALB HOSPITAL,1316 E SEVENTH ST,AUBURN,IN,Midwest,46706,DE KALB,Acute Care Hospitals,Voluntary non-profit - Private,true,4,0,0,0,0,0,0,0,0,150045,PARKVIEW DEKALB HOSPITAL,4,157,18
150146,PARKVIEW NOBLE HOSPITAL,401 SAWYER RD,KENDALLVILLE,IN,Midwest,46755,NOBLE,Acute Care Hospitals,Voluntary non-profit - Private,true,4,0,0,0,0,0,0,0,0,150146,PARKVIEW NOBLE HOSPITAL,3,259,19
151315,CAMERON MEMORIAL COMMUNITY HOSPITAL INC,416 E MAUMEE ST,ANGOLA,IN,Midwest,46703,STEUBEN,Critical Access Hospitals,Voluntary non-profit - Private,true,3,0,0,0,0,0,0,0,0,151315,CAMERON MEMORIAL COMMUNITY HOSPITAL INC,4,192,25
16003F,VA CENTRAL IOWA HEALTHCARE SYSTEM,3600 30TH STREET,DES MOINES,IA,Midwest,50310,POLK,Acute Care - Veterans Administration,Veterans Health Administration,true,4,1,0,0,1,0,2,1,3,16003F,VA CENTRAL IOWA HEALTHCARE SYSTEM,4,337,33
170017,SUSAN B ALLEN MEMORIAL HOSPITAL,720 W CENTRAL ST,EL DORADO,KS,Midwest,67042,BUTLER,Acute Care Hospitals,Voluntary non-profit - Private,true,2,0,0,0,0,0,0,0,0,170017,SUSAN B ALLEN MEMORIAL HOSPITAL,3,102,22
180078,PAINTSVILLE ARH HOSPITAL,625 JAMES S TRIMBLE BOULEVARD,PAINTSVILLE,KY,South,41240,JOHNSON,Acute Care Hospitals,Proprietary,true,2,1,0,1,0,0,0,2,0,180078,PAINTSVILLE ARH HOSPITAL,3,117,17
190014,OCHSNER ST MARY,1125 MARGUERITE STREET,MORGAN CITY,LA,South,70380,ST. MARY,Acute Care Hospitals,Voluntary non-profit - Private,true,2,1,0,0,0,1,0,1,1,190014,OCHSNER ST MARY,3,138,18
20003F,TOGUS VA MEDICAL CENTER,1 VA CENTER,AUGUSTA,ME,Northeast,4330,KENNEBEC,Acute Care - Veterans Administration,Veterans Health Administration,true,4,0,0,0,0,0,0,0,0,20003F,TOGUS VA MEDICAL CENTER,5,429,40
230093,COREWELL HEALTH BIG RAPIDS HOSPITAL,605 OAK STREET,BIG RAPIDS,MI,Midwest,49307,MECOSTA,Acute Care Hospitals,Voluntary non-profit - Private,true,3,0,0,0,0,0,1,0,1,230093,COREWELL HEALTH BIG RAPIDS HOSPITAL,4,394,22
230208,UNIVERSITY OF MICHIGAN HEALTH-SPARROW CARSON,406 EAST ELM ST,CARSON CITY,MI,Midwest,48811,MONTCALM,Acute Care Hospitals,Voluntary non-profit - Other,true,4,0,0,0,0,0,0,0,0,230208,UNIVERSITY OF MICHIGAN HEALTH-SPARROW CARSON,5,147,34
230303,MUNSON HEALTHCARE MANISTEE HOSPITAL,1465 E PARKDALE AVE,MANISTEE,MI,Midwest,49660,MANISTEE,Acute Care Hospitals,Voluntary non-profit - Other,true,4,0,0,0,0,0,0,0,0,230303,MUNSON HEALTHCARE MANISTEE HOSPITAL,4,147,36
250050,OCH REGIONAL MEDICAL CENTER,400 HOSPITAL ROAD /MAIL PO BOX 1506,STARKVILLE,MS,South,39759,OKTIBBEHA,Acute Care Hospitals,Government - Local,true,2,1,0,0,0,0,0,1,0,250050,OCH REGIONAL MEDICAL CENTER,3,316,28
27003F,VA MONTANA HEALTHCARE SYSTEM,3687 VETERANS DRIVE,FORT HARRISON,MT,West,59636,LEWIS AND CLARK,Acute Care - Veterans Administration,Veterans Health Administration,true,5,0,0,0,0,0,1,0,1,27003F,VA MONTANA HEALTHCARE SYSTEM,5,179,35
271336,LOGAN HEALTH - WHITEFISH,1600 HOSPITAL WAY,WHITEFISH,MT,West,59937,FLATHEAD,Critical Access Hospitals,Voluntary non-profit - Private,true,4,0,0,0,0,0,2,0,2,271336,LOGAN HEALTH - WHITEFISH,4,250,20
280128,CHI HEALTH NEBRASKA HEART,7500 SOUTH 91ST ST,LINCOLN,NE,Midwest,68526,LANCASTER,Acute Care Hospitals,Voluntary non-profit - Private,false,3,0,0,0,0,0,0,0,0,280128,CHI HEALTH NEBRASKA HEART,4,555,41
301312,HUGGINS HOSPITAL,240 SOUTH MAIN STREET,WOLFEBORO,NH,Northeast,3894,CARROLL,Critical Access Hospitals,Voluntary non-profit - Private,true,3,0,0,0,0,0,0,0,0,301312,HUGGINS HOSPITAL,4,174,31
330229,"BROOKS-TLC HOSPITAL SYSTEM, INC",529 CENTRAL AVENUE,DUNKIRK,NY,Northeast,14048,CHAUTAUQUA,Acute Care Hospitals,Voluntary non-profit - Private,true,2,0,0,1,0,0,0,1,0,330229,"BROOKS-TLC HOSPITAL SYSTEM, INC",4,206,26
340060,UNC ROCKINGHAM,117 E KINGS HIGHWAY,EDEN,NC,South,27288,ROCKINGHAM,Acute Care Hospitals,Voluntary non-profit - Private,true,2,0,0,0,0,0,0,0,0,340060,UNC ROCKINGHAM,4,234,16
35002F,FARGO VA MEDICAL CENTER,2101 ELM STREET,FARGO,ND,Midwest,58102,CASS,Acute Care - Veterans Administration,Veterans Health Administration,true,5,0,0,0,2,0,1,0,3,35002F,FARGO VA MEDICAL CENTER,5,444,43
36007F,DAYTON VA MEDICAL CENTER,4100 WEST THIRD STREET,DAYTON,OH,Midwest,45428,MONTGOMERY,Acute Care - Veterans Administration,Veterans Health Administration,true,4,0,0,0,0,0,1,0,1,36007F,DAYTON VA MEDICAL CENTER,4,525,34
360365,AVITA ONTARIO,715 RICHLAND MALL,ONTARIO,OH,Midwest,44906,RICHLAND,Acute Care Hospitals,Voluntary non-profit - Private,true,3,0,0,0,0,0,0,0,0,360365,AVITA ONTARIO,4,270,23
360368,KETTERING HEALTH TROY,600 WEST MAIN STREET,TROY,OH,Midwest,45373,MIAMI,Acute Care Hospitals,Voluntary non-profit - Private,true,4,0,0,0,0,0,0,0,0,360368,KETTERING HEALTH TROY,4,395,28
39006F,LEBANON VA MEDICAL CENTER,1700 SOUTH LINCOLN AVENUE,LEBANON,PA,Northeast,17042,LEBANON,Acute Care - Veterans Administration,Veterans Health Administration,true,5,0,0,0,1,0,1,0,2,39006F,LEBANON VA MEDICAL CENTER,5,441,48
390070,LOWER BUCKS HOSPITAL,501 BATH ROAD,BRISTOL,PA,Northeast,19007,BUCKS,Acute Care Hospitals,Proprietary,true,3,0,0,0,0,1,1,0,2,390070,LOWER BUCKS HOSPITAL,2,407,20
420038,PRISMA HEALTH LAURENS COUNTY HOSPITAL,22725 HIGHWAY 76 EAST,CLINTON,SC,South,29325,LAURENS,Acute Care Hospitals,Voluntary non-profit - Private,true,2,0,0,0,0,0,0,0,0,420038,PRISMA HEALTH LAURENS COUNTY HOSPITAL,4,229,12
420043,CHEROKEE MEDICAL CENTER,1530 N LIMESTONE ST,GAFFNEY,SC,South,29340,CHEROKEE,Acute Care Hospitals,Government - Hospital District or Authority,true,2,0,0,0,0,0,0,0,0,420043,CHEROKEE MEDICAL CENTER,4,105,18
43005F,SIOUX FALLS VA MEDICAL CENTER,2501 WEST 22ND STREET,SIOUX FALLS,SD,Midwest,57117,MINNEHAHA,Acute Care - Veterans Administration,Veterans Health Administration,true,5,0,0,0,0,0,2,0,2,43005F,SIOUX FALLS VA MEDICAL CENTER,5,274,43
430095,AVERA HEART HOSPITAL OF SOUTH DAKOTA,4500 W 69TH ST,SIOUX FALLS,SD,Midwest,57108,LINCOLN,Acute Care Hospitals,Proprietary,true,5,0,0,0,0,1,1,0,2,430095,AVERA HEART HOSPITAL OF SOUTH DAKOTA,5,732,49
440102,LINCOLN MEDICAL CENTER,106 MEDICAL CENTER BLVD,FAYETTEVILLE,TN,South,37334,LINCOLN,Acute Care Hospitals,Government - Local,true,2,2,0,0,0,0,0,2,0,440102,LINCOLN MEDICAL CENTER,4,124,17
450469,WILSON N JONES REGIONAL MEDICAL CENTER,500 N HIGHLAND AVENUE,SHERMAN,TX,South,75092,GRAYSON,Acute Care Hospitals,Proprietary,true,4,0,0,1,0,1,0,1,1,450469,WILSON N JONES REGIONAL MEDICAL CENTER,2,145,14
45060F,VA AMARILLO HEALTHCARE SYSTEM,6010 AMARILLO BLVD. WEST,AMARILLO,TX,South,79106,POTTER,Acute Care - Veterans Administration,Veterans Health Administration,true,4,0,0,0,0,0,1,0,1,45060F,VA AMARILLO HEALTHCARE SYSTEM,4,422,33
47001F,WHITE RIVER JCT VA MEDICAL CENTER,163 VETERANS DRIVE,WHITE RIVER JUNCTION,VT,Northeast,5009,WINDSOR,Acute Care - Veterans Administration,Veterans Health Administration,true,4,0,0,0,0,0,1,0,1,47001F,WHITE RIVER JCT VA MEDICAL CENTER,5,407,42
49006F,HAMPTON VA MEDICAL CENTER,100 EMANCIPATION DRIVE,HAMPTON,VA,South,23667,HAMPTON CITY,Acute Care - Veterans Administration,Veterans Health Administration,true,4,0,0,1,0,0,0,1,0,49006F,HAMPTON VA MEDICAL CENTER,4,173,19
490092,BON SECOURS SOUTHAMPTON MEMORIAL HOSPITAL,100 FAIRVIEW DRIVE - PO BOX 817,FRANKLIN,VA,South,23851,FRANKLIN CITY,Acute Care Hospitals,Voluntary non-profit - Private,true,3,0,0,0,0,0,0,0,0,490092,BON SECOURS SOUTHAMPTON MEMORIAL HOSPITAL,3,111,17
490145,STONESPRINGS HOSPITAL CENTER,24440 STONE SPRINGS BOULEVARD,DULLES,VA,South,20166,LOUDOUN,Acute Care Hospitals,Proprietary,true,3,0,0,0,0,0,1,0,1,490145,STONESPRINGS HOSPITAL CENTER,3,430,16
51003F,CLARKSBURG VA MEDICAL CENTER,1 MEDICAL CENTER DRIVE,CLARKSBURG,WV,South,26301,HARRISON,Acute Care - Veterans Administration,Veterans Health Administration,true,4,0,0,0,0,0,2,0,2,51003F,CLARKSBURG VA MEDICAL CENTER,4,482,38
51005F,MARTINSBURG VA MEDICAL CENTER,510 BUTLER AVE.,MARTINSBURG,WV,South,25405,BERKELEY,Acute Care - Veterans Administration,Veterans Health Administration,true,4,0,0,0,1,0,0,0,1,51005F,MARTINSBURG VA MEDICAL CENTER,4,462,37
520044,ST NICHOLAS HOSPITAL,3100 SUPERIOR AVE,SHEBOYGAN,WI,Midwest,53081,SHEBOYGAN,Acute Care Hospitals,Voluntary non-profit - Private,true,3,0,0,0,0,0,0,0,0,520044,ST NICHOLAS HOSPITAL,4,273,28
520091,HOWARD YOUNG MEDICAL CENTER,240 MAPLE ST,WOODRUFF,WI,Midwest,54568,VILAS,Acute Care Hospitals,Voluntary non-profit - Church,true,4,0,0,0,0,0,1,0,1,520091,HOWARD YOUNG MEDICAL CENTER,4,161,22
521341,RICHLAND HOSPITAL,333 E SECOND ST,RICHLAND CENTER,WI,Midwest,53581,RICHLAND,Critical Access Hospitals,Voluntary non-profit - Private,true,4,0,0,0,0,0,0,0,0,521341,RICHLAND HOSPITAL,4,198,29
30117,VALLEY VIEW MEDICAL CENTER,5330 SOUTH HIGHWAY 95,FORT MOHAVE,AZ,West,86426,MOHAVE,Acute Care Hospitals,Proprietary,true,2,0,0,0,0,0,0,0,0,30117,VALLEY VIEW MEDICAL CENTER,3,325,19
30147,BANNER OCOTILLO MEDICAL CENTER,1405 SOUTH ALMA SCHOOL ROAD,CHANDLER,AZ,West,85286,MARICOPA,Acute Care Hospitals,Voluntary non-profit - Private,true,2,0,0,1,0,0,0,1,0,30147,BANNER OCOTILLO MEDICAL CENTER,3,523,17
40002,JOHNSON REGIONAL MEDICAL CENTER,1100 EAST POPLAR STREET,CLARKSVILLE,AR,South,72830,JOHNSON,Acute Care Hospitals,Voluntary non-profit - Private,true,3,0,0,0,0,0,0,0,0,40002,JOHNSON REGIONAL MEDICAL CENTER,4,188,16
40051,BAPTIST HEALTH MEDICAL CENTER-DREW COUNTY,778 SCOGIN DRIVE,MONTICELLO,AR,South,71655,DREW,Acute Care Hospitals,Voluntary non-profit - Private,true,2,0,0,0,0,0,0,0,0,40051,BAPTIST HEALTH MEDICAL CENTER-DREW COUNTY,3,183,13
40161,ARKANSAS HEART HOSPITAL-ENCORE,1901 ENCORE WAY,BRYANT,AR,South,72019,SALINE,Acute Care Hospitals,Proprietary,true,3,0,0,1,0,0,0,1,0,40161,ARKANSAS HEART HOSPITAL-ENCORE,4,275,23
50028,MAD RIVER COMMUNITY HOSPITAL,3800 JANES RD,ARCATA,CA,West,95521,HUMBOLDT,Acute Care Hospitals,Proprietary,true,3,0,0,0,0,0,0,0,0,50028,MAD RIVER COMMUNITY HOSPITAL,3,139,20
50090,SONOMA VALLEY HOSPITAL,347 ANDRIEUX ST,SONOMA,CA,West,95476,SONOMA,Acute Care Hospitals,Government - Hospital District or Authority,true,1,0,0,0,0,0,0,0,0,50090,SONOMA VALLEY HOSPITAL,4,145,30
50194,WATSONVILLE COMMUNITY HOSPITAL,75 NIELSON STREET,WATSONVILLE,CA,West,95076,SANTA CRUZ,Acute Care Hospitals,Proprietary,true,1,0,0,2,0,0,0,2,0,50194,WATSONVILLE COMMUNITY HOSPITAL,3,260,12
100302,ORLANDO HEALTH ST CLOUD HOSPITAL,2906 17TH STREET,SAINT CLOUD,FL,South,34769,OSCEOLA,Acute Care Hospitals,Proprietary,true,1,0,0,1,0,0,0,1,0,100302,ORLANDO HEALTH ST CLOUD HOSPITAL,2,601,16
110027,"TY COBB REGIONAL MEDICAL CENTER, LLC",367 CLEAR CREEK PARKWAY,LAVONIA,GA,South,30553,FRANKLIN,Acute Care Hospitals,Voluntary non-profit - Private,true,3,0,0,1,0,0,0,1,0,110027,"TY COBB REGIONAL MEDICAL CENTER, LLC",3,229,14
110041,NORTHEAST GEORGIA MEDICAL CENTER HABERSHAM,541 HISTORIC HIGHWAY 441-NORTH,DEMOREST,GA,South,30535,HABERSHAM,Acute Care Hospitals,Government - Hospital District or Authority,true,3,0,0,0,0,0,0,0,0,110041,NORTHEAST GEORGIA MEDICAL CENTER HABERSHAM,3,287,17
110046,PIEDMONT WALTON HOSPITAL,2151 W SPRING STREET,MONROE,GA,South,30655,WALTON,Acute Care Hospitals,Proprietary,true,3,0,0,0,0,1,0,0,1,110046,PIEDMONT WALTON HOSPITAL,3,598,16
110150,NAVICENT HEALTH BALDWIN,821 NORTH COBB STREET,MILLEDGEVILLE,GA,South,31061,BALDWIN,Acute Care Hospitals,Proprietary,true,1,0,0,0,0,0,0,0,0,110150,NAVICENT HEALTH BALDWIN,2,244,11
111329,ST MARYS GOOD SAMARITAN HOSPITAL,5401 LAKE OCONEE PARKWAY,GREENSBORO,GA,South,30642,GREENE,Critical Access Hospitals,Proprietary,true,3,0,0,0,0,0,0,0,0,111329,ST MARYS GOOD SAMARITAN HOSPITAL,4,174,21
140034,SSM HEALTH ST MARY'S HOSPITAL -CENTRALIA,400 NORTH PLEASANT AVENUE,CENTRALIA,IL,Midwest,62801,MARION,Acute Care Hospitals,Voluntary non-profit - Church,true,2,0,0,1,0,0,0,1,0,140034,SSM HEALTH ST MARY'S HOSPITAL -CENTRALIA,3,304,18
140120,CARLE HEALTH PEKIN HOSPITAL,600 SOUTH 13TH STREET,PEKIN,IL,Midwest,61554,TAZEWELL,Acute Care Hospitals,Voluntary non-profit - Private,true,2,0,0,0,0,0,0,0,0,140120,CARLE HEALTH PEKIN HOSPITAL,3,245,20
141336,ST JOSEPH'S HOSPITAL,12866 TROXLER AVENUE,HIGHLAND,IL,Midwest,62249,MADISON,Critical Access Hospitals,Voluntary non-profit - Church,true,2,0,0,0,0,0,0,0,0,141336,ST JOSEPH'S HOSPITAL,4,137,27
150022,FRANCISCAN HEALTH CRAWFORDSVILLE,1710 LAFAYETTE RD,CRAWFORDSVILLE,IN,Midwest,47933,MONTGOMERY,Acute Care Hospitals,Voluntary non-profit - Church,true,4,0,0,0,0,0,0,0,0,150022,FRANCISCAN HEALTH CRAWFORDSVILLE,4,172,23
150091,PARKVIEW HUNTINGTON HOSPITAL,2001 STULTS RD,HUNTINGTON,IN,Midwest,46750,HUNTINGTON,Acute Care Hospitals,Voluntary non-profit - Private,true,4,0,0,1,0,0,0,1,0,150091,PARKVIEW HUNTINGTON HOSPITAL,4,243,20
160089,OTTUMWA REGIONAL HEALTH CENTER,1001 E PENNSYLVANIA,OTTUMWA,IA,Midwest,52501,WAPELLO,Acute Care Hospitals,Proprietary,true,2,0,0,0,0,0,0,0,0,160089,OTTUMWA REGIONAL HEALTH CENTER,2,197,18
171380,NEOSHO MEMORIAL REGIONAL MEDICAL CENTER,629 SOUTH PLUMMER AVE,CHANUTE,KS,Midwest,66720,NEOSHO,Critical Access Hospitals,Government - Local,true,2,0,0,0,0,0,0,0,0,171380,NEOSHO MEMORIAL REGIONAL MEDICAL CENTER,5,178,22
171384,NEWMAN REGIONAL HEALTH,1201 WEST 12TH AVENUE,EMPORIA,KS,Midwest,66801,LYON,Critical Access Hospitals,Government - Local,true,2,1,0,0,0,0,1,1,1,171384,NEWMAN REGIONAL HEALTH,3,195,27
180019,MEADOWVIEW REGIONAL MEDICAL CENTER,989 MEDICAL PARK DRIVE,MAYSVILLE,KY,South,41056,MASON,Acute Care Hospitals,Proprietary,true,4,0,0,0,0,0,3,0,3,180019,MEADOWVIEW REGIONAL MEDICAL CENTER,3,202,17
180070,OWENSBORO HEALTH TWIN LAKES MEDICAL CENTER,910 WALLACE AVENUE,LEITCHFIELD,KY,South,42754,GRAYSON,Acute Care Hospitals,Voluntary non-profit - Other,true,3,0,0,0,0,0,0,0,0,180070,OWENSBORO HEALTH TWIN LAKES MEDICAL CENTER,4,216,22
180079,HARRISON MEMORIAL HOSPITAL,1210 KY HWY 36 E,CYNTHIANA,KY,South,41031,HARRISON,Acute Care Hospitals,Voluntary non-profit - Other,true,3,1,0,0,0,1,0,1,1,180079,HARRISON MEMORIAL HOSPITAL,5,201,23
180101,GEORGETOWN COMMUNITY HOSPITAL,1140 LEXINGTON ROAD,GEORGETOWN,KY,South,40324,SCOTT,Acute Care Hospitals,Proprietary,true,3,0,0,0,0,1,0,0,1,180101,GEORGETOWN COMMUNITY HOSPITAL,3,310,16
180128,THREE RIVERS MEDICAL CENTER,2485 HIGHWAY 644,LOUISA,KY,South,41230,LAWRENCE,Acute Care Hospitals,Proprietary,true,2,0,0,0,0,0,0,0,0,180128,THREE RIVERS MEDICAL CENTER,4,136,18
190050,BEAUREGARD MEMORIAL HOSPITAL,600 S PINE STREET,DERIDDER,LA,South,70634,BEAUREGARD,Acute Care Hospitals,Government - Hospital District or Authority,true,2,0,0,0,0,0,0,0,0,190050,BEAUREGARD MEMORIAL HOSPITAL,3,136,15
190053,OCHSNER AMERICAN LEGION HOSPITAL,1634 ELTON ROAD,JENNINGS,LA,South,70546,JEFFRSON DAVIS,Acute Care Hospitals,Voluntary non-profit - Private,true,2,0,0,1,0,0,0,1,0,190053,OCHSNER AMERICAN LEGION HOSPITAL,4,262,16
190164,BYRD REGIONAL HOSPITAL,1020 FERTITTA BLVD,LEESVILLE,LA,South,71446,VERNON,Acute Care Hospitals,Proprietary,true,3,0,0,0,0,0,1,0,1,190164,BYRD REGIONAL HOSPITAL,4,215,19
190167,MERCY REGIONAL MEDICAL CENTER,800 E MAIN,VILLE PLATTE,LA,South,70586,EVANGELINE,Acute Care Hospitals,Proprietary,true,3,0,0,0,0,0,0,0,0,190167,MERCY REGIONAL MEDICAL CENTER,4,103,16
190318,ACADIAN MEDICAL CENTER,3501 HIGHWAY 190 EAST,EUNICE,LA,South,70535,ST. LANDRY,Acute Care Hospitals,Proprietary,true,2,0,0,0,0,0,0,0,0,190318,ACADIAN MEDICAL CENTER,3,122,12
201312,MAINEHEALTH WALDO HOSPITAL,118 NORTHPORT AVE,BELFAST,ME,Northeast,4915,WALDO,Critical Access Hospitals,Voluntary non-profit - Private,true,2,0,0,0,0,1,0,0,1,201312,MAINEHEALTH WALDO HOSPITAL,4,259,29
220065,BAYSTATE NOBLE HOSPITAL,115 WEST SILVER STREET,WESTFIELD,MA,Northeast,1086,HAMPDEN,Acute Care Hospitals,Voluntary non-profit - Private,true,2,0,0,1,0,0,0,1,0,220065,BAYSTATE NOBLE HOSPITAL,3,531,24
230095,MYMICHIGAN MEDICAL CENTER WEST BRANCH,2463 SOUTH M-30,WEST BRANCH,MI,Midwest,48661,OGEMAW,Acute Care Hospitals,Government - Local,true,4,0,0,0,0,0,0,0,0,230095,MYMICHIGAN MEDICAL CENTER WEST BRANCH,4,430,35
240044,WINONA HEALTH SERVICES,855 MANKATO AVENUE,WINONA,MN,Midwest,55987,WINONA,Acute Care Hospitals,Voluntary non-profit - Private,true,2,1,0,0,0,0,0,1,0,240044,WINONA HEALTH SERVICES,4,190,28
240050,FAIRVIEW LAKES HEALTH SERVICES,5200 FAIRVIEW BOULEVARD,WYOMING,MN,Midwest,55092,CHISAGO,Acute Care Hospitals,Voluntary non-profit - Private,true,3,0,0,0,0,1,0,0,1,240050,FAIRVIEW LAKES HEALTH SERVICES,3,583,26
280111,"COLUMBUS COMMUNITY HOSPITAL, INC",4600 38TH ST,COLUMBUS,NE,Midwest,68601,PLATTE,Acute Care Hospitals,Voluntary non-profit - Other,true,3,0,0,0,0,0,0,0,0,280111,"COLUMBUS COMMUNITY HOSPITAL, INC",4,294,23
300014,FRISBIE MEMORIAL HOSPITAL,11 WHITEHALL ROAD,ROCHESTER,NH,Northeast,3867,STRAFFORD,Acute Care Hospitals,Proprietary,true,2,0,0,1,0,0,0,1,0,300014,FRISBIE MEMORIAL HOSPITAL,4,156,20
330019,"NEW YORK COMMUNITY HOSPITAL OF BROOKLYN, INC.",2525 KINGS HIGHWAY,BROOKLYN,NY,Northeast,11229,KINGS,Acute Care Hospitals,Voluntary non-profit - Private,true,1,0,0,3,0,0,0,3,0,330019,"NEW YORK COMMUNITY HOSPITAL OF BROOKLYN, INC.",1,315,12
330135,BON SECOURS COMMUNITY HOSPITAL,160 EAST MAIN STREET,PORT JERVIS,NY,Northeast,12771,ORANGE,Acute Care Hospitals,Voluntary non-profit - Church,true,2,0,0,2,0,0,0,2,0,330135,BON SECOURS COMMUNITY HOSPITAL,3,238,19
33017F,VA NEW YORK HARBOR HEALTHCARE SYSTEM - NY DIV.,423 EAST 23RD STREET,NEW YORK,NY,Northeast,10010,NEW YORK,Acute Care - Veterans Administration,Veterans Health Administration,true,2,0,0,2,1,0,0,2,1,33017F,VA NEW YORK HARBOR HEALTHCARE SYSTEM - NY DIV.,3,497,26
330273,PUTNAM HOSPITAL CENTER,670 STONELEIGH AVENUE,CARMEL,NY,Northeast,10512,PUTNAM,Acute Care Hospitals,Voluntary non-profit - Private,true,3,0,0,0,1,0,0,0,1,330273,PUTNAM HOSPITAL CENTER,4,633,39
330276,NATHAN LITTAUER HOSPITAL,99 EAST STATE STREET,GLOVERSVILLE,NY,Northeast,12078,FULTON,Acute Care Hospitals,Voluntary non-profit - Private,true,2,0,0,0,0,0,1,0,1,330276,NATHAN LITTAUER HOSPITAL,3,275,18
340087,THE MCDOWELL HOSPITAL,430 RANKIN DRIVE P O BOX 730,MARION,NC,South,28752,MC DOWELL,Acute Care Hospitals,Voluntary non-profit - Private,true,3,0,0,0,0,0,1,0,1,340087,THE MCDOWELL HOSPITAL,3,257,14
340190,NOVANT HEALTH MINT HILL MEDICAL CENTER,8201 HEALTHCARE LOOP,CHARLOTTE,NC,South,28215,MECKLENBURG,Acute Care Hospitals,Voluntary non-profit - Private,true,4,0,0,0,0,1,0,0,1,340190,NOVANT HEALTH MINT HILL MEDICAL CENTER,4,356,15
341326,ANGEL MEDICAL CENTER,124 CENTER COURT PO BOX 1209,FRANKLIN,NC,South,28734,MACON,Critical Access Hospitals,Voluntary non-profit - Private,true,2,0,0,0,0,0,0,0,0,341326,ANGEL MEDICAL CENTER,4,306,23
360013,WILSON MEMORIAL HOSPITAL,915 WEST MICHIGAN STREET,SIDNEY,OH,Midwest,45365,SHELBY,Acute Care Hospitals,Voluntary non-profit - Private,true,3,0,0,0,0,0,0,0,0,360013,WILSON MEMORIAL HOSPITAL,3,276,21
360032,GRAND LAKE HEALTH SYSTEM,200 SAINT CLAIR STREET,SAINT MARYS,OH,Midwest,45885,AUGLAIZE,Acute Care Hospitals,Voluntary non-profit - Private,true,3,0,0,0,0,0,0,0,0,360032,GRAND LAKE HEALTH SYSTEM,4,230,23
360058,MERCER COUNTY JOINT TOWNSHIP COMMUNITY HOSPITAL,800 WEST MAIN STREET,COLDWATER,OH,Midwest,45828,MERCER,Acute Care Hospitals,Government - Hospital District or Authority,false,3,0,0,0,0,0,1,0,1,360058,MERCER COUNTY JOINT TOWNSHIP COMMUNITY HOSPITAL,4,359,28
360080,EAST OHIO REGIONAL HOSPITAL,90 NORTH FOURTH STREET,MARTINS FERRY,OH,Midwest,43935,BELMONT,Acute Care Hospitals,Voluntary non-profit - Other,false,2,0,0,0,0,1,0,0,1,360080,EAST OHIO REGIONAL HOSPITAL,3,136,18
360107,BELLEVUE HOSPITAL,1400 WEST MAIN STREET,BELLEVUE,OH,Midwest,44811,SANDUSKY,Acute Care Hospitals,Voluntary non-profit - Other,false,3,0,0,0,0,0,1,0,1,360107,BELLEVUE HOSPITAL,4,168,18
360131,ALLIANCE COMMUNITY HOSPITAL,200 EAST STATE STREET,ALLIANCE,OH,Midwest,44601,STARK,Acute Care Hospitals,Voluntary non-profit - Private,true,4,0,0,0,0,1,1,0,2,360131,ALLIANCE COMMUNITY HOSPITAL,3,260,27
360259,BAY PARK COMMUNITY HOSPITAL,2801 BAY PARK DRIVE,OREGON,OH,Midwest,43616,LUCAS,Acute Care Hospitals,Voluntary non-profit - Other,true,3,0,0,0,0,0,0,0,0,360259,BAY PARK COMMUNITY HOSPITAL,3,423,22
370097,SOUTHWESTERN MEDICAL CENTER,5602 SOUTHWEST LEE BOULEVARD,LAWTON,OK,South,73505,COMANCHE,Acute Care Hospitals,Proprietary,true,3,0,0,0,0,1,0,0,1,370097,SOUTHWESTERN MEDICAL CENTER,2,271,15
380037,PROVIDENCE NEWBERG MEDICAL CENTER,1001 PROVIDENCE DRIVE,NEWBERG,OR,West,97132,YAMHILL,Acute Care Hospitals,Voluntary non-profit - Church,true,3,0,0,0,0,0,0,0,0,380037,PROVIDENCE NEWBERG MEDICAL CENTER,4,458,20
380071,WILLAMETTE VALLEY MEDICAL CENTER,2700 SE STRATUS AVE.,MCMINNVILLE,OR,West,97128,YAMHILL,Acute Care Hospitals,Voluntary non-profit - Private,true,2,0,0,0,0,1,1,0,2,380071,WILLAMETTE VALLEY MEDICAL CENTER,3,327,19
381317,ADVENTIST HEALTH TILLAMOOK,1000 THIRD STREET,TILLAMOOK,OR,West,97141,TILLAMOOK,Critical Access Hospitals,Voluntary non-profit - Church,true,4,0,0,0,0,0,0,0,0,381317,ADVENTIST HEALTH TILLAMOOK,3,121,21
390062,CONEMAUGH NASON MEDICAL CENTER,105 NASON DRIVE,ROARING SPRING,PA,Northeast,16673,BLAIR,Acute Care Hospitals,Voluntary non-profit - Other,true,3,0,0,0,0,0,0,0,0,390062,CONEMAUGH NASON MEDICAL CENTER,4,641,39
390138,WELLSPAN WAYNESBORO HOSPITAL,501 EAST MAIN ST,WAYNESBORO,PA,Northeast,17268,FRANKLIN,Acute Care Hospitals,Voluntary non-profit - Private,true,4,0,0,0,0,1,0,0,1,390138,WELLSPAN WAYNESBORO HOSPITAL,4,386,24
390162,ST LUKE'S HOSPITAL - EASTON CAMPUS,250 SOUTH 21ST STREET,EASTON,PA,Northeast,18042,NORTHAMPTON,Acute Care Hospitals,Voluntary non-profit - Private,true,3,0,0,0,0,0,0,0,0,390162,ST LUKE'S HOSPITAL - EASTON CAMPUS,4,293,21
390332,GEISINGER ST. LUKE'S  HOSPITAL,100 PARAMOUNT BOULEVARD,ORWIGSBURG,PA,Northeast,17961,SCHUYLKILL,Acute Care Hospitals,Voluntary non-profit - Private,false,4,0,0,0,0,1,0,0,1,390332,GEISINGER ST. LUKE'S  HOSPITAL,5,957,29
420005,MCLEOD MEDICAL CENTER - DILLON,301 E JACKSON STREET PO BOX 1327,DILLON,SC,South,29536,DILLON,Acute Care Hospitals,Voluntary non-profit - Private,true,3,0,0,0,0,0,0,0,0,420005,MCLEOD MEDICAL CENTER - DILLON,4,209,14
420010,CAROLINA PINES REGIONAL MEDICAL CENTER,1304 W BOBO NEWSOM HWY,HARTSVILLE,SC,South,29550,DARLINGTON,Acute Care Hospitals,Proprietary,true,3,0,0,1,0,0,0,1,0,420010,CAROLINA PINES REGIONAL MEDICAL CENTER,4,333,13
420055,MUSC HEALTH MARION MEDICAL CENTER,2829 E HWY 76,MULLINS,SC,South,29574,MARION,Acute Care Hospitals,Government - State,true,3,0,0,0,0,0,0,0,0,420055,MUSC HEALTH MARION MEDICAL CENTER,4,123,16
420107,MCLEOD HEALTH CHERAW,711 CHESTERFIELD HIGHWAY,CHERAW,SC,South,29520,CHESTERFIELD,Acute Care Hospitals,Voluntary non-profit - Private,true,3,0,0,1,0,1,0,1,1,420107,MCLEOD HEALTH CHERAW,4,190,12
420109,MCLEOD HEALTH CLARENDON,10 EAST HOSPITAL STREET,MANNING,SC,South,29102,CLARENDON,Acute Care Hospitals,Voluntary non-profit - Private,true,3,0,0,0,0,0,0,0,0,420109,MCLEOD HEALTH CLARENDON,4,329,17
440061,VOLUNTEER COMMUNITY HOSPITAL,161 MOUNT PELIA RD,MARTIN,TN,South,38237,WEAKLEY,Acute Care Hospitals,Proprietary,true,2,1,0,0,0,0,0,1,0,440061,VOLUNTEER COMMUNITY HOSPITAL,4,114,15
440132,WEST TENNESSEE HEALTHCARE HENRY COUNTY HOSPITAL,301 TYSON AVENUE,PARIS,TN,South,38242,HENRY,Acute Care Hospitals,Government - Hospital District or Authority,true,3,0,0,0,0,0,1,0,1,440132,WEST TENNESSEE HEALTHCARE HENRY COUNTY HOSPITAL,4,276,29
440175,SOUTHERN TENNESSEE REGIONAL HEALTH SYSTEM LAWRENCE,1607 SOUTH LOCUST AVENUE,LAWRENCEBURG,TN,South,38464,LAWRENCE,Acute Care Hospitals,Voluntary non-profit - Other,true,3,0,0,0,0,0,0,0,0,440175,SOUTHERN TENNESSEE REGIONAL HEALTH SYSTEM LAWRENCE,3,245,17
450148,TEXAS HEALTH HARRIS METHODIST HOSPITAL CLEBURNE,201 WALLS DRIVE,CLEBURNE,TX,South,76031,JOHNSON,Acute Care Hospitals,Voluntary non-profit - Church,true,3,0,0,0,0,0,1,0,1,450148,TEXAS HEALTH HARRIS METHODIST HOSPITAL CLEBURNE,4,369,18
450395,CHI ST LUKES HEALTH MEMORIAL LIVINGSTON,1717 HWY 59 BYPASS,LIVINGSTON,TX,South,77351,POLK,Acute Care Hospitals,Voluntary non-profit - Private,true,4,0,0,0,0,0,0,0,0,450395,CHI ST LUKES HEALTH MEMORIAL LIVINGSTON,3,135,13
450465,MATAGORDA REGIONAL MEDICAL CENTER,104 7TH STREET,BAY CITY,TX,South,77414,MATAGORDA,Acute Care Hospitals,Government - Hospital District or Authority,true,4,0,0,0,0,0,0,0,0,450465,MATAGORDA REGIONAL MEDICAL CENTER,4,129,10
450565,PALO PINTO GENERAL HOSPITAL,400 SOUTHWEST 25 AVE,MINERAL WELLS,TX,South,76067,PALO PINTO,Acute Care Hospitals,Government - Hospital District or Authority,true,3,0,0,0,0,0,0,0,0,450565,PALO PINTO GENERAL HOSPITAL,4,137,13
490033,WARREN MEMORIAL HOSPITAL,351 VALLEY HEALTH WAY,FRONT ROYAL,VA,South,22630,WARREN,Acute Care Hospitals,Voluntary non-profit - Private,true,3,0,0,0,0,0,1,0,1,490033,WARREN MEMORIAL HOSPITAL,4,277,17
490088,CENTRA BEDFORD MEMORIAL HOSPITAL,1613 OAKWOOD STREET,BEDFORD,VA,South,24523,BEDFORD,Acute Care Hospitals,Voluntary non-profit - Private,true,4,0,0,0,0,0,0,0,0,490088,CENTRA BEDFORD MEMORIAL HOSPITAL,5,295,29
490089,CARILION FRANKLIN MEMORIAL HOSPITAL,180 FLOYD AVENUE,ROCKY MOUNT,VA,South,24151,FRANKLIN,Acute Care Hospitals,Voluntary non-profit - Private,true,4,0,0,0,0,0,0,0,0,490089,CARILION FRANKLIN MEMORIAL HOSPITAL,4,389,25
490115,TWIN COUNTY REGIONAL HOSPITAL,200 HOSPITAL DRIVE,GALAX,VA,South,24333,GALAX CITY,Acute Care Hospitals,Proprietary,true,2,1,0,1,0,1,0,2,1,490115,TWIN COUNTY REGIONAL HOSPITAL,3,195,18
490126,LEWISGALE HOSPITAL ALLEGHANY,ONE ARH LANE - PO BOX 7,LOW MOOR,VA,South,24457,ALLEGHANY,Acute Care Hospitals,Proprietary,true,3,0,0,0,0,0,2,0,2,490126,LEWISGALE HOSPITAL ALLEGHANY,4,207,22
490140,"STAFFORD HOSPITAL, LLC",101 HOSPITAL CENTER BOULEVARD,STAFFORD,VA,South,22554,STAFFORD,Acute Care Hospitals,Voluntary non-profit - Private,true,3,0,0,1,0,1,0,1,1,490140,"STAFFORD HOSPITAL, LLC",3,637,16
500154,MULTICARE COVINGTON MEDICAL CENTER,17700 SE 272ND ST,COVINGTON,WA,West,98042,KING,Acute Care Hospitals,Voluntary non-profit - Private,true,4,0,0,0,0,0,0,0,0,500154,MULTICARE COVINGTON MEDICAL CENTER,3,386,17
501331,PULLMAN REGIONAL HOSPITAL,835 S BISHOP BLVD,PULLMAN,WA,West,99163,WHITMAN,Critical Access Hospitals,Government - Hospital District or Authority,true,3,0,0,0,0,0,2,0,2,501331,PULLMAN REGIONAL HOSPITAL,4,163,20
510012,RIVERS HEALTH,2520 VALLEY DRIVE,POINT PLEASANT,WV,South,25550,MASON,Acute Care Hospitals,Voluntary non-profit - Private,true,1,0,0,1,0,0,0,1,0,510012,RIVERS HEALTH,3,140,17
520038,AURORA MEDICAL CTR WASHINGTON COUNTY,1032 E SUMNER ST,HARTFORD,WI,Midwest,53027,WASHINGTON,Acute Care Hospitals,Voluntary non-profit - Private,true,4,0,0,0,0,0,2,0,2,520038,AURORA MEDICAL CTR WASHINGTON COUNTY,4,358,35
670128,BAYLOR SCOTT & WHITE MEDICAL CENTER PFLUGERVILLE,2600 EAST  PFLUGERVILLE  PARKWAY,PFLUGERVILLE,TX,South,78660,TRAVIS,Acute Care Hospitals,Voluntary non-profit - Private,true,4,0,0,0,0,0,0,0,0,670128,BAYLOR SCOTT & WHITE MEDICAL CENTER PFLUGERVILLE,4,151,14
120028,"NORTH HAWAII COMMUNITY HOSPITAL, INC",67 1125 MAMALAHOA HIGHWAY,KAMUELA,HI,West,96743,HAWAII,Acute Care Hospitals,Voluntary non-profit - Private,true,2,0,0,0,0,0,1,0,1,120028,"NORTH HAWAII COMMUNITY HOSPITAL, INC",3,261,17
140012,OSF SAINT KATHARINE MEDICAL CENTER,403 E 1ST ST,DIXON,IL,Midwest,61021,LEE,Acute Care Hospitals,Voluntary non-profit - Private,true,2,0,0,0,0,0,0,0,0,140012,OSF SAINT KATHARINE MEDICAL CENTER,3,288,19
140059,JERSEY COMMUNITY HOSPITAL,400 MAPLE SUMMIT ROAD,JERSEYVILLE,IL,Midwest,62052,JERSEY,Acute Care Hospitals,Government - Local,true,2,0,0,0,0,0,0,0,0,140059,JERSEY COMMUNITY HOSPITAL,4,109,33
141317,GIBSON COMMUNITY HOSPITAL,1120 N MELVIN STREET,GIBSON CITY,IL,Midwest,60936,FORD,Critical Access Hospitals,Voluntary non-profit - Private,true,4,0,0,0,0,0,1,0,1,141317,GIBSON COMMUNITY HOSPITAL,4,108,17
161367,PELLA REGIONAL HEALTH CENTER,404 JEFFERSON STREET,PELLA,IA,Midwest,50219,MARION,Critical Access Hospitals,Voluntary non-profit - Private,true,4,0,0,0,0,0,0,0,0,161367,PELLA REGIONAL HEALTH CENTER,4,245,22
200050,NORTHERN LIGHT MAINE COAST HOSPITAL,50 UNION STREET,ELLSWORTH,ME,Northeast,4605,HANCOCK,Acute Care Hospitals,Voluntary non-profit - Other,true,2,0,0,0,0,0,0,0,0,200050,NORTHERN LIGHT MAINE COAST HOSPITAL,3,359,21
240064,GRAND ITASCA CLINIC AND HOSPITAL,1601 GOLF COURSE ROAD,GRAND RAPIDS,MN,Midwest,55744,ITASCA,Acute Care Hospitals,Voluntary non-profit - Private,true,4,0,0,0,0,0,0,0,0,240064,GRAND ITASCA CLINIC AND HOSPITAL,4,309,24
240088,CENTRACARE- RICE MEMORIAL HOSPITAL,301 BECKER AVE SW,WILLMAR,MN,Midwest,56201,KANDIYOHI,Acute Care Hospitals,Government - Local,true,2,0,0,0,0,0,0,0,0,240088,CENTRACARE- RICE MEMORIAL HOSPITAL,3,351,22
271335,COMMUNITY HOSPITAL OF ANACONDA,401 W PENNSYLVANIA,ANACONDA,MT,West,59711,DEER LODGE,Critical Access Hospitals,Voluntary non-profit - Private,true,3,0,0,0,0,0,0,0,0,271335,COMMUNITY HOSPITAL OF ANACONDA,5,172,32
281364,"BEATRICE COMMUNITY HOSPITAL & HEALTH CENTER, INC","P O BOX 278, 4800 HOSPITAL PARKWAY",BEATRICE,NE,Midwest,68310,GAGE,Critical Access Hospitals,Voluntary non-profit - Private,true,3,0,0,0,0,0,0,0,0,281364,"BEATRICE COMMUNITY HOSPITAL & HEALTH CENTER, INC",4,157,25
341319,"TRANSYLVANIA REGIONAL HOSPITAL, INC",90 HOSPITAL DRIVE PO BOX 1116,BREVARD,NC,South,28712,TRANSYLVANIA,Critical Access Hospitals,Voluntary non-profit - Private,true,1,0,0,2,0,0,0,2,0,341319,"TRANSYLVANIA REGIONAL HOSPITAL, INC",3,273,21
370002,ALLIANCEHEALTH WOODWARD,900 17TH STREET,WOODWARD,OK,South,73801,WOODWARD,Acute Care Hospitals,Proprietary,true,2,0,0,1,0,0,0,1,0,370002,ALLIANCEHEALTH WOODWARD,3,135,21
381318,PROVIDENCE HOOD RIVER MEMORIAL HOSPITAL,810 12TH STREET,HOOD RIVER,OR,West,97031,HOOD RIVER,Critical Access Hospitals,Voluntary non-profit - Church,true,4,0,0,0,0,0,0,0,0,381318,PROVIDENCE HOOD RIVER MEMORIAL HOSPITAL,4,253,21
390093,CLARION HOSPITAL,ONE HOSPITAL DRIVE,CLARION,PA,Northeast,16214,CLARION,Acute Care Hospitals,Voluntary non-profit - Private,true,2,0,0,0,0,0,1,0,1,390093,CLARION HOSPITAL,3,243,29
391313,UPMC COLE,1001 EAST SECOND STREET,COUDERSPORT,PA,Northeast,16915,POTTER,Critical Access Hospitals,Voluntary non-profit - Private,true,4,0,0,0,0,0,0,0,0,391313,UPMC COLE,4,174,28
450080,TITUS REGIONAL MEDICAL CENTER,2001 N JEFFERSON,MOUNT PLEASANT,TX,South,75455,TITUS,Acute Care Hospitals,Government - Hospital District or Authority,true,3,0,0,1,0,1,1,1,2,450080,TITUS REGIONAL MEDICAL CENTER,4,265,18
450090,NORTH TEXAS MEDICAL CENTER,1900 HOSPITAL BLVD,GAINESVILLE,TX,South,76240,COOKE,Acute Care Hospitals,Voluntary non-profit - Private,true,4,0,0,0,0,1,1,0,2,450090,NORTH TEXAS MEDICAL CENTER,4,345,30
450690,THE UNIVERSITY OF TEXAS HEALTH SCIENCE CENTER AT TYLER,11937 US HIGHWAY 271,TYLER,TX,South,75708,SMITH,Acute Care Hospitals,Government - State,true,3,0,0,1,0,0,0,1,0,450690,THE UNIVERSITY OF TEXAS HEALTH SCIENCE CENTER AT TYLER,5,120,15
471307,PORTER HOSPITAL INC,115 PORTER DRIVE,MIDDLEBURY,VT,Northeast,5753,ADDISON,Critical Access Hospitals,Voluntary non-profit - Private,true,3,0,0,0,0,0,0,0,0,471307,PORTER HOSPITAL INC,3,272,21
501323,JEFFERSON HEALTHCARE,834 SHERIDAN STREET,PORT TOWNSEND,WA,West,98368,JEFFERSON,Critical Access Hospitals,Government - Hospital District or Authority,true,3,0,0,0,0,0,0,0,0,501323,JEFFERSON HEALTHCARE,5,258,29
520011,MARSHFIELD MEDICAL CENTER - RICE LAKE,1700 WEST STOUT STREET,RICE LAKE,WI,Midwest,54868,BARRON,Acute Care Hospitals,Voluntary non-profit - Private,true,2,0,0,1,0,0,0,1,0,520011,MARSHFIELD MEDICAL CENTER - RICE LAKE,4,289,30
520041,ASPIRUS DIVINE SAVIOR HOSPITAL,2817 NEW PINERY ROAD,PORTAGE,WI,Midwest,53901,COLUMBIA,Acute Care Hospitals,Voluntary non-profit - Private,true,3,0,0,0,0,0,1,0,1,520041,ASPIRUS DIVINE SAVIOR HOSPITAL,3,168,22
521357,MERCY WALWORTH HOSPITAL & MEDICAL CENTER,N2950 STATE ROAD 67,LAKE GENEVA,WI,Midwest,53147,WALWORTH,Critical Access Hospitals,Voluntary non-profit - Private,true,4,0,0,0,0,0,0,0,0,521357,MERCY WALWORTH HOSPITAL & MEDICAL CENTER,4,208,28
50407,CHINESE HOSPITAL,845 JACKSON ST,SAN FRANCISCO,CA,West,94133,SAN FRANCISCO,Acute Care Hospitals,Voluntary non-profit - Private,true,3,0,0,0,0,0,0,0,0,50407,CHINESE HOSPITAL,2,160,20
50537,SUTTER DAVIS HOSPITAL,2000 SUTTER PLACE,DAVIS,CA,West,95616,YOLO,Acute Care Hospitals,Voluntary non-profit - Private,true,4,0,0,0,0,1,0,0,1,50537,SUTTER DAVIS HOSPITAL,4,455,16
70008,JOHNSON MEMORIAL HOSPITAL,201 CHESTNUT HILL ROAD,STAFFORD SPRINGS,CT,Northeast,6076,TOLLAND,Acute Care Hospitals,Voluntary non-profit - Private,true,3,0,0,0,0,0,0,0,0,70008,JOHNSON MEMORIAL HOSPITAL,3,219,28
140052,OSF SAINT ANTHONY'S HEALTH CENTER,ST ANTHONY'S WAY,ALTON,IL,Midwest,62002,MADISON,Acute Care Hospitals,Voluntary non-profit - Church,false,3,0,0,0,0,0,1,0,1,140052,OSF SAINT ANTHONY'S HEALTH CENTER,3,337,20
150011,MARION GENERAL HOSPITAL,441 N WABASH AVE,MARION,IN,Midwest,46952,GRANT,Acute Care Hospitals,Voluntary non-profit - Private,true,2,0,0,0,0,0,1,0,1,150011,MARION GENERAL HOSPITAL,3,571,18
150061,DAVIESS COMMUNITY HOSPITAL,1314 E WALNUT ST,WASHINGTON,IN,Midwest,47501,DAVIESS,Acute Care Hospitals,Government - Local,true,3,0,0,0,0,0,1,0,1,150061,DAVIESS COMMUNITY HOSPITAL,3,192,21
150072,MEMORIAL HOSPITAL,1101 MICHIGAN AVE,LOGANSPORT,IN,Midwest,46947,CASS,Acute Care Hospitals,Government - Local,true,4,0,0,0,0,0,0,0,0,150072,MEMORIAL HOSPITAL,4,315,36
150076,SAINT JOSEPH REGIONAL MEDICAL CENTER - PLYMOUTH,1915 LAKE AVE,PLYMOUTH,IN,Midwest,46563,MARSHALL,Acute Care Hospitals,Voluntary non-profit - Church,true,3,0,0,0,0,0,2,0,2,150076,SAINT JOSEPH REGIONAL MEDICAL CENTER - PLYMOUTH,4,196,27
150097,MAJOR HOSPITAL,2451 INTELLIPLEX DR,SHELBYVILLE,IN,Midwest,46176,SHELBY,Acute Care Hospitals,Government - Local,true,3,0,0,0,0,0,0,0,0,150097,MAJOR HOSPITAL,4,336,19
151329,MARGARET MARY COMMUNITY HOSPITAL INC,321 MITCHELL AVE,BATESVILLE,IN,Midwest,47006,FRANKLIN,Critical Access Hospitals,Voluntary non-profit - Private,true,1,0,0,1,0,0,0,1,0,151329,MARGARET MARY COMMUNITY HOSPITAL INC,4,163,20
160147,GRINNELL REGIONAL MEDICAL CENTER,210 FOURTH AVENUE,GRINNELL,IA,Midwest,50112,POWESHIEK,Acute Care Hospitals,Voluntary non-profit - Private,true,4,0,0,0,0,0,0,0,0,160147,GRINNELL REGIONAL MEDICAL CENTER,4,249,21
170014,ADVENTHEALTH OTTAWA,1301 S MAIN STREET,OTTAWA,KS,Midwest,66067,FRANKLIN,Acute Care Hospitals,Government - Local,false,2,0,0,0,0,0,0,0,0,170014,ADVENTHEALTH OTTAWA,3,158,21
180049,BAPTIST HEALTH RICHMOND,801 EASTERN BYPASS,RICHMOND,KY,South,40475,MADISON,Acute Care Hospitals,Voluntary non-profit - Private,true,3,0,0,0,0,0,0,0,0,180049,BAPTIST HEALTH RICHMOND,4,507,17
200018,NORTHERN LIGHT  A R GOULD HOSPITAL,PO BOX 151,PRESQUE ISLE,ME,Northeast,4769,AROOSTOOK,Acute Care Hospitals,Voluntary non-profit - Private,true,2,0,0,0,0,1,1,0,2,200018,NORTHERN LIGHT  A R GOULD HOSPITAL,4,293,21
200020,YORK HOSPITAL,15 HOSPITAL DRIVE,YORK,ME,Northeast,3909,YORK,Acute Care Hospitals,Voluntary non-profit - Private,true,3,0,0,0,0,0,0,0,0,200020,YORK HOSPITAL,4,519,36
200063,MAINEHEALTH PEN BAY HOSPITAL,6 GLEN COVE DRIVE,ROCKPORT,ME,Northeast,4856,KNOX,Acute Care Hospitals,Voluntary non-profit - Private,true,2,0,0,2,0,0,0,2,0,200063,MAINEHEALTH PEN BAY HOSPITAL,4,389,26
230035,SPECTRUM HEALTH UNITED HOSPITAL,615 S BOWER STREET,GREENVILLE,MI,Midwest,48838,MONTCALM,Acute Care Hospitals,Voluntary non-profit - Other,false,4,0,0,0,0,0,0,0,0,230035,SPECTRUM HEALTH UNITED HOSPITAL,4,482,24
230058,MUNSON HEALTHCARE GRAYLING HOSPITAL,1100 E MICHIGAN AVE,GRAYLING,MI,Midwest,49738,CRAWFORD,Acute Care Hospitals,Voluntary non-profit - Church,true,3,0,0,0,0,0,2,0,2,230058,MUNSON HEALTHCARE GRAYLING HOSPITAL,4,416,26
230069,TRINITY HEALTH LIVINGSTON HOSPITAL,620 BYRON RD,HOWELL,MI,Midwest,48843,LIVINGSTON,Acute Care Hospitals,Voluntary non-profit - Other,true,4,0,0,0,0,0,0,0,0,230069,TRINITY HEALTH LIVINGSTON HOSPITAL,4,586,28
230110,COREWELL HEALTH LUDINGTON HOSPITAL,ONE N ATKINSON DRIVE,LUDINGTON,MI,Midwest,49431,MASON,Acute Care Hospitals,Voluntary non-profit - Private,true,4,0,0,0,0,0,0,0,0,230110,COREWELL HEALTH LUDINGTON HOSPITAL,4,403,28
240022,SANFORD WORTHINGTON MEDICAL CENTER,1018 SIXTH AVENUE PO BOX 997,WORTHINGTON,MN,Midwest,56187,NOBLES,Acute Care Hospitals,Voluntary non-profit - Private,true,3,0,0,0,0,0,1,0,1,240022,SANFORD WORTHINGTON MEDICAL CENTER,4,179,23
240101,ESSENTIA HEALTH ST MARYS - DETROIT LAKES,1027 WASHINGTON AVE,DETROIT LAKES,MN,Midwest,56501,BECKER,Acute Care Hospitals,Voluntary non-profit - Church,false,4,0,0,0,0,1,1,0,2,240101,ESSENTIA HEALTH ST MARYS - DETROIT LAKES,4,413,26
240166,MAYO CLINIC HEALTH SYSTEM - FAIRMONT,800 MEDICAL CENTER DRIVE,FAIRMONT,MN,Midwest,56031,MARTIN,Acute Care Hospitals,Voluntary non-profit - Private,true,4,0,0,0,0,0,0,0,0,240166,MAYO CLINIC HEALTH SYSTEM - FAIRMONT,5,194,32
250006,BAPTIST MEMORIAL HOSPITAL UNION COUNTY,200 HWY 30 WEST,NEW ALBANY,MS,South,38652,UNION,Acute Care Hospitals,Voluntary non-profit - Other,true,3,0,0,1,0,0,0,1,0,250006,BAPTIST MEMORIAL HOSPITAL UNION COUNTY,4,324,13
301302,LITTLETON REGIONAL HEALTHCARE,600 ST JOHNSBURY ROAD,LITTLETON,NH,Northeast,3561,GRAFTON,Critical Access Hospitals,Voluntary non-profit - Private,true,2,0,1,0,0,0,0,1,0,301302,LITTLETON REGIONAL HEALTHCARE,5,209,22
330096,JONES MEMORIAL HOSPITAL,191 NORTH MAIN STREET,WELLSVILLE,NY,Northeast,14895,ALLEGANY,Acute Care Hospitals,Voluntary non-profit - Private,true,4,0,0,0,0,0,1,0,1,330096,JONES MEMORIAL HOSPITAL,3,297,26
341318,VIDANT CHOWAN HOSPITAL,211 VIRGINIA RD,EDENTON,NC,South,27932,CHOWAN,Critical Access Hospitals,Government - Local,true,2,0,0,0,0,0,0,0,0,341318,VIDANT CHOWAN HOSPITAL,4,213,17
341328,ERLANGER MURPHY MEDICAL CENTER,3990 EAST US HIGHWAY 64 ALT,MURPHY,NC,South,28906,CHEROKEE,Critical Access Hospitals,Voluntary non-profit - Private,true,1,0,1,0,0,0,1,1,1,341328,ERLANGER MURPHY MEDICAL CENTER,4,162,27
360002,UNIVERSITY HOSPITALS SAMARITAN MEDICAL CENTER,1025 CENTER ST,ASHLAND,OH,Midwest,44805,ASHLAND,Acute Care Hospitals,Voluntary non-profit - Other,false,3,0,0,0,0,0,1,0,1,360002,UNIVERSITY HOSPITALS SAMARITAN MEDICAL CENTER,4,363,28
360014,OHIOHEALTH O'BLENESS HOSPITAL,55 HOSPITAL DRIVE,ATHENS,OH,Midwest,45701,ATHENS,Acute Care Hospitals,Voluntary non-profit - Other,true,4,0,0,0,0,1,1,0,2,360014,OHIOHEALTH O'BLENESS HOSPITAL,4,442,20
360156,MEMORIAL HOSPITAL,715 SOUTH TAFT AVENUE,FREMONT,OH,Midwest,43420,SANDUSKY,Acute Care Hospitals,Voluntary non-profit - Other,false,3,0,0,0,0,0,2,0,2,360156,MEMORIAL HOSPITAL,3,234,21
360175,CLINTON MEMORIAL HOSPITAL,610 WEST MAIN STREET,WILMINGTON,OH,Midwest,45177,CLINTON,Acute Care Hospitals,Government - Local,false,2,0,0,0,0,0,0,0,0,360175,CLINTON MEMORIAL HOSPITAL,3,152,18
370113,INTEGRIS GROVE HOSPITAL,1001 EAST 18TH STREET,GROVE,OK,South,74344,DELAWARE,Acute Care Hospitals,Voluntary non-profit - Private,true,3,0,0,0,0,0,0,0,0,370113,INTEGRIS GROVE HOSPITAL,4,196,18
380001,MID-COLUMBIA MEDICAL CENTER,1700 E 19TH STREET,THE DALLES,OR,West,97058,WASCO,Acute Care Hospitals,Voluntary non-profit - Other,true,3,0,0,0,0,0,1,0,1,380001,MID-COLUMBIA MEDICAL CENTER,3,290,24
380052,SAINT ALPHONSUS MEDICAL CENTER ONTARIO,351 SW 9TH STREET,ONTARIO,OR,West,97914,MALHEUR,Acute Care Hospitals,Voluntary non-profit - Church,true,3,0,0,0,0,0,0,0,0,380052,SAINT ALPHONSUS MEDICAL CENTER ONTARIO,4,209,21
381319,ST ANTHONY HOSPITAL,2801 ST ANTHONY WAY,PENDLETON,OR,West,97801,UMATILLA,Critical Access Hospitals,Voluntary non-profit - Church,true,3,1,0,1,0,0,0,2,0,381319,ST ANTHONY HOSPITAL,4,134,13
381323,SAMARITAN LEBANON COMMUNITY HOSPITAL,525 N SANTIAM HIGHWAY,LEBANON,OR,West,97355,LINN,Critical Access Hospitals,Voluntary non-profit - Church,true,1,0,0,1,0,0,0,1,0,381323,SAMARITAN LEBANON COMMUNITY HOSPITAL,4,233,20
390003,GEISINGER-BLOOMSBURG HOSPITAL,549 EAST FAIR STREET,BLOOMSBURG,PA,Northeast,17815,COLUMBIA,Acute Care Hospitals,Voluntary non-profit - Private,true,4,0,0,0,0,1,1,0,2,390003,GEISINGER-BLOOMSBURG HOSPITAL,4,509,27
390183,ST LUKE'S MINERS MEMORIAL HOSPITAL,360 W RUDDLE STREET,COALDALE,PA,Northeast,18218,SCHUYLKILL,Acute Care Hospitals,Voluntary non-profit - Private,true,4,0,0,0,1,0,0,0,1,390183,ST LUKE'S MINERS MEMORIAL HOSPITAL,4,447,24
430097,SANFORD MEDICAL CENTER ABERDEEN,2905 3RD AVE SE,ABERDEEN,SD,Midwest,57402,BROWN,Acute Care Hospitals,Voluntary non-profit - Private,true,4,0,0,0,0,0,0,0,0,430097,SANFORD MEDICAL CENTER ABERDEEN,3,209,23
490013,SENTARA HALIFAX REGIONAL HOSPITAL,2204 WILBORN AVENUE,SOUTH BOSTON,VA,South,24592,HALIFAX,Acute Care Hospitals,Voluntary non-profit - Private,true,3,0,0,0,0,1,0,0,1,490013,SENTARA HALIFAX REGIONAL HOSPITAL,4,490,24
490037,RIVERSIDE SHORE MEMORIAL HOSPITAL,20480 MARKET STREET,ONANCOCK,VA,South,23417,ACCOMACK,Acute Care Hospitals,Voluntary non-profit - Private,true,3,0,0,0,0,1,0,0,1,490037,RIVERSIDE SHORE MEMORIAL HOSPITAL,4,217,17
490116,LEWISGALE HOSPITAL PULASKI,2400 LEE HIGHWAY,PULASKI,VA,South,24301,PULASKI,Acute Care Hospitals,Proprietary,true,3,0,0,0,0,0,0,0,0,490116,LEWISGALE HOSPITAL PULASKI,5,138,16
520002,"ASPIRUS STEVENS POINT HOSPITAL & CLINICS, INC.",900 ILLINOIS AVE,STEVENS POINT,WI,Midwest,54481,PORTAGE,Acute Care Hospitals,Voluntary non-profit - Church,true,3,0,0,0,0,0,0,0,0,520002,"ASPIRUS STEVENS POINT HOSPITAL & CLINICS, INC.",4,352,20
520019,ASPIRUS RHINELANDER HOSPITAL,2251 NORTH SHORE DR,RHINELANDER,WI,Midwest,54501,ONEIDA,Acute Care Hospitals,Voluntary non-profit - Private,true,3,0,0,0,0,1,0,0,1,520019,ASPIRUS RHINELANDER HOSPITAL,4,228,17
520057,SSM HEALTH ST CLARE HOSPITAL - BARABOO,707 14TH ST,BARABOO,WI,Midwest,53913,SAUK,Acute Care Hospitals,Voluntary non-profit - Private,true,4,0,0,0,0,0,0,0,0,520057,SSM HEALTH ST CLARE HOSPITAL - BARABOO,4,301,29
520113,AURORA MEDICAL CENTER BAY AREA,3003 UNIVERSITY DR,MARINETTE,WI,Midwest,54143,MARINETTE,Acute Care Hospitals,Voluntary non-profit - Private,true,3,0,0,1,0,0,0,1,0,520113,AURORA MEDICAL CENTER BAY AREA,4,524,27
521359,TAMARACK HEALTH ASHLAND MEDICAL CENTER,1615 MAPLE LANE,ASHLAND,WI,Midwest,54806,ASHLAND,Critical Access Hospitals,Voluntary non-profit - Private,true,3,0,0,1,0,0,0,1,0,521359,TAMARACK HEALTH ASHLAND MEDICAL CENTER,5,258,24
530002,CAMPBELL COUNTY HEALTH,501 SOUTH BURMA AVENUE,GILLETTE,WY,West,82716,CAMPBELL,Acute Care Hospitals,Government - Hospital District or Authority,true,2,0,0,0,0,0,0,0,0,530002,CAMPBELL COUNTY HEALTH,4,387,21
530015,ST JOHNS MEDICAL CENTER,po box 428,JACKSON,WY,West,83001,TETON,Acute Care Hospitals,Government - Hospital District or Authority,true,4,0,0,0,0,0,1,0,1,530015,ST JOHNS MEDICAL CENTER,4,340,24
530025,IVINSON MEMORIAL HOSPITAL,255 N 30TH,LARAMIE,WY,West,82072,ALBANY,Acute Care Hospitals,Government - Hospital District or Authority,true,2,0,0,0,0,0,0,0,0,530025,IVINSON MEMORIAL HOSPITAL,4,279,22
60006,MONTROSE REGIONAL HEALTH,800 S 3RD ST,MONTROSE,CO,West,81401,MONTROSE,Acute Care Hospitals,Voluntary non-profit - Private,true,3,0,0,0,0,0,1,0,1,60006,MONTROSE REGIONAL HEALTH,4,342,23
150104,WITHAM HEALTH SERVICES,2605 N LEBANON ST,LEBANON,IN,Midwest,46052,BOONE,Acute Care Hospitals,Government - Local,true,3,0,0,0,0,0,0,0,0,150104,WITHAM HEALTH SERVICES,3,347,22
250168,UNIVERSITY OF MISSISSIPPI MEDICAL CENTER- GRENADA,960 AVENT DRIVE,GRENADA,MS,South,38901,GRENADA,Acute Care Hospitals,Government - State,true,2,1,0,0,0,0,0,1,0,250168,UNIVERSITY OF MISSISSIPPI MEDICAL CENTER- GRENADA,4,157,12
260142,FITZGIBBON HOSPITAL,2305 S 65 HIGHWAY,MARSHALL,MO,Midwest,65340,SALINE,Acute Care Hospitals,Voluntary non-profit - Private,true,3,0,0,0,0,0,0,0,0,260142,FITZGIBBON HOSPITAL,3,284,30
261311,MERCY HOSPITAL PERRY,434 NORTH WEST STREET,PERRYVILLE,MO,Midwest,63775,PERRY,Critical Access Hospitals,Voluntary non-profit - Private,true,3,1,0,0,0,0,0,1,0,261311,MERCY HOSPITAL PERRY,4,201,21
300017,PARKLAND MEDICAL CENTER,1 PARKLAND DRIVE,DERRY,NH,Northeast,3038,ROCKINGHAM,Acute Care Hospitals,Proprietary,true,4,0,0,0,1,1,0,0,2,300017,PARKLAND MEDICAL CENTER,3,550,25
301309,MONADNOCK COMMUNITY HOSPITAL,452 OLD STREET ROAD,PETERBOROUGH,NH,Northeast,3458,HILLSBOROUGH,Critical Access Hospitals,Voluntary non-profit - Private,true,2,0,0,0,0,0,0,0,0,301309,MONADNOCK COMMUNITY HOSPITAL,4,201,24
360089,MERCY HEALTH - TIFFIN HOSPITAL,45 ST LAWRENCE DRIVE,TIFFIN,OH,Midwest,44883,SENECA,Acute Care Hospitals,Voluntary non-profit - Church,true,4,0,0,0,0,0,1,0,1,360089,MERCY HEALTH - TIFFIN HOSPITAL,4,541,24
391316,UPMC WELLSBORO,32-36 CENTRAL AVENUE,WELLSBORO,PA,Northeast,16901,TIOGA,Critical Access Hospitals,Voluntary non-profit - Private,true,3,0,0,0,0,0,0,0,0,391316,UPMC WELLSBORO,4,269,30
420020,TIDELANDS GEORGETOWN MEMORIAL HOSPITAL,606 BLACK RIVER RD DRAWER 1718,GEORGETOWN,SC,South,29440,GEORGETOWN,Acute Care Hospitals,Voluntary non-profit - Private,true,2,0,0,0,0,1,0,0,1,420020,TIDELANDS GEORGETOWN MEMORIAL HOSPITAL,2,482,18
451387,UVALDE MEMORIAL HOSPITAL,1025 GARNER FIELD ROAD,UVALDE,TX,South,78801,UVALDE,Critical Access Hospitals,Government - Hospital District or Authority,true,3,0,0,1,0,0,0,1,0,451387,UVALDE MEMORIAL HOSPITAL,4,180,15
471305,COPLEY HOSPITAL,528 WASHINGTON HIGHWAY,MORRISVILLE,VT,Northeast,5661,LAMOILLE,Critical Access Hospitals,Voluntary non-profit - Private,true,3,0,0,1,0,0,0,1,0,471305,COPLEY HOSPITAL,5,192,21
60075,VALLEY VIEW HOSPITAL ASSOCIATION,1906 BLAKE AVE,GLENWOOD SPRINGS,CO,West,81601,GARFIELD,Acute Care Hospitals,Voluntary non-profit - Private,true,5,0,0,0,0,0,1,0,1,60075,VALLEY VIEW HOSPITAL ASSOCIATION,4,408,20
160029,UNIVERSITY OF IOWA HEALTH CARE MEDICAL CENTER DOWN,500 E MARKET STREET,IOWA CITY,IA,Midwest,52245,JOHNSON,Acute Care Hospitals,Voluntary non-profit - Church,true,3,0,0,0,0,0,0,0,0,160029,UNIVERSITY OF IOWA HEALTH CARE MEDICAL CENTER DOWN,3,415,29
270086,GREAT FALLS CLINIC HOSPITAL,3010 15TH AVENUE SOUTH,GREAT FALLS,MT,West,59405,CASCADE,Acute Care Hospitals,Proprietary,true,3,0,0,0,0,0,1,0,1,270086,GREAT FALLS CLINIC HOSPITAL,4,301,39
280065,GREAT PLAINS HEALTH,601 WEST LEOTA ST,NORTH PLATTE,NE,Midwest,69101,LINCOLN,Acute Care Hospitals,Voluntary non-profit - Private,true,3,2,0,0,0,0,0,2,0,280065,GREAT PLAINS HEALTH,3,587,24
500053,TRIOS HEALTH,3780 PLAZA WAY,KENNEWICK,WA,West,99338,BENTON,Acute Care Hospitals,Government - Hospital District or Authority,true,1,2,0,0,0,0,0,2,0,500053,TRIOS HEALTH,3,561,14
530006,SHERIDAN MEMORIAL HOSPITAL,1401 W 5TH ST,SHERIDAN,WY,West,82801,SHERIDAN,Acute Care Hospitals,Government - Local,true,3,0,0,1,0,0,0,1,0,530006,SHERIDAN MEMORIAL HOSPITAL,4,364,28
50158,ENCINO HOSPITAL MEDICAL CENTER,16237 VENTURA BLVD,ENCINO,CA,West,91436,LOS ANGELES,Acute Care Hospitals,Proprietary,false,2,0,0,0,1,1,0,0,2,50158,ENCINO HOSPITAL MEDICAL CENTER,1,164,19
50771,COAST PLAZA HOSPITAL,13100 STUDERBAKER ROAD,NORWALK,CA,West,90650,LOS ANGELES,Acute Care Hospitals,Proprietary,true,1,0,0,1,0,0,0,1,0,50771,COAST PLAZA HOSPITAL,1,103,9
60129,UCHEALTH BROOMFIELD HOSPITAL,11820 DESTINATION DR,BROOMFIELD,CO,West,80021,JEFFERSON,Acute Care Hospitals,Proprietary,true,5,,0,0,,0,0,,,60129,UCHEALTH BROOMFIELD HOSPITAL,3,109,22
220088,NEW ENGLAND BAPTIST HOSPITAL,125 PARKER HILL AVENUE,BOSTON,MA,Northeast,2120,SUFFOLK,Acute Care Hospitals,Voluntary non-profit - Private,false,5,0,0,1,0,1,2,1,3,220088,NEW ENGLAND BAPTIST HOSPITAL,4,1064,49
320061,GALLUP INDIAN MEDICAL CENTER,516 E NIZHONI BLVD,GALLUP,NM,West,87301,MCKINLEY,Acute Care Hospitals,Government - Federal,true,2,0,0,0,0,0,0,0,0,320061,GALLUP INDIAN MEDICAL CENTER,2,125,8
360351,CRYSTAL CLINIC ORTHOPAEDIC CENTER,444 NORTH MAIN STREET,AKRON,OH,Midwest,44310,SUMMIT,Acute Care Hospitals,Proprietary,false,5,,0,0,,1,0,,,360351,CRYSTAL CLINIC ORTHOPAEDIC CENTER,5,636,55
390338,LEHIGH VALLEY HOSPITAL - DICKSON CITY,330 MAIN STREET,DICKSON CITY,PA,Northeast,18519,LACKAWANNA,Acute Care Hospitals,Voluntary non-profit - Private,true,4,0,0,0,0,0,0,0,0,390338,LEHIGH VALLEY HOSPITAL - DICKSON CITY,4,619,35
450828,CHRISTUS SPOHN HOSPITAL ALICE,2500 E MAIN STREET,ALICE,TX,South,78332,JIM WELLS,Acute Care Hospitals,Voluntary non-profit - Private,true,5,0,0,0,0,0,1,0,1,450828,CHRISTUS SPOHN HOSPITAL ALICE,3,161,10
450864,BAYLOR SCOTT & WHITE TEXAS SPINE & JOINT HOSPITAL,1814 ROSELAND BOULEVARD,TYLER,TX,South,75701,SMITH,Acute Care Hospitals,Physician,true,5,,0,1,,0,1,,,450864,BAYLOR SCOTT & WHITE TEXAS SPINE & JOINT HOSPITAL,4,395,41
670054,FOUNDATION SURGICAL HOSPITAL OF SAN ANTONIO,9522 HUEBNER ROAD,SAN ANTONIO,TX,South,78240,BEXAR,Acute Care Hospitals,Proprietary,true,3,,0,1,,0,0,,,670054,FOUNDATION SURGICAL HOSPITAL OF SAN ANTONIO,5,105,19
670073,METHODIST HOSPITAL FOR SURGERY,17101 DALLAS PARKWAY,ADDISON,TX,South,75001,DALLAS,Acute Care Hospitals,Proprietary,true,4,,0,0,,0,0,,,670073,METHODIST HOSPITAL FOR SURGERY,4,371,26
50054,SAN GORGONIO MEMORIAL HOSPITAL,600 NORTH HIGHLAND SPRINGS AVENUE,BANNING,CA,West,92220,RIVERSIDE,Acute Care Hospitals,Government - Hospital District or Authority,true,5,0,0,0,0,1,2,0,3,50054,SAN GORGONIO MEMORIAL HOSPITAL,3,230,15
50298,BARSTOW COMMUNITY HOSPITAL,820 E MOUNTAIN VIEW STREET,BARSTOW,CA,West,92311,SAN BERNARDINO,Acute Care Hospitals,Proprietary,true,1,1,1,0,0,0,0,2,0,50298,BARSTOW COMMUNITY HOSPITAL,3,230,17
05030F,VA N CALIFORNIA HEALTHCARE SYSTEM,10535 HOSPITAL WAY,MATHER,CA,West,95655,SACRAMENTO,Acute Care - Veterans Administration,Veterans Health Administration,true,4,0,0,0,2,0,0,0,2,05030F,VA N CALIFORNIA HEALTHCARE SYSTEM,3,507,27
50580,LA PALMA INTERCOMMUNITY HOSPITAL,7901 WALKER STREET,LA PALMA,CA,West,90623,ORANGE,Acute Care Hospitals,Proprietary,false,3,0,0,0,1,0,0,0,1,50580,LA PALMA INTERCOMMUNITY HOSPITAL,2,360,18
50758,MONTCLAIR HOSPITAL MEDICAL CENTER,5000 SAN BERNARDINO ROAD,MONTCLAIR,CA,West,91763,SAN BERNARDINO,Acute Care Hospitals,Voluntary non-profit - Private,true,3,0,0,0,1,1,0,0,2,50758,MONTCLAIR HOSPITAL MEDICAL CENTER,2,367,30
31001F,VA NEW JERSEY HEALTH CARE SYSTEM,385 TREMONT AVENUE,EAST ORANGE,NJ,Northeast,7018,ESSEX,Acute Care - Veterans Administration,Veterans Health Administration,true,3,0,0,1,1,0,0,1,1,31001F,VA NEW JERSEY HEALTH CARE SYSTEM,3,505,24
340148,NOVANT HEALTH MEDICAL PARK HOSPITAL,1950 S HAWTHORNE RD,WINSTON-SALEM,NC,South,27103,FORSYTH,Acute Care Hospitals,Voluntary non-profit - Other,false,4,,0,0,,0,0,,,340148,NOVANT HEALTH MEDICAL PARK HOSPITAL,5,160,36
37012F,MUSKOGEE VA MEDICAL CENTER,1011 HONOR HEIGHTS DRIVE,MUSKOGEE,OK,South,74401,MUSKOGEE,Acute Care - Veterans Administration,Veterans Health Administration,true,5,0,1,0,1,0,2,1,3,37012F,MUSKOGEE VA MEDICAL CENTER,4,443,33
370171,CHEROKEE NATION W W HASTINGS INDIAN HOSPITAL,100 S BLISS AVENUE,TAHLEQUAH,OK,South,74464,CHEROKEE,Acute Care Hospitals,Voluntary non-profit - Other,true,3,0,0,0,0,1,0,0,1,370171,CHEROKEE NATION W W HASTINGS INDIAN HOSPITAL,3,448,17
370180,CHICKASAW NATION MEDICAL CENTER,1921 STONECIPHER BLVD,ADA,OK,South,74820,PONTOTOC,Acute Care Hospitals,Voluntary non-profit - Other,true,5,0,0,0,0,0,0,0,0,370180,CHICKASAW NATION MEDICAL CENTER,4,267,13
390116,SUBURBAN COMMUNITY HOSPITAL,2701 DEKALB PIKE,NORRISTOWN,PA,Northeast,19401,MONTGOMERY,Acute Care Hospitals,Voluntary non-profit - Private,true,3,0,0,0,0,0,1,0,1,390116,SUBURBAN COMMUNITY HOSPITAL,3,201,20
420102,PRISMA HEALTH  PATEWOOD HOSPITAL,175 PATEWOOD DRIVE,GREENVILLE,SC,South,29615,GREENVILLE,Acute Care Hospitals,Voluntary non-profit - Private,false,4,,0,0,,0,1,,,420102,PRISMA HEALTH  PATEWOOD HOSPITAL,3,378,10
440153,TENNOVA HEALTHCARE - NEWPORT MEDICAL CENTER,435 2ND ST,NEWPORT,TN,South,37821,COCKE,Acute Care Hospitals,Proprietary,true,2,0,0,0,0,0,0,0,0,440153,TENNOVA HEALTHCARE - NEWPORT MEDICAL CENTER,4,235,13
670300,METHODIST MIDLOTHIAN MEDICAL CENTER,1201 E HIGHWAY 287,MIDLOTHIAN,TX,South,76065,ELLIS,Acute Care Hospitals,Voluntary non-profit - Private,true,4,0,0,0,0,1,0,0,1,670300,METHODIST MIDLOTHIAN MEDICAL CENTER,4,321,19
10108,PRATTVILLE BAPTIST HOSPITAL,124 S MEMORIAL DR,PRATTVILLE,AL,South,36067,AUTAUGA,Acute Care Hospitals,Government - Hospital District or Authority,true,3,0,0,0,0,0,0,0,0,10108,PRATTVILLE BAPTIST HOSPITAL,4,362,24
10118,VAUGHAN REGIONAL MEDICAL CENTER PARKWAY CAMPUS,1015 MEDICAL CENTER PARKWAY,SELMA,AL,South,36701,DALLAS,Acute Care Hospitals,Proprietary,true,2,0,0,1,0,1,0,1,1,10118,VAUGHAN REGIONAL MEDICAL CENTER PARKWAY CAMPUS,2,234,10
30138,CITY OF HOPE CANCER CENTER PHOENIX,14200 WEST CELEBRATE LIFE WAY,GOODYEAR,AZ,West,85338,MARICOPA,Acute Care Hospitals,Proprietary,false,5,,0,0,,0,1,,,30138,CITY OF HOPE CANCER CENTER PHOENIX,5,191,29
40001,SILOAM SPRINGS REGIONAL HOSPITAL,603 NORTH PROGRESS AVENUE,SILOAM SPRINGS,AR,South,72761,BENTON,Acute Care Hospitals,Proprietary,true,3,0,0,0,0,0,0,0,0,40001,SILOAM SPRINGS REGIONAL HOSPITAL,4,235,19
04010F,VA CENTRAL AR. VETERANS HEALTHCARE SYSTEM LR,4300 WEST SEVENTH STREET,LITTLE ROCK,AR,South,72205,PULASKI,Acute Care - Veterans Administration,Veterans Health Administration,true,3,0,0,2,1,0,0,2,1,04010F,VA CENTRAL AR. VETERANS HEALTHCARE SYSTEM LR,4,502,31
50352,BARTON MEMORIAL HOSPITAL,2170 SOUTH AVENUE,SOUTH LAKE TAHOE,CA,West,96150,EL DORADO,Acute Care Hospitals,Voluntary non-profit - Private,true,4,0,0,0,0,0,1,0,1,50352,BARTON MEMORIAL HOSPITAL,4,310,24
50357,GOLETA VALLEY COTTAGE HOSPITAL,351 S PATTERSON AVE,SANTA BARBARA,CA,West,93111,SANTA BARBARA,Acute Care Hospitals,Voluntary non-profit - Other,true,5,0,0,1,0,0,1,1,1,50357,GOLETA VALLEY COTTAGE HOSPITAL,4,224,30
50589,UCI HEALTH - PLACENTIA LINDA,1301 N ROSE DRIVE,PLACENTIA,CA,West,92870,ORANGE,Acute Care Hospitals,Proprietary,false,2,0,0,1,0,0,0,1,0,50589,UCI HEALTH - PLACENTIA LINDA,2,427,18
07003F,WEST HAVEN VA MEDICAL CENTER,950 CAMPBELL AVENUE,WEST HAVEN,CT,Northeast,6516,NEW HAVEN,Acute Care - Veterans Administration,Veterans Health Administration,true,3,0,1,1,1,0,1,2,2,07003F,WEST HAVEN VA MEDICAL CENTER,4,467,35
131328,BONNER GENERAL HOSPITAL,520 NORTH THIRD AVENUE,SANDPOINT,ID,West,83864,BONNER,Critical Access Hospitals,Voluntary non-profit - Private,true,1,0,0,0,0,0,1,0,1,131328,BONNER GENERAL HOSPITAL,4,231,33
140013,CARLE HEALTH PROCTOR HOSPITAL,5409 N KNOXVILLE AVE,PEORIA,IL,Midwest,61354,LA SALLE,Acute Care Hospitals,Voluntary non-profit - Private,true,3,0,0,0,0,0,1,0,1,140013,CARLE HEALTH PROCTOR HOSPITAL,2,440,25
140100,"MIDWESTERN REGION MED CENTER, INC",2520 ELISHA AVENUE,ZION,IL,Midwest,60099,LAKE,Acute Care Hospitals,Proprietary,true,4,,0,0,,0,0,,,140100,"MIDWESTERN REGION MED CENTER, INC",5,135,23
170186,KANSAS HEART HOSPITAL,3601 NORTH WEBB ROAD,WICHITA,KS,Midwest,67226,SEDGWICK,Acute Care Hospitals,Proprietary,false,5,0,0,0,0,0,0,0,0,170186,KANSAS HEART HOSPITAL,5,502,45
180002,WHITESBURG ARH HOSPITAL,240 HOSPITAL ROAD,WHITESBURG,KY,South,41858,LETCHER,Acute Care Hospitals,Voluntary non-profit - Other,true,3,0,0,0,0,0,0,0,0,180002,WHITESBURG ARH HOSPITAL,3,147,15
180004,OWENSBORO HEALTH MUHLENBERG COMMUNITY HOSPITAL,440 HOPKINSVILLE STREET,GREENVILLE,KY,South,42345,MUHLENBERG,Acute Care Hospitals,Voluntary non-profit - Private,true,4,0,0,0,0,0,0,0,0,180004,OWENSBORO HEALTH MUHLENBERG COMMUNITY HOSPITAL,5,173,25
180050,HARLAN ARH HOSPITAL,81 BALL PARK ROAD,HARLAN,KY,South,40831,HARLAN,Acute Care Hospitals,Voluntary non-profit - Other,true,2,0,0,0,0,0,0,0,0,180050,HARLAN ARH HOSPITAL,3,140,14
180069,TUG VALLEY ARH REGIONAL MEDICAL CENTER,260 HOSPITAL DRIVE,SOUTH WILLIAMSON,KY,South,41503,PIKE,Acute Care Hospitals,Proprietary,true,3,0,0,2,0,1,0,2,1,180069,TUG VALLEY ARH REGIONAL MEDICAL CENTER,3,119,12
19047F,SOUTHEAST LOUISIANA VETERANS HEALTH CARE SYSTEM,2400 CANAL STREET,NEW ORLEANS,LA,South,70119,ORLEANS,Acute Care - Veterans Administration,Veterans Health Administration,true,4,0,0,2,2,0,0,2,2,19047F,SOUTHEAST LOUISIANA VETERANS HEALTH CARE SYSTEM,4,477,26
25043F,G. V. (SONNY) MONTGOMERY VA MEDICAL CENTER (JACKSON),1500 E. WOODROW WILSON DRIVE,JACKSON,MS,South,39216,HINDS,Acute Care - Veterans Administration,Veterans Health Administration,true,4,0,0,0,0,0,1,0,1,25043F,G. V. (SONNY) MONTGOMERY VA MEDICAL CENTER (JACKSON),4,425,28
26009F,ST LOUIS-JOHN COCHRAN VA MEDICAL CENTER,915 NORTH GRAND,ST. LOUIS,MO,Midwest,63106,ST. LOUIS,Acute Care - Veterans Administration,Veterans Health Administration,true,5,0,0,0,3,0,2,0,5,26009F,ST LOUIS-JOHN COCHRAN VA MEDICAL CENTER,3,519,30
260102,UNIVERSITY HEALTH LAKEWOOD MEDICAL CENTER,7900 LEE'S SUMMIT RD,KANSAS CITY,MO,Midwest,64139,JACKSON,Acute Care Hospitals,Voluntary non-profit - Private,true,2,,0,0,,1,0,,,260102,UNIVERSITY HEALTH LAKEWOOD MEDICAL CENTER,3,418,15
310040,CAREPOINT HEALTH-HOBOKEN UNIVERSITY MEDICAL CENTER,308 WILLOW AVE,HOBOKEN,NJ,Northeast,7030,HUDSON,Acute Care Hospitals,Voluntary non-profit - Church,false,1,0,0,2,0,0,0,2,0,310040,CAREPOINT HEALTH-HOBOKEN UNIVERSITY MEDICAL CENTER,2,199,8
320090,PRESBYTERIAN SANTA FE MEDICAL CENTER,4801 BECKNER ROAD,SANTA FE,NM,West,87507,SANTA FE,Acute Care Hospitals,Voluntary non-profit - Private,true,3,0,0,0,0,0,0,0,0,320090,PRESBYTERIAN SANTA FE MEDICAL CENTER,3,308,16
320091,THREE CROSSES REGIONAL HOSPITAL LLC,2560 SAMARITAN DRIVE,LAS CRUCES,NM,West,88001,DONA ANA,Acute Care Hospitals,Proprietary,true,3,0,0,0,0,0,0,0,0,320091,THREE CROSSES REGIONAL HOSPITAL LLC,4,466,30
340120,VIDANT DUPLIN HOSPITAL,401 N MAIN ST,KENANSVILLE,NC,South,28349,DUPLIN,Acute Care Hospitals,Government - Local,true,4,0,0,1,0,0,0,1,0,340120,VIDANT DUPLIN HOSPITAL,4,299,15
360071,VAN WERT COUNTY HOSPITAL,1250 S WASHINGTON STREET,VAN WERT,OH,Midwest,45891,VAN WERT,Acute Care Hospitals,Voluntary non-profit - Private,false,4,0,0,0,0,0,1,0,1,360071,VAN WERT COUNTY HOSPITAL,4,210,33
360096,EAST LIVERPOOL CITY HOSPITAL,425 WEST 5TH STREET,EAST LIVERPOOL,OH,Midwest,43920,COLUMBIANA,Acute Care Hospitals,Voluntary non-profit - Private,true,4,0,0,0,1,0,1,0,2,360096,EAST LIVERPOOL CITY HOSPITAL,3,412,29
37014F,OKLAHOMA CITY VA MEDICAL CENTER,921 NE 13TH STREET,OKLAHOMA CITY,OK,South,73104,OKLAHOMA,Acute Care - Veterans Administration,Veterans Health Administration,true,2,0,2,0,1,0,0,2,1,37014F,OKLAHOMA CITY VA MEDICAL CENTER,3,436,29
370228,"BAILEY MEDICAL CENTER, LLC",10502 NORTH 110TH EAST AVENUE,OWASSO,OK,South,74055,TULSA,Acute Care Hospitals,Proprietary,true,4,0,0,0,0,0,0,0,0,370228,"BAILEY MEDICAL CENTER, LLC",4,306,18
380056,SANTIAM HOSPITAL & CLINICS,1401 N 10TH AVENUE,STAYTON,OR,West,97383,MARION,Acute Care Hospitals,Voluntary non-profit - Private,true,2,0,0,0,0,0,0,0,0,380056,SANTIAM HOSPITAL & CLINICS,4,220,23
380082,PROVIDENCE MILWAUKIE HOSPITAL,10150 SE 32ND AVENUE,MILWAUKIE,OR,West,97222,CLACKAMAS,Acute Care Hospitals,Voluntary non-profit - Church,false,3,0,0,0,0,0,1,0,1,380082,PROVIDENCE MILWAUKIE HOSPITAL,3,480,20
390112,CHAN SOON- SHIONG MEDICAL CENTER AT WINDBER,600 SOMERSET AVENUE,WINDBER,PA,Northeast,15963,SOMERSET,Acute Care Hospitals,Voluntary non-profit - Private,true,3,0,0,0,0,0,0,0,0,390112,CHAN SOON- SHIONG MEDICAL CENTER AT WINDBER,4,298,39
39013F,WILKES BARRE VA MEDICAL CENTER,1111 EAST END BOULEVARD,WILKES-BARRE,PA,Northeast,18711,LUZERNE,Acute Care - Veterans Administration,Veterans Health Administration,true,5,0,0,0,0,0,3,0,3,39013F,WILKES BARRE VA MEDICAL CENTER,4,481,39
41005F,PROVIDENCE VA MEDICAL CENTER,830 CHALKSTONE AVENUE,PROVIDENCE,RI,Northeast,2908,PROVIDENCE,Acute Care - Veterans Administration,Veterans Health Administration,true,3,0,0,2,1,0,0,2,1,41005F,PROVIDENCE VA MEDICAL CENTER,4,488,38
42011F,COLUMBIA SC VA MEDICAL CENTER,6439 GARNERS FERRY ROAD,COLUMBIA,SC,South,29209,RICHLAND,Acute Care - Veterans Administration,Veterans Health Administration,true,5,0,0,0,0,0,0,0,0,42011F,COLUMBIA SC VA MEDICAL CENTER,4,427,23
44013F,MEMPHIS VA MEDICAL CENTER,116 N PAULINE ST,MEMPHIS,TN,South,38105,SHELBY,Acute Care - Veterans Administration,Veterans Health Administration,true,3,0,0,1,3,0,0,1,3,44013F,MEMPHIS VA MEDICAL CENTER,3,517,26
440176,INDIAN PATH COMMUNITY HOSPITAL,2000 BROOKSIDE DR,KINGSPORT,TN,South,37660,SULLIVAN,Acute Care Hospitals,Voluntary non-profit - Private,true,3,0,0,0,0,0,0,0,0,440176,INDIAN PATH COMMUNITY HOSPITAL,4,352,18
440187,LIVINGSTON REGIONAL HOSPITAL,315 OAK ST BOX 550,LIVINGSTON,TN,South,38570,OVERTON,Acute Care Hospitals,Proprietary,true,2,0,0,0,0,0,0,0,0,440187,LIVINGSTON REGIONAL HOSPITAL,4,238,18
45066F,DALLAS VA MEDICAL CENTER (VA NORTH TEXAS HEALTHCARE SYSTEM),4500 S. LANCASTER ROAD,DALLAS,TX,South,75216,DALLAS,Acute Care - Veterans Administration,Veterans Health Administration,true,4,0,0,2,3,1,0,2,4,45066F,DALLAS VA MEDICAL CENTER (VA NORTH TEXAS HEALTHCARE SYSTEM),3,442,23
450822,MEDICAL CITY LAS COLINAS,6800 N MACARTHUR BLVD,IRVING,TX,South,75039,DALLAS,Acute Care Hospitals,Proprietary,true,2,0,0,0,0,0,0,0,0,450822,MEDICAL CITY LAS COLINAS,3,348,9
460057,PARK CITY HOSPITAL,900 ROUND VALLEY DRIVE,PARK CITY,UT,West,84060,SUMMIT,Acute Care Hospitals,Proprietary,true,4,0,0,0,0,0,0,0,0,460057,PARK CITY HOSPITAL,4,296,26
460058,RIVERTON HOSPITAL,3741 WEST 12600 SOUTH,RIVERTON,UT,West,84065,SALT LAKE,Acute Care Hospitals,Voluntary non-profit - Private,true,4,0,0,0,0,0,0,0,0,460058,RIVERTON HOSPITAL,4,754,19
500060,CASCADE VALLEY HOSPITAL,330 S STILLAGUAMISH AVE,ARLINGTON,WA,West,98223,SNOHOMISH,Acute Care Hospitals,Government - Hospital District or Authority,true,1,0,1,0,0,0,0,1,0,500060,CASCADE VALLEY HOSPITAL,3,293,18
50030F,SEATTLE VA MEDICAL CENTER (VA PUGET SOUND HEALTHCARE SYSTEM),1660 S. COLUMBIAN WAY,SEATTLE,WA,West,98108,KING,Acute Care - Veterans Administration,Veterans Health Administration,true,5,0,0,0,2,1,1,0,4,50030F,SEATTLE VA MEDICAL CENTER (VA PUGET SOUND HEALTHCARE SYSTEM),4,538,28
51004F,HUNTINGTON VA MEDICAL CENTER,1540 SPRING VALLEY ROAD,HUNTINGTON,WV,South,25704,WAYNE,Acute Care - Veterans Administration,Veterans Health Administration,true,5,0,0,0,3,0,2,0,5,51004F,HUNTINGTON VA MEDICAL CENTER,5,514,34
670071,TEXAS HEALTH HEART & VASCULAR HOSPITAL ARLINGTON,811 WRIGHT STREET,ARLINGTON,TX,South,76012,TARRANT,Acute Care Hospitals,Proprietary,false,4,0,0,0,0,0,0,0,0,670071,TEXAS HEALTH HEART & VASCULAR HOSPITAL ARLINGTON,4,267,30
10061,HIGHLANDS MEDICAL CENTER,380 WOODS COVE ROAD,SCOTTSBORO,AL,South,35768,JACKSON,Acute Care Hospitals,Government - Hospital District or Authority,true,3,0,0,0,0,0,0,0,0,10061,HIGHLANDS MEDICAL CENTER,4,192,14
30148,NORTHWEST MEDICAL CENTER SAHUARITA,16260 SOUTH RANCHO SAHUARITA BOULEVARD,SAHUARITA,AZ,West,85629,PIMA,Acute Care Hospitals,Voluntary non-profit - Private,true,3,0,0,0,0,1,0,0,1,30148,NORTHWEST MEDICAL CENTER SAHUARITA,2,903,28
50078,PROVIDENCE LITTLE CO OF MARY MED CTR SAN PEDRO,1300 W 7TH ST,SAN PEDRO,CA,West,90732,LOS ANGELES,Acute Care Hospitals,Voluntary non-profit - Private,false,4,0,0,0,0,1,0,0,1,50078,PROVIDENCE LITTLE CO OF MARY MED CTR SAN PEDRO,3,387,16
50118,DOCTORS HOSPITAL OF MANTECA,1205 E NORTH STREET,MANTECA,CA,West,95336,SAN JOAQUIN,Acute Care Hospitals,Voluntary non-profit - Other,true,2,0,0,0,0,1,0,0,1,50118,DOCTORS HOSPITAL OF MANTECA,2,297,14
05025F,FRESNO VA MEDICAL CENTER (VA CENTRAL CALIFORNIA HEALTHCARE SYSTEM),2615 E. CLINTON AVENUE,FRESNO,CA,West,93703,FRESNO,Acute Care - Veterans Administration,Veterans Health Administration,true,4,0,0,0,0,0,2,0,2,05025F,FRESNO VA MEDICAL CENTER (VA CENTRAL CALIFORNIA HEALTHCARE SYSTEM),4,520,29
60003,LONGMONT UNITED HOSPITAL,1950 MOUNTAIN VIEW AVE,LONGMONT,CO,West,80501,BOULDER,Acute Care Hospitals,Voluntary non-profit - Private,true,4,0,0,1,0,1,0,1,1,60003,LONGMONT UNITED HOSPITAL,3,192,15
100099,ADVENTHEALTH LAKE WALES,410 S 11TH ST,LAKE WALES,FL,South,33853,POLK,Acute Care Hospitals,Proprietary,true,3,0,0,1,0,1,0,1,1,100099,ADVENTHEALTH LAKE WALES,3,486,17
100140,BAPTIST MEDICAL CENTER - NASSAU,1250 S 18TH ST,FERNANDINA BEACH,FL,South,32034,NASSAU,Acute Care Hospitals,Voluntary non-profit - Private,true,5,0,0,0,0,1,1,0,2,100140,BAPTIST MEDICAL CENTER - NASSAU,3,384,24
100206,HCA FLORIDA SOUTH TAMPA HOSPITAL,2901 W SWANN AVE,TAMPA,FL,South,33609,HILLSBOROUGH,Acute Care Hospitals,Proprietary,true,4,0,0,1,0,1,0,1,1,100206,HCA FLORIDA SOUTH TAMPA HOSPITAL,3,691,19
100211,ADVENTHEALTH DADE CITY,13100 FT KING RD,DADE CITY,FL,South,33525,PASCO,Acute Care Hospitals,Proprietary,false,4,0,0,0,0,1,0,0,1,100211,ADVENTHEALTH DADE CITY,3,571,16
100252,HCA FLORIDA RAULERSON HOSPITAL,1796 HWY 441 NORTH,OKEECHOBEE,FL,South,34972,OKEECHOBEE,Acute Care Hospitals,Proprietary,false,3,0,0,0,0,1,0,0,1,100252,HCA FLORIDA RAULERSON HOSPITAL,3,450,17
100296,DOCTORS HOSPITAL,5000 UNIVERSITY DR,CORAL GABLES,FL,South,33146,MIAMI-DADE,Acute Care Hospitals,Voluntary non-profit - Other,true,5,0,0,1,1,1,0,1,2,100296,DOCTORS HOSPITAL,2,473,21
110104,CRISP REGIONAL HOSPITAL,902 7TH STREET NORTH,CORDELE,GA,South,31015,CRISP,Acute Care Hospitals,Proprietary,true,4,0,0,1,0,0,0,1,0,110104,CRISP REGIONAL HOSPITAL,3,217,13
140032,ST ANTHONYS MEMORIAL HOSPITAL,503 N MAPLE STREET,EFFINGHAM,IL,Midwest,62401,EFFINGHAM,Acute Care Hospitals,Voluntary non-profit - Church,true,3,0,0,1,0,1,0,1,1,140032,ST ANTHONYS MEMORIAL HOSPITAL,4,352,22
140125,GATEWAY REGIONAL MEDICAL CENTER,2100 MADISON AVENUE,GRANITE CITY,IL,Midwest,62040,MADISON,Acute Care Hospitals,Voluntary non-profit - Other,true,1,0,0,0,0,0,0,0,0,140125,GATEWAY REGIONAL MEDICAL CENTER,1,100,12
161376,CASS COUNTY MEMORIAL HOSPITAL,1501 EAST TENTH STREET,ATLANTIC,IA,Midwest,50022,CASS,Critical Access Hospitals,Government - Local,true,4,0,0,0,0,0,0,0,0,161376,CASS COUNTY MEMORIAL HOSPITAL,4,239,35
170027,PRATT REGIONAL MEDICAL CENTER,200 COMMODORE ST,PRATT,KS,Midwest,67124,PRATT,Acute Care Hospitals,Proprietary,true,5,0,0,0,0,0,1,0,1,170027,PRATT REGIONAL MEDICAL CENTER,5,340,51
17008F,WICHITA VA MEDICAL CENTER,5500 E. KELLOG,WICHITA,KS,Midwest,67218,SEDGWICK,Acute Care - Veterans Administration,Veterans Health Administration,true,5,0,0,0,2,0,2,0,4,17008F,WICHITA VA MEDICAL CENTER,5,441,33
170105,MCPHERSON HOSPITAL,1000 HOSPITAL DRIVE,MCPHERSON,KS,Midwest,67460,MCPHERSON,Acute Care Hospitals,Voluntary non-profit - Private,true,5,0,0,0,0,0,0,0,0,170105,MCPHERSON HOSPITAL,3,184,34
170191,UNIVERSITY  OF KS HLTH SYSTEM GREAT BEND CAMPUS,514 CLEVELAND STREET,GREAT BEND,KS,Midwest,67530,BARTON,Acute Care Hospitals,Government - Hospital District or Authority,true,4,0,0,0,0,0,0,0,0,170191,UNIVERSITY  OF KS HLTH SYSTEM GREAT BEND CAMPUS,3,156,21
18007F,LEXINGTON VA MEDICAL CENTER,1101 VETERANS DRIVE,LEXINGTON,KY,South,40502,FAYETTE,Acute Care - Veterans Administration,Veterans Health Administration,true,4,0,0,1,1,0,1,1,2,18007F,LEXINGTON VA MEDICAL CENTER,4,462,39
180116,JACKSON PURCHASE MEDICAL CENTER,1099 MEDICAL CENTER CIRCLE,MAYFIELD,KY,South,42066,GRAVES,Acute Care Hospitals,Government - Hospital District or Authority,true,2,0,0,1,0,0,0,1,0,180116,JACKSON PURCHASE MEDICAL CENTER,3,335,18
190144,MINDEN MEDICAL CENTER,NO 1 MEDICAL PLAZA,MINDEN,LA,South,71055,WEBSTER,Acute Care Hospitals,Proprietary,true,3,0,0,0,0,0,0,0,0,190144,MINDEN MEDICAL CENTER,3,206,15
22010F,VA BOSTON HEALTHCARE SYSTEM - JAMAICA PLAIN,150 S. HUNTINGTON AVENUE,JAMAICA PLAIN,MA,Northeast,2130,SUFFOLK,Acute Care - Veterans Administration,Veterans Health Administration,true,4,0,0,2,2,0,0,2,2,22010F,VA BOSTON HEALTHCARE SYSTEM - JAMAICA PLAIN,4,472,37
240006,OLMSTED MEDICAL CENTER,1650 FOURTH STREET SOUTHEAST,ROCHESTER,MN,Midwest,55904,OLMSTED,Acute Care Hospitals,Voluntary non-profit - Private,true,4,0,0,0,0,0,0,0,0,240006,OLMSTED MEDICAL CENTER,4,278,20
240020,CAMBRIDGE MEDICAL CENTER,701 SOUTH DELLWOOD AVENUE,CAMBRIDGE,MN,Midwest,55008,ISANTI,Acute Care Hospitals,Voluntary non-profit - Private,true,3,0,0,0,0,0,0,0,0,240020,CAMBRIDGE MEDICAL CENTER,4,395,29
240069,OWATONNA HOSPITAL,2250 26TH STREET NORTHWEST,OWATONNA,MN,Midwest,55060,STEELE,Acute Care Hospitals,Voluntary non-profit - Other,true,3,0,0,0,0,0,1,0,1,240069,OWATONNA HOSPITAL,4,385,29
240076,BUFFALO HOSPITAL,303 CATLIN STREET,BUFFALO,MN,Midwest,55313,WRIGHT,Acute Care Hospitals,Voluntary non-profit - Other,false,5,0,0,0,0,0,0,0,0,240076,BUFFALO HOSPITAL,4,635,31
250007,Memorial Hospital Biloxi,150 REYNOIR STREET,BILOXI,MS,South,39530,HARRISON,Acute Care Hospitals,Proprietary,true,1,1,0,0,0,1,0,1,1,250007,Memorial Hospital Biloxi,2,202,9
250038,MERIT HEALTH MADISON,161 RIVER OAKS DRIVE,CANTON,MS,South,39046,MADISON,Acute Care Hospitals,Proprietary,true,3,0,0,0,0,0,0,0,0,250038,MERIT HEALTH MADISON,4,151,16
250057,KING'S DAUGHTERS MEDICAL CENTER-BROOKHAVEN,P O BOX 948/427 HIGHWAY 51 NORTH,BROOKHAVEN,MS,South,39601,LINCOLN,Acute Care Hospitals,Voluntary non-profit - Other,true,3,1,0,0,0,0,0,1,0,250057,KING'S DAUGHTERS MEDICAL CENTER-BROOKHAVEN,4,338,24
250084,MERIT HEALTH NATCHEZ,52 SERGEANT PRENTISS DRIVE,NATCHEZ,MS,South,39120,ADAMS,Acute Care Hospitals,Proprietary,true,2,0,0,0,0,0,0,0,0,250084,MERIT HEALTH NATCHEZ,2,188,9
250093,BOLIVAR MEDICAL CENTER,901 E SUNFLOWER RD,CLEVELAND,MS,South,38732,BOLIVAR,Acute Care Hospitals,Proprietary,true,1,0,1,1,0,0,0,2,0,250093,BOLIVAR MEDICAL CENTER,3,190,11
260022,NORTHEAST REGIONAL MEDICAL CENTER,315 S OSTEOPATHY,KIRKSVILLE,MO,Midwest,63501,ADAIR,Acute Care Hospitals,Proprietary,true,3,0,0,0,0,0,0,0,0,260022,NORTHEAST REGIONAL MEDICAL CENTER,3,307,21
260176,ST LUKE'S DES PERES HOSPITAL,2345 DOUGHERTY FERRY ROAD,ST LOUIS,MO,Midwest,63122,ST. LOUIS,Acute Care Hospitals,Proprietary,true,3,0,0,1,0,1,0,1,1,260176,ST LUKE'S DES PERES HOSPITAL,4,318,27
29002F,VA SIERRA NEVADA HEALTHCARE SYSTEM,975 KIRMAN AVENUE,RENO,NV,West,89502,WASHOE,Acute Care - Veterans Administration,Veterans Health Administration,true,5,0,0,0,1,0,0,0,1,29002F,VA SIERRA NEVADA HEALTHCARE SYSTEM,4,495,35
330181,NORTHWELL HOSPITAL GLEN COVE,101 ST ANDREWS LANE,GLEN COVE,NY,Northeast,11542,NASSAU,Acute Care Hospitals,Voluntary non-profit - Private,true,5,0,0,0,0,1,1,0,2,330181,NORTHWELL HOSPITAL GLEN COVE,4,624,21
330215,"ROME MEMORIAL HOSPITAL, INC",1500 NORTH JAMES STREET,ROME,NY,Northeast,13440,ONEIDA,Acute Care Hospitals,Voluntary non-profit - Private,true,1,0,0,1,0,0,0,1,0,330215,"ROME MEMORIAL HOSPITAL, INC",2,511,22
330218,OSWEGO HOSPITAL,110 WEST SIXTH STREET,OSWEGO,NY,Northeast,13069,OSWEGO,Acute Care Hospitals,Voluntary non-profit - Private,true,3,1,0,0,0,0,0,1,0,330218,OSWEGO HOSPITAL,4,390,21
330386,GARNET HEALTH  MEDICAL CENTER CATSKILLS,"68 HARRIS BUSHVILLE ROAD, P O BOX 800",HARRIS,NY,Northeast,12742,SULLIVAN,Acute Care Hospitals,Voluntary non-profit - Private,true,1,0,0,1,0,0,0,1,0,330386,GARNET HEALTH  MEDICAL CENTER CATSKILLS,2,220,13
340020,CENTRAL CAROLINA HOSPITAL,1135 CARTHAGE ST,SANFORD,NC,South,27330,LEE,Acute Care Hospitals,Voluntary non-profit - Private,true,1,0,1,1,0,0,0,2,0,340020,CENTRAL CAROLINA HOSPITAL,3,260,14
340024,SAMPSON REGIONAL MEDICAL CENTER,607 BEAMAN ST,CLINTON,NC,South,28328,SAMPSON,Acute Care Hospitals,Government - Local,true,3,0,0,0,0,0,0,0,0,340024,SAMPSON REGIONAL MEDICAL CENTER,4,277,14
340123,RANDOLPH HOSPITAL,364 WHITE OAK STREET,ASHEBORO,NC,South,27203,RANDOLPH,Acute Care Hospitals,Voluntary non-profit - Private,true,3,0,0,0,0,0,0,0,0,340123,RANDOLPH HOSPITAL,3,372,17
340188,CAPE FEAR VALLEY HOKE HOSPITAL,210 MEDICAL PAVILION DRIVE,RAEFORD,NC,South,28376,HOKE,Acute Care Hospitals,Voluntary non-profit - Private,true,4,0,0,1,0,0,0,1,0,340188,CAPE FEAR VALLEY HOKE HOSPITAL,5,149,15
34036F,ASHEVILLE-OTEEN VA MEDICAL CENTER,1100 TUNNEL ROAD,ASHEVILLE,NC,South,28805,BUNCOMBE,Acute Care - Veterans Administration,Veterans Health Administration,true,5,0,0,0,2,0,2,0,4,34036F,ASHEVILLE-OTEEN VA MEDICAL CENTER,5,456,43
360010,UNION HOSPITAL,659 BOULEVARD,DOVER,OH,Midwest,44622,TUSCARAWAS,Acute Care Hospitals,Voluntary non-profit - Other,true,3,0,0,0,0,0,1,0,1,360010,UNION HOSPITAL,3,479,21
370019,GREAT PLAINS REGIONAL MEDICAL CENTER,1801 WEST 3RD STREET,ELK CITY,OK,South,73644,BECKHAM,Acute Care Hospitals,Voluntary non-profit - Private,true,2,0,1,0,0,0,0,1,0,370019,GREAT PLAINS REGIONAL MEDICAL CENTER,3,240,36
370235,ASCENSION ST JOHN BROKEN ARROW,1000 WEST BOISE CIRCLE,BROKEN ARROW,OK,South,74012,TULSA,Acute Care Hospitals,Voluntary non-profit - Private,true,5,0,0,0,0,0,0,0,0,370235,ASCENSION ST JOHN BROKEN ARROW,4,187,22
410005,OUR LADY OF FATIMA HOSPITAL,200 HIGH SERVICE AVENUE,NORTH PROVIDENCE,RI,Northeast,2904,PROVIDENCE,Acute Care Hospitals,Proprietary,true,4,0,0,0,0,1,0,0,1,410005,OUR LADY OF FATIMA HOSPITAL,4,494,25
420037,PRISMA HEALTH HILLCREST HOSPITAL,741 SOUTH EAST MAIN STREET,SIMPSONVILLE,SC,South,29681,GREENVILLE,Acute Care Hospitals,Voluntary non-profit - Private,true,4,0,0,0,0,0,1,0,1,420037,PRISMA HEALTH HILLCREST HOSPITAL,3,439,16
420103,PELHAM MEDICAL CENTER,250 WESTMORELAND ROAD,GREER,SC,South,29651,GREENVILLE,Acute Care Hospitals,Government - Hospital District or Authority,true,5,0,0,0,0,0,0,0,0,420103,PELHAM MEDICAL CENTER,4,493,28
440020,SOUTHERN TENNESSEE REGIONAL HEALTH SYSTEM PULASKI,1265 E COLLEGE ST,PULASKI,TN,South,38478,GILES,Acute Care Hospitals,Proprietary,true,3,0,0,0,0,0,0,0,0,440020,SOUTHERN TENNESSEE REGIONAL HEALTH SYSTEM PULASKI,2,107,15
440031,ROANE MEDICAL CENTER,8045 ROANE MEDICAL CENTER DRIVE,HARRIMAN,TN,South,37748,ROANE,Acute Care Hospitals,Government - Hospital District or Authority,true,4,0,0,0,0,1,0,0,1,440031,ROANE MEDICAL CENTER,4,462,22
440056,TENNOVA HEALTHCARE-JEFFERSON MEMORIAL HOSPITAL,110 HOSPITAL DRIVE,JEFFERSON CITY,TN,South,37760,JEFFERSON,Acute Care Hospitals,Proprietary,true,2,0,0,0,0,1,1,0,2,440056,TENNOVA HEALTHCARE-JEFFERSON MEMORIAL HOSPITAL,2,324,20
440072,DYERSBURG REGIONAL MEDICAL CENTER,400 EAST TICKLE STREET,DYERSBURG,TN,South,38024,DYER,Acute Care Hospitals,Proprietary,true,4,1,0,1,0,1,0,2,1,440072,DYERSBURG REGIONAL MEDICAL CENTER,4,246,14
440084,SWEETWATER HOSPITAL ASSOCIATION,304 WRIGHT ST,SWEETWATER,TN,South,37874,MONROE,Acute Care Hospitals,Voluntary non-profit - Private,true,2,0,0,1,0,1,0,1,1,440084,SWEETWATER HOSPITAL ASSOCIATION,3,288,17
440110,FORT LOUDOUN MEDICAL CENTER,550 FORT LOUDON MEDICAL CENTER DR,LENOIR CITY,TN,South,37772,LOUDON,Acute Care Hospitals,Voluntary non-profit - Other,true,5,0,0,0,0,0,0,0,0,440110,FORT LOUDOUN MEDICAL CENTER,3,350,25
440130,BAPTIST MEMORIAL HOSPITAL UNION CITY,"1201 BISHOP ST, PO BOX 310",UNION CITY,TN,South,38261,OBION,Acute Care Hospitals,Voluntary non-profit - Private,true,5,0,0,0,0,1,1,0,2,440130,BAPTIST MEMORIAL HOSPITAL UNION CITY,4,273,15
440151,SAINT THOMAS RIVER PARK HOSPITAL,1559 SPARTA STREET,MCMINNVILLE,TN,South,37110,WARREN,Acute Care Hospitals,Voluntary non-profit - Private,true,4,0,0,0,0,0,0,0,0,440151,SAINT THOMAS RIVER PARK HOSPITAL,3,171,17
450272,CHRISTUS SANTA ROSA HOSPITAL-SAN MARCOS,1301 WONDER WORLD DRIVE,SAN MARCOS,TX,South,78666,HAYS,Acute Care Hospitals,Voluntary non-profit - Church,true,4,0,0,1,0,0,0,1,0,450272,CHRISTUS SANTA ROSA HOSPITAL-SAN MARCOS,3,464,13
45086F,TEMPLE VA MEDICAL CENTER (VA CENTRAL TEXAS HEALTHCARE SYSTEM),1901 VETERANS MEMORIAL DRIVE,TEMPLE,TX,South,76504,BELL,Acute Care - Veterans Administration,Veterans Health Administration,true,4,0,0,0,1,0,1,0,2,45086F,TEMPLE VA MEDICAL CENTER (VA CENTRAL TEXAS HEALTHCARE SYSTEM),5,418,28
451380,UT HEALTH EAST TEXAS QUITMAN HOSPITAL,117 WINNSBORO STREET,QUITMAN,TX,South,75783,WOOD,Critical Access Hospitals,Proprietary,true,4,0,0,0,0,0,1,0,1,451380,UT HEALTH EAST TEXAS QUITMAN HOSPITAL,4,140,25
460011,CASTLEVIEW HOSPITAL,300 NORTH HOSPITAL DRIVE,PRICE,UT,West,84501,CARBON,Acute Care Hospitals,Proprietary,true,3,0,0,0,0,0,2,0,2,460011,CASTLEVIEW HOSPITAL,3,200,18
460013,MOUNTAIN VIEW HOSPITAL,1000 EAST 100 NORTH,PAYSON,UT,West,84651,UTAH,Acute Care Hospitals,Proprietary,true,5,0,0,1,0,1,0,1,1,460013,MOUNTAIN VIEW HOSPITAL,4,289,22
460019,UINTAH BASIN MEDICAL CENTER,250 WEST 300 NORTH,ROOSEVELT,UT,West,84066,DUCHESNE,Acute Care Hospitals,Voluntary non-profit - Other,true,2,0,0,0,0,0,1,0,1,460019,UINTAH BASIN MEDICAL CENTER,3,150,13
460044,INTERMOUNTAIN HEALTH ALTA VIEW HOSPITAL,9660 SOUTH 1300 EAST,SANDY,UT,West,84094,SALT LAKE,Acute Care Hospitals,Voluntary non-profit - Private,true,4,0,0,0,0,0,1,0,1,460044,INTERMOUNTAIN HEALTH ALTA VIEW HOSPITAL,4,539,23
460060,LONE PEAK HOSPITAL,11925 SOUTH STATE STREET,DRAPER,UT,West,84020,SALT LAKE,Acute Care Hospitals,Proprietary,true,5,0,0,0,0,0,2,0,2,460060,LONE PEAK HOSPITAL,4,488,17
510002,"CAMC GREENBRIER VALLEY MEDICAL CENTER, INC",1320 MAPLEWOOD AVENUE,RONCEVERTE,WV,South,24970,GREENBRIER,Acute Care Hospitals,Proprietary,true,2,0,0,0,0,0,0,0,0,510002,"CAMC GREENBRIER VALLEY MEDICAL CENTER, INC",2,528,23
520059,AURORA MEMORIAL HOSPITAL BURLINGTON,252 MCHENRY ST,BURLINGTON,WI,Midwest,53105,RACINE,Acute Care Hospitals,Voluntary non-profit - Private,true,5,0,0,0,0,1,2,0,3,520059,AURORA MEMORIAL HOSPITAL BURLINGTON,3,570,32
520076,MARSHFIELD MEDICAL CENTER - BEAVER DAM (MMC-BD),707 S UNIVERSITY AVE,BEAVER DAM,WI,Midwest,53916,DODGE,Acute Care Hospitals,Voluntary non-profit - Private,true,3,0,0,0,0,0,1,0,1,520076,MARSHFIELD MEDICAL CENTER - BEAVER DAM (MMC-BD),3,181,26
520095,SAUK PRAIRIE HOSPITAL,260 26TH STREET,PRAIRIE DU SAC,WI,Midwest,53578,SAUK,Acute Care Hospitals,Voluntary non-profit - Private,true,5,0,0,0,0,0,1,0,1,520095,SAUK PRAIRIE HOSPITAL,5,311,36
670025,BAYLOR SCOTT & WHITE THE HEART HOSPITAL PLANO,1100 ALLIED DRIVE,PLANO,TX,South,75093,COLLIN,Acute Care Hospitals,Physician,true,5,0,0,0,1,2,0,0,3,670025,BAYLOR SCOTT & WHITE THE HEART HOSPITAL PLANO,4,1855,31
10007,MIZELL MEMORIAL HOSPITAL,702 N MAIN ST,OPP,AL,South,36467,COVINGTON,Acute Care Hospitals,Voluntary non-profit - Private,true,1,1,0,0,0,0,0,1,0,10007,MIZELL MEMORIAL HOSPITAL,3,100,18
10036,ANDALUSIA HEALTH,849 SOUTH THREE NOTCH STREET,ANDALUSIA,AL,South,36420,COVINGTON,Acute Care Hospitals,Proprietary,true,2,0,0,1,0,0,0,1,0,10036,ANDALUSIA HEALTH,3,277,17
50131,NOVATO COMMUNITY HOSPITAL,180 ROWLAND WAY,NOVATO,CA,West,94945,MARIN,Acute Care Hospitals,Voluntary non-profit - Private,false,5,0,0,0,0,1,0,0,1,50131,NOVATO COMMUNITY HOSPITAL,4,335,31
50136,PETALUMA VALLEY HOSPITAL,400 N MCDOWELL BLVD,PETALUMA,CA,West,94954,SONOMA,Acute Care Hospitals,Voluntary non-profit - Other,false,4,0,0,0,0,0,0,0,0,50136,PETALUMA VALLEY HOSPITAL,3,257,23
51310,ADVENTIST HEALTH HOWARD MEMORIAL,1 MARCELA DR,WILLITS,CA,West,95490,MENDOCINO,Critical Access Hospitals,Voluntary non-profit - Private,false,5,0,0,1,0,0,1,1,1,51310,ADVENTIST HEALTH HOWARD MEMORIAL,4,183,23
51316,FAIRCHILD MEDICAL CENTER,444 BRUCE STREET,YREKA,CA,West,96097,SISKIYOU,Critical Access Hospitals,Voluntary non-profit - Other,true,1,1,0,0,0,0,0,1,0,51316,FAIRCHILD MEDICAL CENTER,4,206,21
60008,SAN LUIS VALLEY REGIONAL  MEDICAL CENTER,106 BLANCA AVE,ALAMOSA,CO,West,81101,ALAMOSA,Acute Care Hospitals,Voluntary non-profit - Private,true,1,0,0,1,0,0,0,1,0,60008,SAN LUIS VALLEY REGIONAL  MEDICAL CENTER,3,210,17
60030,BANNER MCKEE MEDICAL CENTER,2000 BOISE AVE,LOVELAND,CO,West,80538,LARIMER,Acute Care Hospitals,Voluntary non-profit - Private,true,4,0,0,0,0,0,0,0,0,60030,BANNER MCKEE MEDICAL CENTER,3,303,26
70004,SHARON HOSPITAL,50 HOSPITAL HILL ROAD,SHARON,CT,Northeast,6069,LITCHFIELD,Acute Care Hospitals,Proprietary,true,5,0,0,0,0,0,0,0,0,70004,SHARON HOSPITAL,4,285,39
100054,HCA FLORIDA TWIN CITIES HOSPITAL,2190 HWY 85 N,NICEVILLE,FL,South,32578,OKALOOSA,Acute Care Hospitals,Proprietary,true,4,0,0,0,1,1,0,0,2,100054,HCA FLORIDA TWIN CITIES HOSPITAL,4,387,26
140064,ST MARY MEDICAL CENTER,3333 NORTH SEMINARY,GALESBURG,IL,Midwest,61401,KNOX,Acute Care Hospitals,Voluntary non-profit - Church,true,2,0,0,0,0,0,0,0,0,140064,ST MARY MEDICAL CENTER,3,546,22
140161,SAINT JAMES HOSPITAL,2500 WEST REYNOLDS STREET,PONTIAC,IL,Midwest,61764,LIVINGSTON,Acute Care Hospitals,Voluntary non-profit - Church,false,3,0,0,0,0,0,0,0,0,140161,SAINT JAMES HOSPITAL,4,229,26
150001,JOHNSON MEMORIAL HOSPITAL,1125 W JEFFERSON ST,FRANKLIN,IN,Midwest,46131,JOHNSON,Acute Care Hospitals,Government - Local,true,5,0,0,0,0,1,1,0,2,150001,JOHNSON MEMORIAL HOSPITAL,3,353,33
150030,HENRY COUNTY MEMORIAL HOSPITAL,1000 N 16TH ST,NEW CASTLE,IN,Midwest,47362,HENRY,Acute Care Hospitals,Government - Local,true,4,0,0,0,0,0,0,0,0,150030,HENRY COUNTY MEMORIAL HOSPITAL,4,269,24
160124,LAKES REGIONAL HEALTHCARE,2301 HIGHWAY 71,SPIRIT LAKE,IA,Midwest,51360,DICKINSON,Acute Care Hospitals,Government - Local,true,2,0,0,1,0,0,0,1,0,160124,LAKES REGIONAL HEALTHCARE,5,257,34
190086,NORTHERN LOUISIANA MEDICAL CENTER,401 EAST VAUGHN AVENUE,RUSTON,LA,South,71270,LINCOLN,Acute Care Hospitals,Proprietary,true,3,1,0,0,0,2,1,1,3,190086,NORTHERN LOUISIANA MEDICAL CENTER,2,260,14
200034,ST MARY'S REGIONAL MEDICAL CENTER,93 CAMPUS AVENUE - PO BOX 291,LEWISTON,ME,Northeast,4243,ANDROSCOGGIN,Acute Care Hospitals,Voluntary non-profit - Church,true,3,0,0,0,0,1,1,0,2,200034,ST MARY'S REGIONAL MEDICAL CENTER,4,359,26
210060,ADVENTIST HEALTHCARE FORT WASHINGTON MEDICAL CTR,11711 LIVINGSTON ROAD,FORT WASHINGTON,MD,South,20744,PRINCE GEORGES,Acute Care Hospitals,Voluntary non-profit - Other,true,2,0,0,1,0,0,0,1,0,210060,ADVENTIST HEALTHCARE FORT WASHINGTON MEDICAL CTR,3,189,13
230015,THREE RIVERS HEALTH,701 S HEALTH PARKWAY,THREE RIVERS,MI,Midwest,49093,ST. JOSEPH,Acute Care Hospitals,Government - Hospital District or Authority,false,3,0,0,0,0,0,1,0,1,230015,THREE RIVERS HEALTH,3,205,22
240084,ESSENTIA HEALTH VIRGINIA,901 9TH STREET NORTH,VIRGINIA,MN,Midwest,55792,ST. LOUIS,Acute Care Hospitals,Government - Local,false,3,0,0,0,0,1,0,0,1,240084,ESSENTIA HEALTH VIRGINIA,3,292,25
260074,MOBERLY REGIONAL MEDICAL CENTER,1515 UNION AVE,MOBERLY,MO,Midwest,65270,RANDOLPH,Acute Care Hospitals,Proprietary,true,2,1,0,0,0,0,0,1,0,260074,MOBERLY REGIONAL MEDICAL CENTER,3,123,21
260193,ST MARY'S MEDICAL CENTER,201 NW R D MIZE RD,BLUE SPRINGS,MO,Midwest,64014,JACKSON,Acute Care Hospitals,Proprietary,true,3,0,0,1,1,0,0,1,1,260193,ST MARY'S MEDICAL CENTER,2,438,29
260219,PROGRESS WEST HOSPITAL,2 PROGRESS POINT PKWY,OFALLON,MO,Midwest,63368,ST. CHARLES,Acute Care Hospitals,Voluntary non-profit - Private,true,3,0,0,1,0,0,0,1,0,260219,PROGRESS WEST HOSPITAL,4,414,37
271344,SIDNEY HEALTH CENTER,216 14TH AVE SW,SIDNEY,MT,West,59270,RICHLAND,Critical Access Hospitals,Voluntary non-profit - Private,true,5,0,0,0,0,0,1,0,1,271344,SIDNEY HEALTH CENTER,4,198,19
280077,METHODIST FREMONT HEALTH,450 EAST 23RD ST,FREMONT,NE,Midwest,68025,DODGE,Acute Care Hospitals,Voluntary non-profit - Private,true,3,0,0,0,0,0,0,0,0,280077,METHODIST FREMONT HEALTH,4,438,25
310118,HUDSON REGIONAL HOSPITAL,55 MEADOWLANDS PKWY,SECAUCUS,NJ,Northeast,7094,HUDSON,Acute Care Hospitals,Proprietary,true,1,1,0,2,0,0,0,3,0,310118,HUDSON REGIONAL HOSPITAL,2,381,15
320063,CARLSBAD MEDICAL CENTER,2430 WEST PIERCE STREET,CARLSBAD,NM,West,88220,EDDY,Acute Care Hospitals,Voluntary non-profit - Other,true,2,0,0,1,0,0,0,1,0,320063,CARLSBAD MEDICAL CENTER,2,242,11
330085,AURELIA OSBORN FOX MEMORIAL HOSPITAL,ONE NORTON AVENUE,ONEONTA,NY,Northeast,13820,OTSEGO,Acute Care Hospitals,Voluntary non-profit - Private,true,3,0,0,0,0,0,0,0,0,330085,AURELIA OSBORN FOX MEMORIAL HOSPITAL,3,259,28
330205,ST ANTHONY COMMUNITY HOSPITAL,15 MAPLE AVENUE -19,WARWICK,NY,Northeast,10990,ORANGE,Acute Care Hospitals,Voluntary non-profit - Church,false,5,0,0,0,0,0,1,0,1,330205,ST ANTHONY COMMUNITY HOSPITAL,3,336,22
360029,WOOD COUNTY HOSPITAL,950 WEST WOOSTER STREET,BOWLING GREEN,OH,Midwest,43402,WOOD,Acute Care Hospitals,Voluntary non-profit - Private,true,4,0,0,0,0,0,0,0,0,360029,WOOD COUNTY HOSPITAL,4,410,26
360046,MCCULLOUGH-HYDE MEMORIAL HOSPITAL,110 NORTH POPLAR STREET,OXFORD,OH,Midwest,45056,BUTLER,Acute Care Hospitals,Voluntary non-profit - Private,true,5,0,0,0,0,0,0,0,0,360046,MCCULLOUGH-HYDE MEMORIAL HOSPITAL,4,264,21
370039,HILLCREST HOSPITAL CLAREMORE,1202 N MUSKOGEE PLACE,CLAREMORE,OK,South,74017,ROGERS,Acute Care Hospitals,Proprietary,true,3,0,0,0,0,0,0,0,0,370039,HILLCREST HOSPITAL CLAREMORE,3,254,15
370054,GRADY MEMORIAL HOSPITAL,2220 IOWA STREET,CHICKASHA,OK,South,73018,GRADY,Acute Care Hospitals,Government - Hospital District or Authority,true,3,0,0,0,0,0,1,0,1,370054,GRADY MEMORIAL HOSPITAL,3,157,23
370234,"OKLAHOMA HEART HOSPITAL SOUTH, LLC",5200 EAST I-240 SERVICE ROAD,OKLAHOMA CITY,OK,South,73135,OKLAHOMA,Acute Care Hospitals,Physician,true,5,0,0,0,0,0,2,0,2,370234,"OKLAHOMA HEART HOSPITAL SOUTH, LLC",5,746,30
381321,GRANDE RONDE HOSPITAL,900 SUNSET DRIVE,LA GRANDE,OR,West,97850,UNION,Critical Access Hospitals,Voluntary non-profit - Private,true,3,0,0,0,0,0,2,0,2,381321,GRANDE RONDE HOSPITAL,4,297,25
390056,PENN HIGHLANDS HUNTINGDON,1225 WARM SPRINGS AVE,HUNTINGDON,PA,Northeast,16652,HUNTINGDON,Acute Care Hospitals,Voluntary non-profit - Private,true,2,0,0,0,0,0,0,0,0,390056,PENN HIGHLANDS HUNTINGDON,3,352,30
420089,EAST COOPER MEDICAL CENTER,2000 HOSPITAL DR,MOUNT PLEASANT,SC,South,29464,CHARLESTON,Acute Care Hospitals,Proprietary,true,5,0,0,0,0,1,0,0,1,420089,EAST COOPER MEDICAL CENTER,4,546,18
440018,SYCAMORE SHOALS HOSPITAL,1501 WEST ELK AVENUE,ELIZABETHTON,TN,South,37643,CARTER,Acute Care Hospitals,Voluntary non-profit - Private,true,2,0,0,1,0,0,0,1,0,440018,SYCAMORE SHOALS HOSPITAL,4,386,19
440065,TRISTAR NORTHCREST MEDICAL CENTER,100 NORTHCREST DRIVE,SPRINGFIELD,TN,South,37172,ROBERTSON,Acute Care Hospitals,Voluntary non-profit - Other,true,3,0,0,0,0,1,0,0,1,440065,TRISTAR NORTHCREST MEDICAL CENTER,4,480,19
450596,LAKE GRANBURY MEDICAL CENTER,1310 PALUXY RD,GRANBURY,TX,South,76048,HOOD,Acute Care Hospitals,Proprietary,true,4,0,0,0,0,0,1,0,1,450596,LAKE GRANBURY MEDICAL CENTER,2,402,18
450885,BAYLOR SCOTT &  WHITE MEDICAL CENTER - CENTENNIAL,12505 LEBANON ROAD,FRISCO,TX,South,75035,COLLIN,Acute Care Hospitals,Voluntary non-profit - Other,true,5,0,0,0,0,0,0,0,0,450885,BAYLOR SCOTT &  WHITE MEDICAL CENTER - CENTENNIAL,4,435,13
470024,NORTHWESTERN MEDICAL CENTER INC,133 FAIRFIELD STREET,SAINT ALBANS,VT,Northeast,5478,FRANKLIN,Acute Care Hospitals,Voluntary non-profit - Other,true,3,1,0,0,0,0,1,1,1,470024,NORTHWESTERN MEDICAL CENTER INC,3,402,23
490023,FAUQUIER HOSPITAL,500 HOSPITAL DRIVE,WARRENTON,VA,South,20186,FAUQUIER,Acute Care Hospitals,Proprietary,true,3,0,0,0,0,1,1,0,2,490023,FAUQUIER HOSPITAL,3,406,18
490111,WYTHE COUNTY COMMUNITY HOSPITAL,600 WEST RIDGE ROAD,WYTHEVILLE,VA,South,24382,WYTHE,Acute Care Hospitals,Proprietary,true,4,0,0,0,0,0,0,0,0,490111,WYTHE COUNTY COMMUNITY HOSPITAL,4,245,20
490130,RIVERSIDE WALTER REED HOSPITAL,7519 HOSPITAL ROAD,GLOUCESTER,VA,South,23061,GLOUCESTER,Acute Care Hospitals,Voluntary non-profit - Private,true,4,0,0,0,0,0,0,0,0,490130,RIVERSIDE WALTER REED HOSPITAL,4,342,25
490143,RIVERSIDE DOCTORS' HOSPITAL OF WILLIAMSBURG,1500 COMMONWEALTH AVENUE,WILLIAMSBURG,VA,South,23185,JAMES CITY,Acute Care Hospitals,Voluntary non-profit - Private,true,4,0,0,0,0,0,0,0,0,490143,RIVERSIDE DOCTORS' HOSPITAL OF WILLIAMSBURG,4,349,28
500033,SAMARITAN HOSPITAL,801 EAST WHEELER ROAD,MOSES LAKE,WA,West,98837,GRANT,Acute Care Hospitals,Proprietary,true,3,0,0,0,0,0,1,0,1,500033,SAMARITAN HOSPITAL,3,329,14
510038,STONEWALL JACKSON MEMORIAL HOSPITAL,230 HOSPITAL PLAZA,WESTON,WV,South,26452,LEWIS,Acute Care Hospitals,Voluntary non-profit - Private,true,2,0,0,0,0,0,0,0,0,510038,STONEWALL JACKSON MEMORIAL HOSPITAL,3,205,22
520116,WATERTOWN MEMORIAL HOSPITAL,125 HOSPITAL DRIVE,WATERTOWN,WI,Midwest,53098,DODGE,Acute Care Hospitals,Voluntary non-profit - Private,true,3,1,0,0,0,0,1,1,1,520116,WATERTOWN MEMORIAL HOSPITAL,4,387,30
530008,SAGEWEST HEALTH CARE,2100 W SUNSET DR,RIVERTON,WY,West,82501,FREMONT,Acute Care Hospitals,Proprietary,true,1,0,0,1,0,0,0,1,0,530008,SAGEWEST HEALTH CARE,3,195,16
670080,SETON MEDICAL CENTER HARKER HEIGHTS,850 W CENTRAL TEXAS EXPRESSWAY,HARKER HEIGHTS,TX,South,76548,BELL,Acute Care Hospitals,Proprietary,true,4,0,0,1,0,1,0,1,1,670080,SETON MEDICAL CENTER HARKER HEIGHTS,4,380,15
10164,COOSA VALLEY MEDICAL CENTER,315 W HICKORY ST,SYLACAUGA,AL,South,35150,TALLADEGA,Acute Care Hospitals,Government - Hospital District or Authority,true,3,0,0,1,0,1,0,1,1,10164,COOSA VALLEY MEDICAL CENTER,3,352,18
40039,ARKANSAS METHODIST MEDICAL CENTER,900 WEST KINGSHIGHWAY,PARAGOULD,AR,South,72450,GREENE,Acute Care Hospitals,Voluntary non-profit - Private,true,2,0,0,1,0,0,0,1,0,40039,ARKANSAS METHODIST MEDICAL CENTER,3,293,13
50042,ST ELIZABETH COMMUNITY HOSPITAL,2550 SISTER MARY COLUMBA DRIVE,RED BLUFF,CA,West,96080,TEHAMA,Acute Care Hospitals,Voluntary non-profit - Church,false,4,0,0,0,0,0,0,0,0,50042,ST ELIZABETH COMMUNITY HOSPITAL,4,346,18
50342,PIONEERS MEMORIAL HEALTHCARE DISTRICT,207 WEST LEGION ROAD,BRAWLEY,CA,West,92227,IMPERIAL,Acute Care Hospitals,Government - Hospital District or Authority,true,2,0,0,0,0,0,0,0,0,50342,PIONEERS MEMORIAL HEALTHCARE DISTRICT,2,309,7
60071,DELTA COUNTY MEMORIAL HOSPITAL,1501 E 3RD ST,DELTA,CO,West,81416,DELTA,Acute Care Hospitals,Government - Local,true,3,0,0,0,0,0,0,0,0,60071,DELTA COUNTY MEMORIAL HOSPITAL,3,231,25
60096,VAIL HEALTH HOSPITAL,181 W MEADOW DR,VAIL,CO,West,81657,EAGLE,Acute Care Hospitals,Voluntary non-profit - Other,true,5,0,0,0,0,0,0,0,0,60096,VAIL HEALTH HOSPITAL,4,297,23
100267,HCA FLORIDA ENGLEWOOD HOSPITAL,700 MEDICAL BLVD,ENGLEWOOD,FL,South,34223,SARASOTA,Acute Care Hospitals,Proprietary,true,3,0,0,0,0,1,0,0,1,100267,HCA FLORIDA ENGLEWOOD HOSPITAL,2,475,33
110044,PHOEBE SUMTER MEDICAL CENTER,126 HIGHWAY 280 W,AMERICUS,GA,South,31719,SUMTER,Acute Care Hospitals,Government - Hospital District or Authority,true,1,0,1,0,0,1,0,1,1,110044,PHOEBE SUMTER MEDICAL CENTER,3,258,11
110124,WAYNE MEMORIAL HOSPITAL,865 SOUTH FIRST STREET,JESUP,GA,South,31545,WAYNE,Acute Care Hospitals,Government - Hospital District or Authority,true,3,0,0,0,0,0,0,0,0,110124,WAYNE MEMORIAL HOSPITAL,3,186,12
140093,OSF SACRED HEART MEDICAL CENTER,812 N LOGAN AVE,DANVILLE,IL,Midwest,61832,VERMILION,Acute Care Hospitals,Voluntary non-profit - Church,true,2,0,0,0,0,0,0,0,0,140093,OSF SACRED HEART MEDICAL CENTER,2,313,17
140166,ST MARYS HOSPITAL,1800 E LAKE SHORE DR,DECATUR,IL,Midwest,62521,MACON,Acute Care Hospitals,Voluntary non-profit - Private,true,1,0,1,1,0,0,0,2,0,140166,ST MARYS HOSPITAL,2,315,23
140184,HEARTLAND REGIONAL MEDICAL CENTER,3333 W DEYOUNG,MARION,IL,Midwest,62959,WILLIAMSON,Acute Care Hospitals,Proprietary,true,2,0,0,0,0,0,0,0,0,140184,HEARTLAND REGIONAL MEDICAL CENTER,3,426,24
150133,KOSCIUSKO COMMUNITY HOSPITAL,2101 E DUBOIS DR,WARSAW,IN,Midwest,46580,KOSCIUSKO,Acute Care Hospitals,Proprietary,true,3,0,0,0,0,0,0,0,0,150133,KOSCIUSKO COMMUNITY HOSPITAL,3,602,25
180138,BAPTIST HEALTH LAGRANGE,1025 NEW MOODY LANE,LA GRANGE,KY,South,40031,OLDHAM,Acute Care Hospitals,Voluntary non-profit - Private,true,4,0,0,0,0,0,1,0,1,180138,BAPTIST HEALTH LAGRANGE,4,262,22
190007,NATCHITOCHES REGIONAL MEDICAL CENTER,501 KEYSER AVE,NATCHITOCHES,LA,South,71457,NATCHITOCHES,Acute Care Hospitals,Government - Hospital District or Authority,true,3,0,0,1,0,0,0,1,0,190007,NATCHITOCHES REGIONAL MEDICAL CENTER,4,172,12
200031,CARY MEDICAL CENTER,"163 VAN BUREN RD, SUITE 1",CARIBOU,ME,Northeast,4736,AROOSTOOK,Acute Care Hospitals,Government - Local,true,2,0,0,1,0,0,0,1,0,200031,CARY MEDICAL CENTER,4,218,22
220016,BAYSTATE FRANKLIN MEDICAL CENTER,164 HIGH STREET,GREENFIELD,MA,Northeast,1301,FRANKLIN,Acute Care Hospitals,Voluntary non-profit - Private,true,4,0,0,0,0,1,0,0,1,220016,BAYSTATE FRANKLIN MEDICAL CENTER,3,554,23
220019,UMASS MEMORIAL HEALTH - HARRINGTON HOSPITAL,100 SOUTH STREET,SOUTHBRIDGE,MA,Northeast,1550,WORCESTER,Acute Care Hospitals,Voluntary non-profit - Private,true,2,0,0,1,0,1,0,1,1,220019,UMASS MEMORIAL HEALTH - HARRINGTON HOSPITAL,3,534,23
230022,INSIGHT HOSPITAL AND MEDICAL CENTER COLDWATER,274 E CHICAGO ST,COLDWATER,MI,Midwest,49036,BRANCH,Acute Care Hospitals,Government - Local,true,2,0,0,0,0,0,0,0,0,230022,INSIGHT HOSPITAL AND MEDICAL CENTER COLDWATER,3,278,26
230030,MYMICHIGAN MEDICAL CENTER ALMA,300 E WARWICK DR,ALMA,MI,Midwest,48801,GRATIOT,Acute Care Hospitals,Voluntary non-profit - Private,true,3,0,0,1,0,0,0,1,0,230030,MYMICHIGAN MEDICAL CENTER ALMA,4,458,34
230133,MUNSON HEALTHCARE OTSEGO MEMORIAL HOSPITAL,825 N CENTER AVE,GAYLORD,MI,Midwest,49735,OTSEGO,Acute Care Hospitals,Voluntary non-profit - Private,false,4,0,0,0,0,0,0,0,0,230133,MUNSON HEALTHCARE OTSEGO MEMORIAL HOSPITAL,3,271,21
240018,MAYO CLINIC HEALTH SYSTEM IN RED WING,701 HEWITT BOULEVARD,RED WING,MN,Midwest,55066,GOODHUE,Acute Care Hospitals,Voluntary non-profit - Private,true,4,0,0,0,0,0,0,0,0,240018,MAYO CLINIC HEALTH SYSTEM IN RED WING,4,281,30
240052,LAKE REGION HEALTHCARE CORPORATION,712 SOUTH CASCADE STREET,FERGUS FALLS,MN,Midwest,56537,OTTER TAIL,Acute Care Hospitals,Voluntary non-profit - Private,true,5,0,0,0,0,0,1,0,1,240052,LAKE REGION HEALTHCARE CORPORATION,5,321,28
260113,MISSOURI DELTA MEDICAL CENTER,1008 NORTH MAIN ST,SIKESTON,MO,Midwest,63801,SCOTT,Acute Care Hospitals,Voluntary non-profit - Private,true,2,0,0,0,0,0,1,0,1,260113,MISSOURI DELTA MEDICAL CENTER,2,269,12
290008,NORTHEASTERN NEVADA REGIONAL HOSPITAL,2001 ERRECART BLVD,ELKO,NV,West,89801,ELKO,Acute Care Hospitals,Proprietary,true,2,0,0,1,0,0,0,1,0,290008,NORTHEASTERN NEVADA REGIONAL HOSPITAL,3,180,15
310115,AHS HOSPITAL CORP,651 WILLOW GROVE ST,HACKETTSTOWN,NJ,Northeast,7840,WARREN,Acute Care Hospitals,Voluntary non-profit - Private,true,3,0,0,1,0,0,0,1,0,310115,AHS HOSPITAL CORP,2,476,21
321311,GILA REGIONAL MEDICAL CENTER,1313 E 32ND ST,SILVER CITY,NM,West,88061,GRANT,Critical Access Hospitals,Government - Local,true,2,0,0,0,0,0,1,0,1,321311,GILA REGIONAL MEDICAL CENTER,4,151,21
330175,GUTHRIE CORTLAND REGIONAL MEDICAL CENTER,134 HOMER AVENUE,CORTLAND,NY,Northeast,13045,CORTLAND,Acute Care Hospitals,Voluntary non-profit - Private,true,3,0,0,1,1,1,0,1,2,330175,GUTHRIE CORTLAND REGIONAL MEDICAL CENTER,2,531,23
360092,MEMORIAL HOSPITAL,500 LONDON AVENUE,MARYSVILLE,OH,Midwest,43040,UNION,Acute Care Hospitals,Government - Local,true,5,0,0,0,0,0,1,0,1,360092,MEMORIAL HOSPITAL,4,512,21
360210,GRADY MEMORIAL HOSPITAL,561 WEST CENTRAL AVENUE,DELAWARE,OH,Midwest,43015,DELAWARE,Acute Care Hospitals,Voluntary non-profit - Private,true,4,0,0,0,0,0,0,0,0,360210,GRADY MEMORIAL HOSPITAL,4,460,26
390032,ALLEGHENY VALLEY HOSPITAL,1301 CARLISLE ST,NATRONA,PA,Northeast,15065,ALLEGHENY,Acute Care Hospitals,Voluntary non-profit - Private,true,4,0,0,0,0,0,0,0,0,390032,ALLEGHENY VALLEY HOSPITAL,3,422,25
420053,NEWBERRY COUNTY MEMORIAL HOSPITAL,2669 KINARD ST PO BOX 497,NEWBERRY,SC,South,29108,NEWBERRY,Acute Care Hospitals,Voluntary non-profit - Other,true,3,1,0,0,0,0,0,1,0,420053,NEWBERRY COUNTY MEMORIAL HOSPITAL,4,209,23
420101,COASTAL CAROLINA HOSPITAL,1000 MEDICAL CENTER DRIVE,HARDEEVILLE,SC,South,29927,JASPER,Acute Care Hospitals,Proprietary,true,4,0,0,0,0,0,1,0,1,420101,COASTAL CAROLINA HOSPITAL,2,444,17
430008,BROOKINGS HEALTH SYSTEM,300 22ND AVE,BROOKINGS,SD,Midwest,57006,BROOKINGS,Acute Care Hospitals,Government - Local,true,4,0,0,0,0,0,1,0,1,430008,BROOKINGS HEALTH SYSTEM,4,273,31
450072,CHI ST LUKE'S HEALTH BRAZOSPORT,100 MEDICAL DRIVE,LAKE JACKSON,TX,South,77566,BRAZORIA,Acute Care Hospitals,Voluntary non-profit - Private,true,4,0,0,1,0,0,0,1,0,450072,CHI ST LUKE'S HEALTH BRAZOSPORT,4,441,14
450876,LUBBOCK HEART HOSPITAL LP,4810 NORTH LOOP 289,LUBBOCK,TX,South,79416,LUBBOCK,Acute Care Hospitals,Government - Hospital District or Authority,true,2,0,0,1,0,0,0,1,0,450876,LUBBOCK HEART HOSPITAL LP,4,428,31
490019,UVA HEALTH CULPEPER MEDICAL CENTER,501 SUNSET LANE,CULPEPER,VA,South,22701,CULPEPER,Acute Care Hospitals,Voluntary non-profit - Private,true,3,0,0,0,0,1,0,0,1,490019,UVA HEALTH CULPEPER MEDICAL CENTER,2,469,18
490090,"SOUTHSIDE COMMUNITY HOSPITAL, INC",800 OAK STREET,FARMVILLE,VA,South,23901,PRINCE EDWARD,Acute Care Hospitals,Voluntary non-profit - Private,true,4,0,0,0,0,0,0,0,0,490090,"SOUTHSIDE COMMUNITY HOSPITAL, INC",4,355,19
490098,COMMUNITY MEMORIAL HOSPITAL,1755 NORTH MECKLENBURG AVENUE,SOUTH HILL,VA,South,23970,MECKLENBURG,Acute Care Hospitals,Government - Hospital District or Authority,true,3,0,0,1,0,1,1,1,2,490098,COMMUNITY MEMORIAL HOSPITAL,4,417,16
490114,LONESOME PINE HOSPITAL,1990 HOLTON AVENUE EAST,BIG STONE GAP,VA,South,24219,WISE,Acute Care Hospitals,Voluntary non-profit - Private,true,2,0,0,0,0,0,1,0,1,490114,LONESOME PINE HOSPITAL,5,154,16
510013,REYNOLDS MEMORIAL HOSPITAL,800 WHEELING AVE,GLEN DALE,WV,South,26038,MARSHALL,Acute Care Hospitals,Voluntary non-profit - Private,true,3,0,0,0,0,1,0,0,1,510013,REYNOLDS MEMORIAL HOSPITAL,4,451,26
510030,DAVIS MEDICAL CENTER,812 GORMAN AVENUE,ELKINS,WV,South,26241,RANDOLPH,Acute Care Hospitals,Voluntary non-profit - Private,true,3,0,0,0,0,0,0,0,0,510030,DAVIS MEDICAL CENTER,3,298,17
520033,ASPIRUS RIVERVIEW HOSPITAL & CLINICS INC,410 DEWEY ST,WISCONSIN RAPIDS,WI,Midwest,54494,WOOD,Acute Care Hospitals,Voluntary non-profit - Private,true,3,0,0,0,0,0,1,0,1,520033,ASPIRUS RIVERVIEW HOSPITAL & CLINICS INC,4,345,20
520107,HOLY FAMILY MEMORIAL,2300 WESTERN AVE,MANITOWOC,WI,Midwest,54221,MANITOWOC,Acute Care Hospitals,Voluntary non-profit - Other,true,3,0,0,0,0,0,0,0,0,520107,HOLY FAMILY MEMORIAL,4,374,36
20008,BARTLETT REGIONAL HOSPITAL,3260 HOSPITAL DR,JUNEAU,AK,West,99801,JUNEAU,Acute Care Hospitals,Government - Local,true,5,0,0,0,0,0,0,0,0,20008,BARTLETT REGIONAL HOSPITAL,4,173,18
30007,VERDE VALLEY MEDICAL CENTER,269 SOUTH CANDY LANE,COTTONWOOD,AZ,West,86326,YAVAPAI,Acute Care Hospitals,Voluntary non-profit - Private,true,3,0,1,0,0,1,0,1,1,30007,VERDE VALLEY MEDICAL CENTER,3,737,25
40017,NORTH ARKANSAS REGIONAL MEDICAL CENTER,620 NORTH MAIN STREET,HARRISON,AR,South,72601,BOONE,Acute Care Hospitals,Voluntary non-profit - Private,true,3,1,0,0,0,0,1,1,1,40017,NORTH ARKANSAS REGIONAL MEDICAL CENTER,3,265,19
50014,SUTTER AMADOR HOSPITAL,200 MISSION BLVD,JACKSON,CA,West,95642,AMADOR,Acute Care Hospitals,Voluntary non-profit - Private,true,4,0,0,0,0,0,0,0,0,50014,SUTTER AMADOR HOSPITAL,4,315,20
70003,DAY KIMBALL HOSPITAL,320 POMFRET STREET,PUTNAM,CT,Northeast,6260,WINDHAM,Acute Care Hospitals,Voluntary non-profit - Private,true,3,0,0,1,0,0,0,1,0,70003,DAY KIMBALL HOSPITAL,3,404,23
70021,WINDHAM COMMUNITY MEMORIAL HOSPITAL,112 MANSFIELD AVENUE,WILLIMANTIC,CT,Northeast,6226,WINDHAM,Acute Care Hospitals,Voluntary non-profit - Private,true,3,0,0,0,0,0,0,0,0,70021,WINDHAM COMMUNITY MEMORIAL HOSPITAL,3,352,23
100142,JACKSON HOSPITAL,4250 HOSPITAL DR,MARIANNA,FL,South,32446,JACKSON,Acute Care Hospitals,Government - Hospital District or Authority,true,1,1,0,1,0,0,0,2,0,100142,JACKSON HOSPITAL,4,271,17
110015,TANNER MEDICAL CENTER VILLA RICA,601 DALLAS HIGHWAY,VILLA RICA,GA,South,30180,CARROLL,Acute Care Hospitals,Government - Hospital District or Authority,true,2,0,0,3,0,1,0,3,1,110015,TANNER MEDICAL CENTER VILLA RICA,3,431,13
110128,MEMORIAL HEALTH MEADOWS HOSPITAL,ONE MEADOWS PARKWAY,VIDALIA,GA,South,30474,TOOMBS,Acute Care Hospitals,Proprietary,true,5,0,0,0,0,0,0,0,0,110128,MEMORIAL HEALTH MEADOWS HOSPITAL,4,436,15
130003,ST JOSEPH REGIONAL MEDICAL CENTER,415 SIXTH STREET,LEWISTON,ID,West,83501,NEZ PERCE,Acute Care Hospitals,Voluntary non-profit - Private,true,2,0,0,1,0,0,1,1,1,130003,ST JOSEPH REGIONAL MEDICAL CENTER,3,628,26
150006,NORTHWEST HEALTH-LA PORTE,1007 LINCOLNWAY,LA PORTE,IN,Midwest,46350,LA PORTE,Acute Care Hospitals,Voluntary non-profit - Private,true,3,0,0,1,0,0,0,1,0,150006,NORTHWEST HEALTH-LA PORTE,3,483,21
150037,HANCOCK REGIONAL HOSPITAL,801 N STATE ST,GREENFIELD,IN,Midwest,46140,HANCOCK,Acute Care Hospitals,Government - Local,true,4,0,0,0,0,1,0,0,1,150037,HANCOCK REGIONAL HOSPITAL,4,578,33
160112,SPENCER MUNICIPAL HOSPITAL,1200 1ST AVENUE EAST,SPENCER,IA,Midwest,51301,CLAY,Acute Care Hospitals,Government - Local,true,4,0,0,0,0,0,1,0,1,160112,SPENCER MUNICIPAL HOSPITAL,4,297,33
210017,GARRETT REGIONAL MEDICAL CENTER,251 NORTH  FOURTH STREET,OAKLAND,MD,South,21550,GARRETT,Acute Care Hospitals,Voluntary non-profit - Private,true,4,1,0,0,0,0,2,1,2,210017,GARRETT REGIONAL MEDICAL CENTER,4,262,23
230080,MCLAREN CENTRAL MICHIGAN,1221 SOUTH DRIVE,MOUNT PLEASANT,MI,Midwest,48858,ISABELLA,Acute Care Hospitals,Voluntary non-profit - Private,true,4,0,0,1,0,0,0,1,0,230080,MCLAREN CENTRAL MICHIGAN,4,310,24
230239,CHIPPEWA COUNTY WAR MEMORIAL HOSPITAL,500 OSBORN BLVD,SAULT STE MARIE,MI,Midwest,49783,CHIPPEWA,Acute Care Hospitals,Voluntary non-profit - Private,true,1,0,1,0,0,0,0,1,0,230239,CHIPPEWA COUNTY WAR MEMORIAL HOSPITAL,4,388,35
260078,OZARKS HEALTHCARE,1100 KENTUCKY AVE,WEST PLAINS,MO,Midwest,65775,HOWELL,Acute Care Hospitals,Voluntary non-profit - Private,true,2,0,1,0,0,1,0,1,1,260078,OZARKS HEALTHCARE,3,351,17
260097,WESTERN MISSOURI MEDICAL CENTER,403 BURKARTH ROAD,WARRENSBURG,MO,Midwest,64093,JOHNSON,Acute Care Hospitals,Government - Local,true,3,0,0,0,0,0,0,0,0,260097,WESTERN MISSOURI MEDICAL CENTER,4,227,15
260175,GOLDEN VALLEY MEMORIAL HOSPITAL,1600 N 2ND ST,CLINTON,MO,Midwest,64735,HENRY,Acute Care Hospitals,Government - Hospital District or Authority,true,4,0,0,0,0,0,0,0,0,260175,GOLDEN VALLEY MEMORIAL HOSPITAL,4,399,23
270017,ST JAMES HOSPITAL,400 S CLARK ST,BUTTE,MT,West,59701,SILVER BOW,Acute Care Hospitals,Voluntary non-profit - Private,true,2,0,0,2,0,0,0,2,0,270017,ST JAMES HOSPITAL,4,381,21
280125,FAITH REGIONAL HEALTH SERVICES,2700 WEST NORFOLK AVE,NORFOLK,NE,Midwest,68701,MADISON,Acute Care Hospitals,Voluntary non-profit - Church,true,4,0,0,0,0,0,1,0,1,280125,FAITH REGIONAL HEALTH SERVICES,4,398,30
320022,PLAINS REGIONAL MEDICAL CENTER,"2100 N MARTIN LUTHER KING, JR, BLVD",CLOVIS,NM,West,88101,CURRY,Acute Care Hospitals,Voluntary non-profit - Private,true,2,0,0,1,0,0,0,1,0,320022,PLAINS REGIONAL MEDICAL CENTER,3,276,12
330079,ADIRONDACK MEDICAL CENTER - SARANAC LAKE,"2233 STATE ROUTE 86, PO BOX 471",SARANAC LAKE,NY,Northeast,12983,FRANKLIN,Acute Care Hospitals,Voluntary non-profit - Other,true,4,0,0,1,0,0,1,1,1,330079,ADIRONDACK MEDICAL CENTER - SARANAC LAKE,5,507,33
370047,"MERCY HOSPITAL ARDMORE, INC",1011 14TH AVE NW,ARDMORE,OK,South,73401,CARTER,Acute Care Hospitals,Voluntary non-profit - Church,true,4,0,0,0,0,1,0,0,1,370047,"MERCY HOSPITAL ARDMORE, INC",4,382,16
430015,AVERA ST MARY'S HOSPITAL,801 E SIOUX,PIERRE,SD,Midwest,57501,HUGHES,Acute Care Hospitals,Voluntary non-profit - Private,true,3,0,0,0,0,0,0,0,0,430015,AVERA ST MARY'S HOSPITAL,3,243,21
450236,CHRISTUS MOTHER FRANCES HOSPITAL SULPHUR SPRINGS,115 AIRPORT RD,SULPHUR SPRINGS,TX,South,75482,HOPKINS,Acute Care Hospitals,Voluntary non-profit - Private,true,4,1,0,0,0,1,0,1,1,450236,CHRISTUS MOTHER FRANCES HOSPITAL SULPHUR SPRINGS,4,363,18
450587,HENDRICK MEDICAL CENTER BROWNWOOD,1501 BURNET DR,BROWNWOOD,TX,South,76801,BROWN,Acute Care Hospitals,Proprietary,true,1,0,0,0,0,1,0,0,1,450587,HENDRICK MEDICAL CENTER BROWNWOOD,2,389,17
470011,BRATTLEBORO MEMORIAL HOSPITAL,17 BELMONT AVE,BRATTLEBORO,VT,Northeast,5301,WINDHAM,Acute Care Hospitals,Voluntary non-profit - Private,true,3,0,0,0,0,0,0,0,0,470011,BRATTLEBORO MEMORIAL HOSPITAL,3,265,21
470012,SOUTHWESTERN VERMONT MEDICAL CENTER,100 HOSPITAL DRIVE,BENNINGTON,VT,Northeast,5201,BENNINGTON,Acute Care Hospitals,Voluntary non-profit - Private,true,4,0,0,0,0,0,1,0,1,470012,SOUTHWESTERN VERMONT MEDICAL CENTER,3,331,22
490084,VCU HEALTH TAPPAHANNOCK HOSPITAL,618 HOSPITAL ROAD,TAPPAHANNOCK,VA,South,22560,ESSEX,Acute Care Hospitals,Voluntary non-profit - Private,true,4,0,0,0,0,0,0,0,0,490084,VCU HEALTH TAPPAHANNOCK HOSPITAL,4,280,20
500007,ISLAND HOSPITAL,1211  24TH STREET,ANACORTES,WA,West,98221,SKAGIT,Acute Care Hospitals,Government - Hospital District or Authority,true,5,0,0,0,0,0,1,0,1,500007,ISLAND HOSPITAL,4,352,27
520028,THE MONROE CLINIC,515 22ND AVE,MONROE,WI,Midwest,53566,GREEN,Acute Care Hospitals,Voluntary non-profit - Private,true,4,0,0,0,0,0,0,0,0,520028,THE MONROE CLINIC,4,541,30
670108,BAYLOR SCOTT & WHITE MEDICAL CENTER - MARBLE FALLS,810 W HIGHWAY 71,MARBLE FALLS,TX,South,78654,BURNET,Acute Care Hospitals,Voluntary non-profit - Private,true,5,0,0,0,0,0,0,0,0,670108,BAYLOR SCOTT & WHITE MEDICAL CENTER - MARBLE FALLS,4,400,20
50717,LAC/RANCHO LOS AMIGOS NATIONAL REHABILITATION  CTR,7601 EAST IMPERIAL HIGHWAY,DOWNEY,CA,West,90242,LOS ANGELES,Acute Care Hospitals,Government - Local,false,3,,1,0,,0,0,,,50717,LAC/RANCHO LOS AMIGOS NATIONAL REHABILITATION  CTR,4,137,13
400118,"DOCTORS' CENTER HOSPITAL, INC","MARGINAL CARRETERA NO 2, KM 47.7",MANATI,PR,US Territories,674,MANATI,Acute Care Hospitals,Proprietary,true,2,,0,0,,3,0,,,400118,"DOCTORS' CENTER HOSPITAL, INC",2,372,38
150115,MEMORIAL HOSPITAL AND HEALTH CARE CENTER,800 W 9TH ST,JASPER,IN,Midwest,47546,DUBOIS,Acute Care Hospitals,Voluntary non-profit - Private,true,4,1,0,1,0,1,0,2,1,150115,MEMORIAL HOSPITAL AND HEALTH CARE CENTER,4,426,28
230072,HOLLAND COMMUNITY HOSPITAL,602 MICHIGAN AVE,HOLLAND,MI,Midwest,49423,OTTAWA,Acute Care Hospitals,Voluntary non-profit - Private,true,5,0,0,0,0,1,0,0,1,230072,HOLLAND COMMUNITY HOSPITAL,4,320,20
250082,DELTA HEALTH SYSTEM - THE MEDICAL CENTER,1400 E UNION ST,GREENVILLE,MS,South,38701,WASHINGTON,Acute Care Hospitals,Government - Local,true,1,2,0,2,0,1,0,4,1,250082,DELTA HEALTH SYSTEM - THE MEDICAL CENTER,3,660,32
260025,HANNIBAL REGIONAL HOSPITAL,6000 HOSPITAL DR,HANNIBAL,MO,Midwest,63401,MARION,Acute Care Hospitals,Voluntary non-profit - Other,true,2,0,0,0,0,0,1,0,1,260025,HANNIBAL REGIONAL HOSPITAL,3,868,22
150149,THE WOMEN'S HOSPITAL,4199 GATEWAY BLVD,NEWBURGH,IN,Midwest,47630,WARRICK,Acute Care Hospitals,Proprietary,true,5,,0,0,,2,0,,,150149,THE WOMEN'S HOSPITAL,4,365,11
390339,PENN STATE HEALTH LANCASTER MEDICAL CENTER,2160 STATE ROAD,LANCASTER,PA,Northeast,17601,LANCASTER,Acute Care Hospitals,Voluntary non-profit - Private,true,3,0,0,0,0,1,0,0,1,390339,PENN STATE HEALTH LANCASTER MEDICAL CENTER,3,1386,27
400022,HOSPITAL DAMAS INC,PONCE BY PASS #2213,PONCE,PR,US Territories,717,PONCE,Acute Care Hospitals,Voluntary non-profit - Private,true,2,,1,0,,0,0,,,400022,HOSPITAL DAMAS INC,2,295,16
400114,MANATI MEDICAL CENTER DR OTERO LOPEZ,CARR 668 CALLE HERNANDEZ CARRION URB ATENAS,MANATI,PR,US Territories,674,MANATI,Acute Care Hospitals,Voluntary non-profit - Private,true,3,,0,0,,2,0,,,400114,MANATI MEDICAL CENTER DR OTERO LOPEZ,2,394,15
50738,GREATER EL MONTE COMMUNITY HOSPITAL,1701 SANTA ANITA AVE,SOUTH EL MONTE,CA,West,91733,LOS ANGELES,Acute Care Hospitals,Voluntary non-profit - Private,false,2,0,0,0,0,0,0,0,0,50738,GREATER EL MONTE COMMUNITY HOSPITAL,3,179,12
140095,SAINT ANTHONY HOSPITAL,2875 WEST 19TH STREET,CHICAGO,IL,Midwest,60623,COOK,Acute Care Hospitals,Voluntary non-profit - Private,true,1,0,0,0,0,1,0,0,1,140095,SAINT ANTHONY HOSPITAL,3,603,32
50024,PARADISE VALLEY HOSPITAL,2400 EAST 4TH ST,NATIONAL CITY,CA,West,91950,SAN DIEGO,Acute Care Hospitals,Proprietary,true,3,0,0,0,0,1,0,0,1,50024,PARADISE VALLEY HOSPITAL,2,380,20
50736,MONTEREY PARK HOSPITAL,900 S ATLANTIC BLVD,MONTEREY PARK,CA,West,91754,LOS ANGELES,Acute Care Hospitals,Proprietary,false,1,0,1,0,0,0,0,1,0,50736,MONTEREY PARK HOSPITAL,2,295,12
100050,LARKIN COMMUNITY HOSPITAL PALM SPRINGS CAMPUS,1475 W 49TH ST,HIALEAH,FL,South,33012,MIAMI-DADE,Acute Care Hospitals,Voluntary non-profit - Private,true,4,0,0,0,0,0,0,0,0,100050,LARKIN COMMUNITY HOSPITAL PALM SPRINGS CAMPUS,3,352,16
310083,CAREWELL HEALTH MEDICAL CENTER,300 CENTRAL AVE,EAST ORANGE,NJ,Northeast,7018,ESSEX,Acute Care Hospitals,Proprietary,true,1,0,0,1,0,1,0,1,1,310083,CAREWELL HEALTH MEDICAL CENTER,1,136,4
33016F,BRONX VA MEDICAL CENTER,130 WEST KINGSBRIDGE ROAD,BRONX,NY,Northeast,10468,BRONX,Acute Care - Veterans Administration,Veterans Health Administration,true,3,0,0,0,0,0,0,0,0,33016F,BRONX VA MEDICAL CENTER,3,319,24
370203,"COMMUNITY HOSPITAL, LLC",3100 SOUTHWEST 89TH STREET,OKLAHOMA CITY,OK,South,73159,OKLAHOMA,Acute Care Hospitals,Physician,true,4,,0,0,,0,0,,,370203,"COMMUNITY HOSPITAL, LLC",4,349,32
450092,FORT DUNCAN MEDICAL CENTER,3333 N FOSTER MALDONADO BLVD,EAGLE PASS,TX,South,78852,MAVERICK,Acute Care Hospitals,Proprietary,true,3,0,0,0,0,1,1,0,2,450092,FORT DUNCAN MEDICAL CENTER,2,144,5
450853,BAYLOR SCOTT & WHITE MEDICAL CENTER - FRISCO,5601 WARREN PARKWAY,FRISCO,TX,South,75034,DENTON,Acute Care Hospitals,Proprietary,true,2,,0,0,,1,0,,,450853,BAYLOR SCOTT & WHITE MEDICAL CENTER - FRISCO,4,255,12
40137,ST VINCENT MEDICAL CENTER/NORTH,2215 WILDWOOD AVENUE,SHERWOOD,AR,South,72120,PULASKI,Acute Care Hospitals,Voluntary non-profit - Church,true,4,0,0,0,0,1,0,0,1,40137,ST VINCENT MEDICAL CENTER/NORTH,3,580,21
50230,GARDEN GROVE HOSPITAL & MEDICAL CENTER,12601 GARDEN GROVE BLVD,GARDEN GROVE,CA,West,92843,ORANGE,Acute Care Hospitals,Proprietary,true,3,0,0,1,0,1,0,1,1,50230,GARDEN GROVE HOSPITAL & MEDICAL CENTER,2,354,18
50534,JOHN F KENNEDY MEMORIAL HOSPITAL,47111 MONROE STREET,INDIO,CA,West,92201,RIVERSIDE,Acute Care Hospitals,Proprietary,true,3,0,0,0,0,1,0,0,1,50534,JOHN F KENNEDY MEMORIAL HOSPITAL,2,501,10
50588,SAN DIMAS COMMUNITY HOSPITAL,1350 W COVINA BLVD,SAN DIMAS,CA,West,91773,LOS ANGELES,Acute Care Hospitals,Proprietary,true,1,0,0,1,0,0,0,1,0,50588,SAN DIMAS COMMUNITY HOSPITAL,2,396,29
50735,WHITTIER HOSPITAL MEDICAL CENTER,9080 COLIMA RD,WHITTIER,CA,West,90605,LOS ANGELES,Acute Care Hospitals,Proprietary,true,2,0,0,1,0,1,0,1,1,50735,WHITTIER HOSPITAL MEDICAL CENTER,3,456,14
60004,INTERMOUNTAIN HEALTH PLATTE VALLEY HOSPITAL,1600 PRAIRIE CENTER PKWY,BRIGHTON,CO,West,80601,ADAMS,Acute Care Hospitals,Voluntary non-profit - Private,true,3,0,0,0,0,1,0,0,1,60004,INTERMOUNTAIN HEALTH PLATTE VALLEY HOSPITAL,4,417,14
100121,BARTOW REGIONAL MEDICAL CENTER,2200 OSPREY BLVD,BARTOW,FL,South,33830,POLK,Acute Care Hospitals,Proprietary,true,2,0,0,1,0,0,0,1,0,100121,BARTOW REGIONAL MEDICAL CENTER,3,519,16
110233,"SOUTHEASTERN REGIONAL MEDICAL CENTER, INC",600 CELEBRATE LIFE PARKWAY NORTH,NEWNAN,GA,South,30265,COWETA,Acute Care Hospitals,Proprietary,false,4,,0,0,,0,0,,,110233,"SOUTHEASTERN REGIONAL MEDICAL CENTER, INC",5,231,26
13003F,BOISE VA MEDICAL CENTER,500 W. FORT STREET,BOISE,ID,West,83702,ADA,Acute Care - Veterans Administration,Veterans Health Administration,true,5,0,0,0,1,0,1,0,2,13003F,BOISE VA MEDICAL CENTER,5,547,43
150153,ST VINCENT HEART CENTER,10580 N MERIDIAN ST,CARMEL,IN,Midwest,46290,HAMILTON,Acute Care Hospitals,Proprietary,true,5,0,0,0,0,1,1,0,2,150153,ST VINCENT HEART CENTER,4,180,40
23037F,DETROIT (JOHN D. DINGELL) VA MEDICAL CENTER,4646 JOHN R.,DETROIT,MI,Midwest,48201,WAYNE,Acute Care - Veterans Administration,Veterans Health Administration,true,5,0,0,0,2,0,1,0,3,23037F,DETROIT (JOHN D. DINGELL) VA MEDICAL CENTER,4,532,25
240019,ESSENTIA HEALTH DULUTH,502 EAST SECOND STREET,DULUTH,MN,Midwest,55805,ST. LOUIS,Acute Care Hospitals,Voluntary non-profit - Private,false,4,,0,0,,0,0,,,240019,ESSENTIA HEALTH DULUTH,3,307,28
250167,METHODIST HEALTHCARE - OLIVE BRANCH HOSPITAL,4250 BETHEL ROAD,OLIVE BRANCH,MS,South,38654,DE SOTO,Acute Care Hospitals,Voluntary non-profit - Private,true,5,0,0,0,0,1,1,0,2,250167,METHODIST HEALTHCARE - OLIVE BRANCH HOSPITAL,3,503,14
29004F,VA SOUTHERN NEVADA HEALTHCARE SYSTEM,6900 NORTH PECOS ROAD,N. LAS VEGAS,NV,West,89086,CLARK,Acute Care - Veterans Administration,Veterans Health Administration,true,5,0,0,0,2,0,1,0,3,29004F,VA SOUTHERN NEVADA HEALTHCARE SYSTEM,3,415,28
33009F,ALBANY VA MEDICAL CENTER,113 HOLLAND AVENUE,ALBANY,NY,Northeast,12208,ALBANY,Acute Care - Veterans Administration,Veterans Health Administration,true,3,0,0,0,1,0,0,0,1,33009F,ALBANY VA MEDICAL CENTER,3,529,33
33019F,NORTHPORT VA MEDICAL CENTER,79 MIDDLEVILLE ROAD,NORTHPORT,NY,Northeast,11768,SUFFOLK,Acute Care - Veterans Administration,Veterans Health Administration,true,4,0,0,0,0,0,0,0,0,33019F,NORTHPORT VA MEDICAL CENTER,4,374,35
360087,LUTHERAN HOSPITAL,1730 WEST 25TH STREET,CLEVELAND,OH,Midwest,44113,CUYAHOGA,Acute Care Hospitals,Voluntary non-profit - Private,true,3,0,0,0,0,0,1,0,1,360087,LUTHERAN HOSPITAL,2,386,15
450730,CARROLLTON REGIONAL MEDICAL CENTER,4343 NORTH JOSEY LANE,CARROLLTON,TX,South,75010,DENTON,Acute Care Hospitals,Proprietary,true,2,0,0,1,0,0,0,1,0,450730,CARROLLTON REGIONAL MEDICAL CENTER,2,247,13
460023,AMERICAN FORK HOSPITAL,170 NORTH 1100 EAST,AMERICAN FORK,UT,West,84003,UTAH,Acute Care Hospitals,Voluntary non-profit - Private,true,4,0,0,0,0,1,2,0,3,460023,AMERICAN FORK HOSPITAL,4,851,18
670053,ST LUKE'S SUGAR LAND HOSPITAL,1317 LAKE POINTE PARKWAY,SUGAR LAND,TX,South,77478,FORT BEND,Acute Care Hospitals,Voluntary non-profit - Private,true,3,0,0,1,0,1,0,1,1,670053,ST LUKE'S SUGAR LAND HOSPITAL,2,284,9
670106,HCA HOUSTON HEALTHCARE PEARLAND,11100 SHADOW CREEK PARKWAY,PEARLAND,TX,South,77584,BRAZORIA,Acute Care Hospitals,Proprietary,true,3,0,0,1,0,1,0,1,1,670106,HCA HOUSTON HEALTHCARE PEARLAND,2,273,8
01014F,BIRMINGHAM VA MEDICAL CENTER,700 SOUTH 19TH STREET,BIRMINGHAM,AL,South,35233,JEFFERSON,Acute Care - Veterans Administration,Veterans Health Administration,true,5,0,0,0,2,0,0,0,2,01014F,BIRMINGHAM VA MEDICAL CENTER,4,439,21
30105,BANNER HEART HOSPITAL,6750 EAST BAYWOOD AVENUE,MESA,AZ,West,85206,MARICOPA,Acute Care Hospitals,Voluntary non-profit - Private,false,3,0,0,0,0,0,1,0,1,30105,BANNER HEART HOSPITAL,3,895,27
03012F,PHOENIX VA MEDICAL CENTER,650 E. INDIAN SCHOOL ROAD,PHOENIX,AZ,West,85012,MARICOPA,Acute Care - Veterans Administration,Veterans Health Administration,true,5,0,0,0,2,0,2,0,4,03012F,PHOENIX VA MEDICAL CENTER,3,482,29
30130,BANNER IRONWOOD MEDICAL CENTER,37000 NORTH GANTZEL ROAD,QUEEN CREEK,AZ,West,85140,PINAL,Acute Care Hospitals,Voluntary non-profit - Private,true,3,0,0,1,0,1,0,1,1,30130,BANNER IRONWOOD MEDICAL CENTER,3,518,17
03013F,VA S. ARIZONA HEALTHCARE SYSTEM,3601 SOUTH SIXTH AVENUE,TUCSON,AZ,West,85723,PIMA,Acute Care - Veterans Administration,Veterans Health Administration,true,4,0,1,0,2,0,0,1,2,03013F,VA S. ARIZONA HEALTHCARE SYSTEM,4,434,36
50234,SHARP CORONADO HOSPITAL AND HLTHCR CTR,250 PROSPECT PLACE,CORONADO,CA,West,92118,SAN DIEGO,Acute Care Hospitals,Proprietary,true,5,0,0,0,0,0,0,0,0,50234,SHARP CORONADO HOSPITAL AND HLTHCR CTR,4,390,18
05027F,VA LONG BEACH HEALTHCARE SYSTEM,5901 E. SEVENTH STREET,LONG BEACH,CA,West,90822,LOS ANGELES,Acute Care - Veterans Administration,Veterans Health Administration,true,3,0,0,0,2,0,0,0,2,05027F,VA LONG BEACH HEALTHCARE SYSTEM,3,504,23
05031F,PALO ALTO VA MEDICAL CENTER,3801 MIRANDA AVENUE,PALO ALTO,CA,West,94304,SANTA CLARA,Acute Care - Veterans Administration,Veterans Health Administration,true,5,0,0,0,2,0,0,0,2,05031F,PALO ALTO VA MEDICAL CENTER,4,533,35
50782,CASA COLINA HOSPITAL,255 E BONITA AVE,POMONA,CA,West,91767,LOS ANGELES,Acute Care Hospitals,Voluntary non-profit - Private,false,3,0,0,0,0,0,1,0,1,50782,CASA COLINA HOSPITAL,4,115,24
05114F,VA SAN DIEGO HEALTHCARE SYSTEM,3350 LA JOLLA VILLAGE DRIVE,SAN DIEGO,CA,West,92161,SAN DIEGO,Acute Care - Veterans Administration,Veterans Health Administration,true,5,0,0,1,2,0,0,1,2,05114F,VA SAN DIEGO HEALTHCARE SYSTEM,4,492,27
05127F,LOMA LINDA VA MEDICAL CENTER,11201 BENTON STREET,LOMA LINDA,CA,West,92357,SAN BERNARDINO,Acute Care - Veterans Administration,Veterans Health Administration,true,4,0,0,0,0,0,1,0,1,05127F,LOMA LINDA VA MEDICAL CENTER,3,443,27
05128F,VA GREATER LOS ANGELES HEALTHCARE SYSTEM,11301 WILSHIRE BLVD.,LOS ANGELES,CA,West,90073,LOS ANGELES,Acute Care - Veterans Administration,Veterans Health Administration,true,3,0,0,3,2,0,0,3,2,05128F,VA GREATER LOS ANGELES HEALTHCARE SYSTEM,3,578,23
05130F,SAN FRANCISCO VA MEDICAL CENTER,4150 CLEMENT STREET,SAN FRANCISCO,CA,West,94121,SAN FRANCISCO,Acute Care - Veterans Administration,Veterans Health Administration,true,4,0,0,1,2,0,0,1,2,05130F,SAN FRANCISCO VA MEDICAL CENTER,4,525,32
06005F,VA EASTERN COLORADO HEALTHCARE SYSTEM,1700 NORTH WHEELING STREET,AURORA,CO,West,80045,ADAMS,Acute Care - Veterans Administration,Veterans Health Administration,true,5,0,0,0,2,0,2,0,4,06005F,VA EASTERN COLORADO HEALTHCARE SYSTEM,4,485,34
80003,ST FRANCIS HOSPITAL,7TH AND CLAYTON STS,WILMINGTON,DE,South,19805,NEW CASTLE,Acute Care Hospitals,Voluntary non-profit - Private,true,3,0,0,0,0,1,0,0,1,80003,ST FRANCIS HOSPITAL,3,321,12
09002F,WASHINGTON DC VA MEDICAL CENTER,50 IRVING STREET N.W.,WASHINGTON,DC,South,20422,THE DISTRICT,Acute Care - Veterans Administration,Veterans Health Administration,true,3,0,1,1,3,0,1,2,4,09002F,WASHINGTON DC VA MEDICAL CENTER,3,482,21
100043,MEASE DUNEDIN HOSPITAL,601 MAIN ST,DUNEDIN,FL,South,34698,PINELLAS,Acute Care Hospitals,Voluntary non-profit - Private,true,4,0,0,0,0,0,1,0,1,100043,MEASE DUNEDIN HOSPITAL,4,718,21
10009F,BAY PINES VA MEDICAL CENTER,10000 BAY PINES BLVD.,BAY PINES,FL,South,33744,PINELLAS,Acute Care - Veterans Administration,Veterans Health Administration,true,3,0,0,3,1,0,0,3,1,10009F,BAY PINES VA MEDICAL CENTER,4,488,36
100125,HOMESTEAD HOSPITAL,975 BAPTIST WAY,HOMESTEAD,FL,South,33033,MIAMI-DADE,Acute Care Hospitals,Voluntary non-profit - Private,true,4,0,0,0,0,1,0,0,1,100125,HOMESTEAD HOSPITAL,3,380,9
10057F,VA NORTH FLORIDA/SOUTH GEORGIA HEALTHCARE SYSTEM - GAINESVILLE,1601 S W ARCHER ROAD,GAINESVILLE,FL,South,32608,ALACHUA,Acute Care - Veterans Administration,Veterans Health Administration,true,3,0,0,3,2,0,0,3,2,10057F,VA NORTH FLORIDA/SOUTH GEORGIA HEALTHCARE SYSTEM - GAINESVILLE,4,469,34
10063F,TAMPA VA MEDICAL CENTER,13000 BRUCE B DOWNS BLVD.,TAMPA,FL,South,33612,HILLSBOROUGH,Acute Care - Veterans Administration,Veterans Health Administration,true,4,0,0,2,3,1,0,2,4,10063F,TAMPA VA MEDICAL CENTER,4,473,32
10064F,MIAMI VA MEDICAL CENTER,1201 N W 16TH STREET,MIAMI,FL,South,33125,MIAMI-DADE,Acute Care - Veterans Administration,Veterans Health Administration,true,4,0,1,0,2,0,0,1,2,10064F,MIAMI VA MEDICAL CENTER,4,499,25
10065F,W PALM BEACH VA MEDICAL CENTER,7305 N. MILITARY TRAIL,WEST PALM BEACH,FL,South,33410,PALM BEACH,Acute Care - Veterans Administration,Veterans Health Administration,true,3,0,1,0,1,0,0,1,1,10065F,W PALM BEACH VA MEDICAL CENTER,3,444,29
10099F,ORLANDO VA MEDICAL CENTER,13800 VETERANS WAY,ORLANDO,FL,South,32827,ORANGE,Acute Care - Veterans Administration,Veterans Health Administration,true,5,0,0,1,2,0,1,1,3,10099F,ORLANDO VA MEDICAL CENTER,4,459,31
110225,PIEDMONT MOUNTAINSIDE HOSPITAL INC,1266 HIGHWAY 515 SOUTH,JASPER,GA,South,30143,PICKENS,Acute Care Hospitals,Voluntary non-profit - Other,false,4,0,0,0,0,1,0,0,1,110225,PIEDMONT MOUNTAINSIDE HOSPITAL INC,3,696,19
11029F,DECATUR (ATLANTA) VA MEDICAL CENTER,1670 CLAIRMONT ROAD,DECATUR,GA,South,30033,DE KALB,Acute Care - Veterans Administration,Veterans Health Administration,true,3,0,0,0,2,0,2,0,4,11029F,DECATUR (ATLANTA) VA MEDICAL CENTER,2,518,16
11030F,AUGUSTA VA MEDICAL CENTER,1 FREEDOM WAY,AUGUSTA,GA,South,30904,RICHMOND,Acute Care - Veterans Administration,Veterans Health Administration,true,3,0,0,1,2,0,0,1,2,11030F,AUGUSTA VA MEDICAL CENTER,4,318,22
14003F,JESSE BROWN VA MEDICAL CENTER - VA CHICAGO HEALTHCARE SYSTEM,820 S DAMEN STREET,CHICAGO,IL,Midwest,60612,COOK,Acute Care - Veterans Administration,Veterans Health Administration,true,5,0,0,0,3,0,0,0,3,14003F,JESSE BROWN VA MEDICAL CENTER - VA CHICAGO HEALTHCARE SYSTEM,4,517,20
14007F,HINES VA MEDICAL CENTER,5000 SOUTH 5TH AVENUE,HINES,IL,Midwest,60141,COOK,Acute Care - Veterans Administration,Veterans Health Administration,true,2,0,1,3,3,0,0,4,3,14007F,HINES VA MEDICAL CENTER,4,704,33
15003F,INDIANAPOLIS VA MEDICAL CENTER,1481 W. TENTH STREET,INDIANAPOLIS,IN,Midwest,46202,MARION,Acute Care - Veterans Administration,Veterans Health Administration,true,5,0,0,0,2,0,1,0,3,15003F,INDIANAPOLIS VA MEDICAL CENTER,3,550,30
160028,CHI HEALTH MERCY COUNCIL BLUFFS,800 MERCY DRIVE,COUNCIL BLUFFS,IA,Midwest,51503,POTTAWATTAMIE,Acute Care Hospitals,Voluntary non-profit - Private,true,3,0,0,1,0,1,0,1,1,160028,CHI HEALTH MERCY COUNCIL BLUFFS,3,564,17
16004F,IOWA CITY VA MEDICAL CENTER,601 HIGHWAY 6 WEST,IOWA CITY,IA,Midwest,52246,JOHNSON,Acute Care - Veterans Administration,Veterans Health Administration,true,5,0,0,0,1,0,0,0,1,16004F,IOWA CITY VA MEDICAL CENTER,4,542,43
18006F,LOUISVILLE VA MEDICAL CENTER,800 ZORN AVENUE,LOUISVILLE,KY,South,40206,JEFFERSON,Acute Care - Veterans Administration,Veterans Health Administration,true,5,0,0,0,1,0,1,0,2,18006F,LOUISVILLE VA MEDICAL CENTER,3,440,30
190006,OCHSNER UNIVERSITY HOSPITAL AND CLINICS,2390 WEST CONGRESS,LAFAYETTE,LA,South,70506,LAFAYETTE,Acute Care Hospitals,Voluntary non-profit - Private,true,1,0,1,1,0,1,0,2,1,190006,OCHSNER UNIVERSITY HOSPITAL AND CLINICS,4,243,11
19048F,OVERTON BROOKS VA MEDICAL CENTER (SHREVEPORT),510 EAST STONER AVENUE,SHREVEPORT,LA,South,71101,CADDO,Acute Care - Veterans Administration,Veterans Health Administration,true,2,0,1,0,0,0,0,1,0,19048F,OVERTON BROOKS VA MEDICAL CENTER (SHREVEPORT),3,450,26
21020F,VA MARYLAND HEALTHCARE SYSTEM - BALTIMORE,10 NORTH GREENE STREET,BALTIMORE,MD,South,21201,BALTIMORE CITY,Acute Care - Veterans Administration,Veterans Health Administration,true,3,0,0,0,2,0,1,0,3,21020F,VA MARYLAND HEALTHCARE SYSTEM - BALTIMORE,2,448,24
220049,UMASS MEMORIAL HEALTHCARE-MARLBOROUGH HOSPITAL,157 UNION STREET,MARLBOROUGH,MA,Northeast,1752,MIDDLESEX,Acute Care Hospitals,Voluntary non-profit - Private,true,2,0,0,1,0,0,0,1,0,220049,UMASS MEMORIAL HEALTHCARE-MARLBOROUGH HOSPITAL,3,464,23
23011F,VA ANN ARBOR HEALTHCARE SYSTEM,2215 FULLER ROAD,ANN ARBOR,MI,Midwest,48105,WASHTENAW,Acute Care - Veterans Administration,Veterans Health Administration,true,5,0,0,0,1,1,0,0,2,23011F,VA ANN ARBOR HEALTHCARE SYSTEM,5,507,42
230217,OAKLAWN HOSPITAL,200 N MADISON,MARSHALL,MI,Midwest,49068,CALHOUN,Acute Care Hospitals,Voluntary non-profit - Other,true,4,0,0,0,0,0,0,0,0,230217,OAKLAWN HOSPITAL,4,454,22
24003F,MINNEAPOLIS VA MEDICAL CENTER,ONE VETERANS DRIVE,MINNEAPOLIS,MN,Midwest,55417,HENNEPIN,Acute Care - Veterans Administration,Veterans Health Administration,true,5,0,0,1,2,1,1,1,4,24003F,MINNEAPOLIS VA MEDICAL CENTER,4,553,37
250025,NORTH MISSISSIPPI MEDICAL CENTER-GILMORE AMORY,1105 EARL FRYE BLVD,AMORY,MS,South,38821,MONROE,Acute Care Hospitals,Proprietary,true,4,1,0,0,0,1,1,1,2,250025,NORTH MISSISSIPPI MEDICAL CENTER-GILMORE AMORY,4,288,15
26004F,KANSAS CITY VA MEDICAL CENTER,4801 LINWOOD BLVD.,KANSAS CITY,MO,Midwest,64128,JACKSON,Acute Care - Veterans Administration,Veterans Health Administration,true,5,0,0,0,2,0,1,0,3,26004F,KANSAS CITY VA MEDICAL CENTER,3,485,31
26023F,COLUMBIA MO VA MEDICAL CENTER,800 HOSPITAL DR,COLUMBIA,MO,Midwest,65201,BOONE,Acute Care - Veterans Administration,Veterans Health Administration,true,4,0,0,1,0,0,0,1,0,26023F,COLUMBIA MO VA MEDICAL CENTER,4,533,43
28006F,OMAHA VA MEDICAL CENTER (VA NEBRASKA WESTERN IOWA HEALTHCARE SYSTEM),4101 WOOLWORTH AVENUE,OMAHA,NE,Midwest,68105,DOUGLAS,Acute Care - Veterans Administration,Veterans Health Administration,true,5,0,1,0,1,0,2,1,3,28006F,OMAHA VA MEDICAL CENTER (VA NEBRASKA WESTERN IOWA HEALTHCARE SYSTEM),4,422,32
310061,VIRTUA WILLINGBORO HOSPITAL,218A SUNSET ROAD,WILLINGBORO,NJ,Northeast,8046,BURLINGTON,Acute Care Hospitals,Voluntary non-profit - Private,true,2,0,0,1,0,0,0,1,0,310061,VIRTUA WILLINGBORO HOSPITAL,2,378,13
32005F,VA NEW MEXICO HEALTHCARE SYSTEM,1501 SAN PEDRO DRIVE SE,ALBUQUERQUE,NM,West,87108,BERNALILLO,Acute Care - Veterans Administration,Veterans Health Administration,true,3,0,1,0,2,0,1,1,3,32005F,VA NEW MEXICO HEALTHCARE SYSTEM,4,482,32
330030,NEWARK-WAYNE COMMUNITY HOSPITAL,1200 DRIVING PARK AVENUE,NEWARK,NY,Northeast,14513,WAYNE,Acute Care Hospitals,Voluntary non-profit - Private,true,2,0,0,2,0,0,0,2,0,330030,NEWARK-WAYNE COMMUNITY HOSPITAL,3,775,22
33012F,UPSTATE NEW YORK VA HEALTHCARE SYSTEM (WESTERN NY VA HEALTHCARE SYSTEM),3495 BAILEY AVENUE,BUFFALO,NY,Northeast,14215,ERIE,Acute Care - Veterans Administration,Veterans Health Administration,true,4,0,0,0,2,0,0,0,2,33012F,UPSTATE NEW YORK VA HEALTHCARE SYSTEM (WESTERN NY VA HEALTHCARE SYSTEM),3,441,36
330188,MOUNT ST. MARY'S HOSPITAL & HEALTH CENTER,5300 MILITARY ROAD,LEWISTON,NY,Northeast,14092,NIAGARA,Acute Care Hospitals,Voluntary non-profit - Private,true,3,0,0,2,0,1,0,2,1,330188,MOUNT ST. MARY'S HOSPITAL & HEALTH CENTER,3,372,25
33024F,SYRACUSE VA MEDICAL CENTER,800 IRVING AVE.,SYRACUSE,NY,Northeast,13210,ONONDAGA,Acute Care - Veterans Administration,Veterans Health Administration,true,2,0,1,2,0,0,0,3,0,33024F,SYRACUSE VA MEDICAL CENTER,4,426,38
34012F,DURHAM VA MEDICAL CENTER,508 FULTON STREET,DURHAM,NC,South,27705,DURHAM,Acute Care - Veterans Administration,Veterans Health Administration,true,4,0,0,1,1,0,1,1,2,34012F,DURHAM VA MEDICAL CENTER,4,561,30
36001F,LOUIS STOKES CLEVELAND VA MEDICAL CENTER,10701 EAST BLVD,CLEVELAND,OH,Midwest,44106,CUYAHOGA,Acute Care - Veterans Administration,Veterans Health Administration,true,5,0,0,0,1,1,1,0,3,36001F,LOUIS STOKES CLEVELAND VA MEDICAL CENTER,4,512,32
36003F,CINCINNATI VA MEDICAL CENTER,3200 VINE STREET,CINCINNATI,OH,Midwest,45220,HAMILTON,Acute Care - Veterans Administration,Veterans Health Administration,true,5,0,0,0,2,0,2,0,4,36003F,CINCINNATI VA MEDICAL CENTER,4,442,32
360170,BERGER HOSPITAL,600 NORTH PICKAWAY STREET,CIRCLEVILLE,OH,Midwest,43113,PICKAWAY,Acute Care Hospitals,Government - Local,true,2,0,0,0,0,0,0,0,0,360170,BERGER HOSPITAL,4,484,22
360352,SURGICAL HOSPITAL AT SOUTHWOODS,7630 SOUTHERN BLVD,YOUNGSTOWN,OH,Midwest,44512,MAHONING,Acute Care Hospitals,Proprietary,false,4,,0,0,,0,0,,,360352,SURGICAL HOSPITAL AT SOUTHWOODS,5,247,47
380038,PROVIDENCE WILLAMETTE FALLS MEDICAL CENTER,1500 DIVISION STREET,OREGON CITY,OR,West,97045,CLACKAMAS,Acute Care Hospitals,Voluntary non-profit - Private,true,4,0,0,0,0,1,1,0,2,380038,PROVIDENCE WILLAMETTE FALLS MEDICAL CENTER,3,514,20
38003F,PORTLAND VA MEDICAL CENTER,3710 SW US VETERANS HOSPITAL,PORTLAND,OR,West,97239,MULTNOMAH,Acute Care - Veterans Administration,Veterans Health Administration,true,5,0,1,0,2,1,1,1,4,38003F,PORTLAND VA MEDICAL CENTER,4,531,32
39009F,PHILADELPHIA VA MEDICAL CENTER,3900 WOODLAND AVENUE,PHILADELPHIA,PA,Northeast,19104,PHILADELPHIA,Acute Care - Veterans Administration,Veterans Health Administration,true,5,0,0,0,3,1,0,0,4,39009F,PHILADELPHIA VA MEDICAL CENTER,3,463,23
39012F,VA PITTSBURGH HEALTHCARE SYSTEM - UNIV DR,UNIVERSITY DRIVE,PITTSBURGH,PA,Northeast,15240,ALLEGHENY,Acute Care - Veterans Administration,Veterans Health Administration,true,3,0,1,1,0,0,0,2,0,39012F,VA PITTSBURGH HEALTHCARE SYSTEM - UNIV DR,4,474,36
40003F,SAN JUAN VA MEDICAL CENTER,10 CALLE CASIA,SAN JUAN,PR,US Territories,921,SAN JUAN,Acute Care - Veterans Administration,Veterans Health Administration,true,2,0,1,4,2,1,0,5,3,40003F,SAN JUAN VA MEDICAL CENTER,4,529,30
42029F,CHARLESTON VA MEDICAL CENTER,109 BEE STREET,CHARLESTON,SC,South,29401,CHARLESTON,Acute Care - Veterans Administration,Veterans Health Administration,true,5,0,0,0,1,0,0,0,1,42029F,CHARLESTON VA MEDICAL CENTER,4,463,26
430012,AVERA SACRED HEART HOSPITAL,501 SUMMIT ST,YANKTON,SD,Midwest,57078,YANKTON,Acute Care Hospitals,Voluntary non-profit - Private,true,4,0,0,0,0,1,0,0,1,430012,AVERA SACRED HEART HOSPITAL,4,458,30
44016F,MOUNTAIN HOME VA MEDICAL CENTER,CORNER OF LAMONT STREET AND VETERANS WAY,MOUNTAIN HOME,TN,South,37684,WASHINGTON,Acute Care - Veterans Administration,Veterans Health Administration,true,5,0,0,0,2,0,1,0,3,44016F,MOUNTAIN HOME VA MEDICAL CENTER,4,484,43
44018F,VA MIDDLE TENNESSEE HEALTHCARE SYSTEM,1310 24TH AVENUE SOUTH,NASHVILLE,TN,South,37212,DAVIDSON,Acute Care - Veterans Administration,Veterans Health Administration,true,5,0,0,0,2,0,0,0,2,44018F,VA MIDDLE TENNESSEE HEALTHCARE SYSTEM,4,510,33
450330,OAKBEND MEDICAL CENTER,1705 JACKSON ST,RICHMOND,TX,South,77469,FORT BEND,Acute Care Hospitals,Government - Hospital District or Authority,true,2,0,1,0,0,0,0,1,0,450330,OAKBEND MEDICAL CENTER,2,253,14
450447,NAVARRO REGIONAL HOSPITAL,3201 WEST HIGHWAY 22,CORSICANA,TX,South,75110,NAVARRO,Acute Care Hospitals,Government - Hospital District or Authority,true,2,0,0,0,0,0,1,0,1,450447,NAVARRO REGIONAL HOSPITAL,2,215,11
450604,HILL COUNTRY MEMORIAL HOSPITAL,1020 SOUTH STATE HIGHWAY 16,FREDERICKSBURG,TX,South,78624,GILLESPIE,Acute Care Hospitals,Proprietary,true,4,0,0,0,0,1,1,0,2,450604,HILL COUNTRY MEMORIAL HOSPITAL,4,395,25
450747,PALESTINE REGIONAL MEDICAL CENTER,2900 S LOOP 256,PALESTINE,TX,South,75801,ANDERSON,Acute Care Hospitals,Proprietary,true,2,0,0,0,0,1,0,0,1,450747,PALESTINE REGIONAL MEDICAL CENTER,3,195,11
45074F,HOUSTON VA MEDICAL CENTER,2002 HOLCOMBE BLVD.,HOUSTON,TX,South,77030,HARRIS,Acute Care - Veterans Administration,Veterans Health Administration,true,4,0,0,1,3,1,0,1,4,45074F,HOUSTON VA MEDICAL CENTER,3,453,22
45090F,SAN ANTONIO VA MEDICAL CENTER (VA SOUTH TEXAS HEALTHCARE SYSTEM),7400 MERTON MINTER BLVD.,SAN ANTONIO,TX,South,78229,BEXAR,Acute Care - Veterans Administration,Veterans Health Administration,true,5,0,0,0,2,0,0,0,2,45090F,SAN ANTONIO VA MEDICAL CENTER (VA SOUTH TEXAS HEALTHCARE SYSTEM),4,535,25
46002F,VA SALT LAKE CITY HEALTHCARE - GEORGE E. WAHLEN VA MEDICAL CENTER,500 FOOTHILL BLVD.,SALT LAKE CITY,UT,West,84148,SALT LAKE,Acute Care - Veterans Administration,Veterans Health Administration,true,5,0,0,0,2,0,1,0,3,46002F,VA SALT LAKE CITY HEALTHCARE - GEORGE E. WAHLEN VA MEDICAL CENTER,4,502,33
460052,TIMPANOGOS REGIONAL HOSPITAL,750 WEST 800 NORTH,OREM,UT,West,84057,UTAH,Acute Care Hospitals,Proprietary,true,4,0,0,0,0,1,1,0,2,460052,TIMPANOGOS REGIONAL HOSPITAL,3,383,15
49010F,RICHMOND VA MEDICAL CENTER,1201 BROAD ROCK BOULEVARD,RICHMOND,VA,South,23249,RICHMOND CITY,Acute Care - Veterans Administration,Veterans Health Administration,true,5,0,0,0,2,0,2,0,4,49010F,RICHMOND VA MEDICAL CENTER,4,498,31
49011F,SALEM VA MEDICAL CENTER,1970 ROANOKE BOULEVARD,SALEM,VA,South,24153,SALEM CITY,Acute Care - Veterans Administration,Veterans Health Administration,true,5,0,0,0,1,0,1,0,2,49011F,SALEM VA MEDICAL CENTER,5,448,35
52003F,MILWAUKEE VA MEDICAL CENTER,5000 W. NATIONAL AVENUE,MILWAUKEE,WI,Midwest,53295,MILWAUKEE,Acute Care - Veterans Administration,Veterans Health Administration,true,4,0,0,3,0,0,0,3,0,52003F,MILWAUKEE VA MEDICAL CENTER,4,483,39
52004F,MADISON VA MEDICAL CENTER,2500 OVERLOOK TERRACE,MADISON,WI,Midwest,53705,DANE,Acute Care - Veterans Administration,Veterans Health Administration,true,5,0,0,1,2,0,0,1,2,52004F,MADISON VA MEDICAL CENTER,5,511,43
520102,AURORA LAKELAND MEDICAL CENTER,W3985 COUNTY ROAD NN,ELKHORN,WI,Midwest,53121,WALWORTH,Acute Care Hospitals,Voluntary non-profit - Private,true,4,0,0,0,0,0,1,0,1,520102,AURORA LAKELAND MEDICAL CENTER,4,535,24
670031,ST LUKE'S PATIENTS MEDICAL CENTER,4600 EAST SAM HOUSTON PARKWAY SOUTH,PASADENA,TX,South,77505,HARRIS,Acute Care Hospitals,Proprietary,true,4,0,0,1,0,0,0,1,0,670031,ST LUKE'S PATIENTS MEDICAL CENTER,2,390,17
10049,MEDICAL CENTER ENTERPRISE,400 N EDWARDS STREET,ENTERPRISE,AL,South,36330,COFFEE,Acute Care Hospitals,Proprietary,true,3,0,0,0,0,0,0,0,0,10049,MEDICAL CENTER ENTERPRISE,4,383,17
30101,WESTERN ARIZONA REGIONAL MEDICAL CENTER,2735 SILVER CREEK ROAD,BULLHEAD CITY,AZ,West,86442,MOHAVE,Acute Care Hospitals,Proprietary,true,2,0,0,0,0,0,1,0,1,30101,WESTERN ARIZONA REGIONAL MEDICAL CENTER,2,737,22
50110,LOMPOC VALLEY MEDICAL CENTER,1515 E OCEAN AVENUE,LOMPOC,CA,West,93436,SANTA BARBARA,Acute Care Hospitals,Government - Hospital District or Authority,true,1,1,0,1,0,0,0,2,0,50110,LOMPOC VALLEY MEDICAL CENTER,2,220,15
50289,AHMC SETON MEDICAL CENTER,1900 SULLIVAN AVENUE,DALY CITY,CA,West,94015,SAN MATEO,Acute Care Hospitals,Voluntary non-profit - Church,true,1,0,0,2,0,0,0,2,0,50289,AHMC SETON MEDICAL CENTER,2,270,20
50633,ADVENTIST HEALTH TWIN CITIES,1100 LAS TABLAS RD,TEMPLETON,CA,West,93465,SAN LUIS OBISPO,Acute Care Hospitals,Proprietary,true,2,0,0,1,0,1,0,1,1,50633,ADVENTIST HEALTH TWIN CITIES,2,474,18
60012,ST MARY-CORWIN HOSPITAL,1008 MINNEQUA AVE,PUEBLO,CO,West,81004,PUEBLO,Acute Care Hospitals,Voluntary non-profit - Church,false,3,0,0,0,0,0,0,0,0,60012,ST MARY-CORWIN HOSPITAL,4,289,19
60103,ADVENTHEALTH AVISTA,100 HEALTH PARK DR,LOUISVILLE,CO,West,80027,BOULDER,Acute Care Hospitals,Voluntary non-profit - Church,false,4,0,0,0,0,1,2,0,3,60103,ADVENTHEALTH AVISTA,4,322,14
100266,GULF BREEZE HOSPITAL,1110 GULF BREEZE PKWY,GULF BREEZE,FL,South,32561,SANTA ROSA,Acute Care Hospitals,Voluntary non-profit - Other,true,4,0,0,0,2,0,0,0,2,100266,GULF BREEZE HOSPITAL,4,487,25
100291,ORLANDO HEALTH MELBOURNE HOSPITAL,250 NORTH WICKHAM ROAD,MELBOURNE,FL,South,32935,BREVARD,Acute Care Hospitals,Voluntary non-profit - Private,true,2,0,0,0,0,1,0,0,1,100291,ORLANDO HEALTH MELBOURNE HOSPITAL,2,696,23
110002,UPSON REGIONAL MEDICAL CENTER,801 W GORDON STREET,THOMASTON,GA,South,30286,UPSON,Acute Care Hospitals,Voluntary non-profit - Other,true,2,2,0,1,0,0,0,3,0,110002,UPSON REGIONAL MEDICAL CENTER,4,263,17
120014,WILCOX MEMORIAL HOSPITAL,3-3420 KUHIO HIGHWAY,LIHUE,HI,West,96766,KAUAI,Acute Care Hospitals,Government - Federal,true,2,1,0,1,0,1,0,2,1,120014,WILCOX MEMORIAL HOSPITAL,3,471,23
140001,GRAHAM HOSPITAL ASSOCIATION,210 WEST WALNUT STREET,CANTON,IL,Midwest,61520,FULTON,Acute Care Hospitals,Voluntary non-profit - Private,true,2,0,0,0,0,0,0,0,0,140001,GRAHAM HOSPITAL ASSOCIATION,3,171,20
160016,TRINITY REGIONAL MEDICAL CENTER,802 KENYON RD,FORT DODGE,IA,Midwest,50501,WEBSTER,Acute Care Hospitals,Voluntary non-profit - Private,true,1,1,1,0,0,0,1,2,1,160016,TRINITY REGIONAL MEDICAL CENTER,3,561,21
170068,SOUTHWEST MEDICAL CENTER,315 WEST 15TH STREET,LIBERAL,KS,Midwest,67901,SEWARD,Acute Care Hospitals,Government - Local,true,1,0,1,1,0,0,0,2,0,170068,SOUTHWEST MEDICAL CENTER,3,256,14
170120,LABETTE HEALTH,1902 SOUTH US HWY 59,PARSONS,KS,Midwest,67357,LABETTE,Acute Care Hospitals,Government - Local,true,2,1,0,0,0,0,1,1,1,170120,LABETTE HEALTH,4,232,25
220030,BAYSTATE WING HOSPITAL,40 WRIGHT STREET,PALMER,MA,Northeast,1069,HAMPDEN,Acute Care Hospitals,Voluntary non-profit - Other,true,5,0,0,0,1,1,0,0,2,220030,BAYSTATE WING HOSPITAL,3,637,24
230031,LAKE HURON MEDICAL CENTER,2601 ELECTRIC AVENUE,PORT HURON,MI,Midwest,48060,ST. CLAIR,Acute Care Hospitals,Voluntary non-profit - Church,true,4,0,0,0,0,1,1,0,2,230031,LAKE HURON MEDICAL CENTER,2,401,34
260057,CAMERON REGIONAL MEDICAL CENTER,1600 E EVERGREEN,CAMERON,MO,Midwest,64429,CLINTON,Acute Care Hospitals,Voluntary non-profit - Private,true,3,1,0,1,0,0,1,2,1,260057,CAMERON REGIONAL MEDICAL CENTER,3,207,34
280139,GRAND ISLAND REGIONAL MEDICAL CENTER,3533 PRAIRIEVIEW STREET,GRAND ISLAND,NE,Midwest,68803,HALL,Acute Care Hospitals,Voluntary non-profit - Private,true,2,0,1,0,0,0,0,1,0,280139,GRAND ISLAND REGIONAL MEDICAL CENTER,3,566,29
310031,DEBORAH HEART AND LUNG CENTER,200 TRENTON ROAD,BROWNS MILLS,NJ,Northeast,8015,BURLINGTON,Acute Care Hospitals,Voluntary non-profit - Private,false,4,0,0,2,0,2,0,2,2,310031,DEBORAH HEART AND LUNG CENTER,4,977,34
310130,HACKENSACK MERIDIAN HEALTH PASCACK VALLEY MEDICAL,250 OLD HOOK ROAD,WESTWOOD,NJ,Northeast,7675,BERGEN,Acute Care Hospitals,Proprietary,true,4,0,0,0,1,1,1,0,3,310130,HACKENSACK MERIDIAN HEALTH PASCACK VALLEY MEDICAL,3,382,19
320006,EASTERN NEW MEXICO MEDICAL CENTER,405 W COUNTRY CLUB ROAD,ROSWELL,NM,West,88201,CHAVES,Acute Care Hospitals,Proprietary,true,2,0,0,0,0,0,0,0,0,320006,EASTERN NEW MEXICO MEDICAL CENTER,2,353,13
330238,NICHOLAS H NOYES MEMORIAL HOSPITAL,111  CLARA BARTON STREET,DANSVILLE,NY,Northeast,14437,LIVINGSTON,Acute Care Hospitals,Voluntary non-profit - Private,true,3,0,0,1,0,0,1,1,1,330238,NICHOLAS H NOYES MEMORIAL HOSPITAL,3,406,25
340071,BETSY JOHNSON REGIONAL HOSPITAL,800 TILGHMAN DR,DUNN,NC,South,28334,HARNETT,Acute Care Hospitals,Voluntary non-profit - Private,true,3,0,0,0,0,0,0,0,0,340071,BETSY JOHNSON REGIONAL HOSPITAL,3,420,17
340119,STANLY REGIONAL MEDICAL CENTER,301 YADKIN ST,ALBEMARLE,NC,South,28001,STANLY,Acute Care Hospitals,Voluntary non-profit - Private,true,3,0,0,0,0,1,0,0,1,340119,STANLY REGIONAL MEDICAL CENTER,3,485,19
370022,JACKSON COUNTY MEMORIAL HOSPITAL AUTHORITY,1200 EAST PECAN ST,ALTUS,OK,South,73521,JACKSON,Acute Care Hospitals,Government - Hospital District or Authority,true,4,0,0,0,0,1,1,0,2,370022,JACKSON COUNTY MEMORIAL HOSPITAL AUTHORITY,4,220,20
390125,WAYNE MEMORIAL HOSPITAL,601 PARK STREET,HONESDALE,PA,Northeast,18431,WAYNE,Acute Care Hospitals,Voluntary non-profit - Private,true,2,0,0,0,0,0,1,0,1,390125,WAYNE MEMORIAL HOSPITAL,3,451,27
420030,COLLETON MEDICAL CENTER,501 ROBERTSON BOULEVARD,WALTERBORO,SC,South,29488,COLLETON,Acute Care Hospitals,Proprietary,true,2,0,0,1,0,0,0,1,0,420030,COLLETON MEDICAL CENTER,3,291,13
420104,MOUNT PLEASANT HOSPITAL,3510 HIGHWAY 17 NORTH SUITE 140,MOUNT PLEASANT,SC,South,29466,CHARLESTON,Acute Care Hospitals,Voluntary non-profit - Private,true,5,0,0,1,0,1,0,1,1,420104,MOUNT PLEASANT HOSPITAL,4,628,28
420110,ROPER ST FRANCIS HOSPITAL-BERKELEY INC,100 CALLEN BLVD.,SUMMERVILLE,SC,South,29486,DORCHESTER,Acute Care Hospitals,Voluntary non-profit - Private,true,5,0,0,0,0,0,0,0,0,420110,ROPER ST FRANCIS HOSPITAL-BERKELEY INC,4,530,17
440058,SOUTHERN TENNESSEE REGIONAL HEALTH SYSTEM WINCHEST,185 HOSPITAL ROAD,WINCHESTER,TN,South,37398,FRANKLIN,Acute Care Hospitals,Proprietary,true,2,0,1,0,0,1,0,1,1,440058,SOUTHERN TENNESSEE REGIONAL HEALTH SYSTEM WINCHEST,3,402,17
520097,ST MARYS HOSPITAL MEDICAL CTR,1726 SHAWANO AVE,GREEN BAY,WI,Midwest,54303,BROWN,Acute Care Hospitals,Voluntary non-profit - Other,true,4,0,0,0,0,0,1,0,1,520097,ST MARYS HOSPITAL MEDICAL CTR,3,632,32
520208,SSM HEALTH ST MARY'S HOSPITAL - JANESVILLE,3400 EAST RACINE STREET,JANESVILLE,WI,Midwest,53546,ROCK,Acute Care Hospitals,Voluntary non-profit - Other,true,4,0,0,0,0,0,0,0,0,520208,SSM HEALTH ST MARY'S HOSPITAL - JANESVILLE,4,441,26
10012,DEKALB REGIONAL MEDICAL CENTER,200 MED CENTER DRIVE,FORT PAYNE,AL,South,35968,DE KALB,Acute Care Hospitals,Proprietary,true,3,0,0,0,0,0,0,0,0,10012,DEKALB REGIONAL MEDICAL CENTER,3,282,15
40088,SOUTH ARKANSAS REGIONAL HOSPITAL LLC,700 WEST GROVE STREET,EL DORADO,AR,South,71730,UNION,Acute Care Hospitals,Proprietary,true,2,0,1,0,0,0,2,1,2,40088,SOUTH ARKANSAS REGIONAL HOSPITAL LLC,3,296,18
40134,"ARKANSAS HEART HOSPITAL, LLC",1701 S SHACKLEFORD ROAD,LITTLE ROCK,AR,South,72211,PULASKI,Acute Care Hospitals,Proprietary,true,4,0,0,0,0,0,0,0,0,40134,"ARKANSAS HEART HOSPITAL, LLC",4,732,33
40154,BAPTIST HEALTH MEDICAL CENTER- CONWAY,1555 EXCHANGE AVENUE,CONWAY,AR,South,72032,FAULKNER,Acute Care Hospitals,Voluntary non-profit - Private,true,3,0,0,1,0,1,0,1,1,40154,BAPTIST HEALTH MEDICAL CENTER- CONWAY,3,554,19
50689,SAN RAMON REGIONAL MEDICAL CENTER,6001 NORRIS CANYON ROAD,SAN RAMON,CA,West,94583,CONTRA COSTA,Acute Care Hospitals,Proprietary,true,3,0,0,1,0,0,0,1,0,50689,SAN RAMON REGIONAL MEDICAL CENTER,2,624,25
60054,COMMUNITY HOSPITAL,2351 'G' RD,GRAND JUNCTION,CO,West,81505,MESA,Acute Care Hospitals,Voluntary non-profit - Private,true,4,0,0,1,0,0,1,1,1,60054,COMMUNITY HOSPITAL,4,436,22
110089,"COFFEE REGIONAL MEDICAL CENTER, INC",1101 OCILLA ROAD,DOUGLAS,GA,South,31642,ATKINSON,Acute Care Hospitals,Government - Hospital District or Authority,true,2,1,0,2,0,1,0,3,1,110089,"COFFEE REGIONAL MEDICAL CENTER, INC",3,386,17
140110,OSF SAINT ELIZABETH MDL CTR,1100 E NORRIS DRIVE,OTTAWA,IL,Midwest,61350,LA SALLE,Acute Care Hospitals,Voluntary non-profit - Private,true,4,1,0,0,0,0,1,1,1,140110,OSF SAINT ELIZABETH MDL CTR,3,661,23
140113,OSF HEART OF MARY MEDICAL CENTER,1400 WEST PARK AVENUE,URBANA,IL,Midwest,61801,CHAMPAIGN,Acute Care Hospitals,Voluntary non-profit - Church,true,3,0,0,0,0,0,1,0,1,140113,OSF HEART OF MARY MEDICAL CENTER,4,380,26
140217,SAINT JOSEPH HOSPITAL-ELGIN,77 N AIRLITE STREET,ELGIN,IL,Midwest,60123,KANE,Acute Care Hospitals,Voluntary non-profit - Church,true,2,0,0,1,0,0,1,1,1,140217,SAINT JOSEPH HOSPITAL-ELGIN,3,242,27
150069,NORTON-KING'S DAUGHTERS' HEALTH,1373 EAST SR 62,MADISON,IN,Midwest,47250,JEFFERSON,Acute Care Hospitals,Voluntary non-profit - Private,true,2,0,0,0,0,0,0,0,0,150069,NORTON-KING'S DAUGHTERS' HEALTH,4,246,19
170185,SAINT LUKE'S SOUTH HOSPITAL,12300 METCALF AVENUE,OVERLAND PARK,KS,Midwest,66213,JOHNSON,Acute Care Hospitals,Voluntary non-profit - Other,true,5,0,0,0,0,0,1,0,1,170185,SAINT LUKE'S SOUTH HOSPITAL,4,1067,30
170197,KANSAS MEDICAL CENTER LLC,1124 WEST 21ST STREET,ANDOVER,KS,Midwest,67002,BUTLER,Acute Care Hospitals,Proprietary,true,2,0,0,0,0,1,0,0,1,170197,KANSAS MEDICAL CENTER LLC,3,383,37
180143,SAINT JOSEPH EAST,150 NORTH EAGLE CREEK DRIVE,LEXINGTON,KY,South,40509,FAYETTE,Acute Care Hospitals,Voluntary non-profit - Private,true,3,0,0,0,0,1,0,0,1,180143,SAINT JOSEPH EAST,2,329,12
260163,PARKLAND HEALTH CENTER,1101 W LIBERTY,FARMINGTON,MO,Midwest,63640,ST. FRANCOIS,Acute Care Hospitals,Voluntary non-profit - Private,true,4,0,0,0,0,0,1,0,1,260163,PARKLAND HEALTH CENTER,4,404,33
330047,ST MARY'S HEALTHCARE,427 GUY PARK AVENUE,AMSTERDAM,NY,Northeast,12010,MONTGOMERY,Acute Care Hospitals,Voluntary non-profit - Private,true,2,0,0,1,0,0,0,1,0,330047,ST MARY'S HEALTHCARE,3,415,20
330197,CANTON-POTSDAM HOSPITAL,50 LEROY STREET,POTSDAM,NY,Northeast,13676,ST. LAWRENCE,Acute Care Hospitals,Voluntary non-profit - Private,true,2,0,0,1,0,0,1,1,1,330197,CANTON-POTSDAM HOSPITAL,4,379,19
340107,VIDANT EDGECOMBE HOSPITAL,111 HOSPITAL DR,TARBORO,NC,South,27886,EDGECOMBE,Acute Care Hospitals,Government - Local,true,2,0,0,1,0,0,0,1,0,340107,VIDANT EDGECOMBE HOSPITAL,4,304,15
360150,SUMMA WESTERN RESERVE HOSPITAL,1900 23RD STREET,CUYAHOGA FALLS,OH,Midwest,44223,SUMMIT,Acute Care Hospitals,Voluntary non-profit - Other,true,4,0,0,1,0,1,0,1,1,360150,SUMMA WESTERN RESERVE HOSPITAL,4,320,36
390039,UPMC SOMERSET,225 SOUTH CENTER AVENUE,SOMERSET,PA,Northeast,15501,SOMERSET,Acute Care Hospitals,Voluntary non-profit - Private,true,4,0,0,0,0,0,0,0,0,390039,UPMC SOMERSET,4,387,33
390178,UPMC HORIZON,110 NORTH MAIN STREET,GREENVILLE,PA,Northeast,16125,MERCER,Acute Care Hospitals,Voluntary non-profit - Private,true,3,0,0,0,0,0,0,0,0,390178,UPMC HORIZON,4,491,22
410013,WESTERLY HOSPITAL,25 WELLS STREET,WESTERLY,RI,Northeast,2891,WASHINGTON,Acute Care Hospitals,Voluntary non-profit - Private,true,5,0,0,0,0,0,0,0,0,410013,WESTERLY HOSPITAL,4,639,29
440068,STARR REGIONAL MEDICAL CENTER ATHENS,1114 W MADISON AVE,ATHENS,TN,South,37371,MC MINN,Acute Care Hospitals,Proprietary,true,3,1,0,0,0,0,0,1,0,440068,STARR REGIONAL MEDICAL CENTER ATHENS,3,305,18
450372,BAYLOR SCOTT & WHITE MEDICAL CENTER- WAXAHACHIE,2400 N INTERSTATE HIGHWAY 35E,WAXAHACHIE,TX,South,75165,ELLIS,Acute Care Hospitals,Voluntary non-profit - Private,true,5,0,0,0,1,0,0,0,1,450372,BAYLOR SCOTT & WHITE MEDICAL CENTER- WAXAHACHIE,4,542,15
450661,ODESSA REGIONAL MEDICAL CENTER,520 E 6TH STREET,ODESSA,TX,South,79761,ECTOR,Acute Care Hospitals,Proprietary,true,3,0,0,0,0,2,1,0,3,450661,ODESSA REGIONAL MEDICAL CENTER,2,285,8
450840,TEXAS HEALTH PRESBYTERIAN HOSPITAL ALLEN,1105 CENTRAL EXPRESSWAY NORTH,ALLEN,TX,South,75013,COLLIN,Acute Care Hospitals,Voluntary non-profit - Private,true,5,1,0,0,0,1,1,1,2,450840,TEXAS HEALTH PRESBYTERIAN HOSPITAL ALLEN,4,512,18
490060,CLINCH VALLEY MEDICAL CENTER,6801 Governor GC Perry Highway,RICHLANDS,VA,South,24641,TAZEWELL,Acute Care Hospitals,Proprietary,true,3,0,0,0,0,1,0,0,1,490060,CLINCH VALLEY MEDICAL CENTER,4,400,18
500031,GRAYS HARBOR COMMUNITY HOSPITAL,915 ANDERSON DRIVE,ABERDEEN,WA,West,98520,GRAYS HARBOR,Acute Care Hospitals,Voluntary non-profit - Private,true,2,1,0,1,0,0,0,2,0,500031,GRAYS HARBOR COMMUNITY HOSPITAL,2,332,15
10065,RUSSELL MEDICAL CENTER,3316 HIGHWAY 280,ALEXANDER CITY,AL,South,35010,TALLAPOOSA,Acute Care Hospitals,Voluntary non-profit - Private,true,3,0,0,0,0,0,1,0,1,10065,RUSSELL MEDICAL CENTER,3,230,22
20024,CENTRAL PENINSULA GENERAL HOSPITAL,250 HOSPITAL PLACE,SOLDOTNA,AK,West,99669,KENAI PENINSULA,Acute Care Hospitals,Voluntary non-profit - Other,true,1,0,0,2,0,0,0,2,0,20024,CENTRAL PENINSULA GENERAL HOSPITAL,4,361,17
50150,SIERRA NEVADA MEMORIAL HOSPITAL,155 GLASSON WAY,GRASS VALLEY,CA,West,95945,NEVADA,Acute Care Hospitals,Voluntary non-profit - Other,true,3,0,0,0,0,1,0,0,1,50150,SIERRA NEVADA MEMORIAL HOSPITAL,4,466,22
50417,SUTTER COAST HOSPITAL,800 E WASHINGTON BLVD,CRESCENT CITY,CA,West,95531,DEL NORTE,Acute Care Hospitals,Government - Hospital District or Authority,true,2,1,0,1,0,0,0,2,0,50417,SUTTER COAST HOSPITAL,3,236,17
150065,SCHNECK MEDICAL CENTER,411 W TIPTON ST,SEYMOUR,IN,Midwest,47274,JACKSON,Acute Care Hospitals,Government - Local,true,5,0,0,0,0,0,1,0,1,150065,SCHNECK MEDICAL CENTER,3,329,29
160080,MERCYONE CLINTON MEDICAL CENTER,1410 NORTH 4TH STREET,CLINTON,IA,Midwest,52732,CLINTON,Acute Care Hospitals,Voluntary non-profit - Private,true,4,1,0,0,0,0,2,1,2,160080,MERCYONE CLINTON MEDICAL CENTER,4,423,24
180092,CLARK REGIONAL MEDICAL CENTER,175 HOSPITAL DRIVE,WINCHESTER,KY,South,40391,CLARK,Acute Care Hospitals,Proprietary,true,4,0,0,0,0,1,0,0,1,180092,CLARK REGIONAL MEDICAL CENTER,3,546,18
220029,ANNA JAQUES HOSPITAL,25 HIGHLAND AVENUE,NEWBURYPORT,MA,Northeast,1950,ESSEX,Acute Care Hospitals,Voluntary non-profit - Private,true,3,0,0,0,0,0,0,0,0,220029,ANNA JAQUES HOSPITAL,3,544,26
220095,HEYWOOD HOSPITAL -,242 GREEN STREET,GARDNER,MA,Northeast,1440,WORCESTER,Acute Care Hospitals,Voluntary non-profit - Private,true,3,0,0,0,0,1,0,0,1,220095,HEYWOOD HOSPITAL -,4,470,22
230005,PROMEDICA CHARLES AND VIRGINIA HICKMAN HOSPITAL,5640 N ADRIAN HIGHWAY,ADRIAN,MI,Midwest,49221,LENAWEE,Acute Care Hospitals,Voluntary non-profit - Private,true,4,0,0,0,0,0,2,0,2,230005,PROMEDICA CHARLES AND VIRGINIA HICKMAN HOSPITAL,3,586,26
230055,DICKINSON COUNTY MEMORIAL HOSPITAL,1721 S STEPHENSON AVE,IRON MOUNTAIN,MI,Midwest,49801,DICKINSON,Acute Care Hospitals,Government - Local,true,4,0,0,0,0,0,1,0,1,230055,DICKINSON COUNTY MEMORIAL HOSPITAL,3,346,29
230081,MUNSON HEALTHCARE CADILLAC HOSPITAL,400 HOBART ST,CADILLAC,MI,Midwest,49601,WEXFORD,Acute Care Hospitals,Voluntary non-profit - Church,true,4,0,0,0,0,1,0,0,1,230081,MUNSON HEALTHCARE CADILLAC HOSPITAL,4,428,23
240030,ALOMERE HEALTH,111 17TH AVENUE EAST,ALEXANDRIA,MN,Midwest,56308,DOUGLAS,Acute Care Hospitals,Government - Local,true,4,0,0,0,0,0,0,0,0,240030,ALOMERE HEALTH,4,368,33
240043,MAYO CLINIC HEALTH SYSTEM - ALBERT LEA AND AUSTIN,404 WEST FOUNTAIN STREET,ALBERT LEA,MN,Midwest,56007,FREEBORN,Acute Care Hospitals,Voluntary non-profit - Private,true,5,0,0,0,2,1,1,0,4,240043,MAYO CLINIC HEALTH SYSTEM - ALBERT LEA AND AUSTIN,4,501,24
260214,BELTON REGIONAL MEDICAL CENTER,17065 S 71 HIGHWAY,BELTON,MO,Midwest,64012,CASS,Acute Care Hospitals,Voluntary non-profit - Private,true,2,0,0,0,0,1,0,0,1,260214,BELTON REGIONAL MEDICAL CENTER,2,453,20
290049,RENOWN SOUTH MEADOWS MEDICAL CENTER,10101 DOUBLE R BLVD,RENO,NV,West,89521,WASHOE,Acute Care Hospitals,Voluntary non-profit - Private,true,2,0,0,0,0,0,0,0,0,290049,RENOWN SOUTH MEADOWS MEDICAL CENTER,3,559,35
340097,HUGH CHATHAM MEMORIAL HOSPITAL,180 PARKWOOD DR,ELKIN,NC,South,28621,SURRY,Acute Care Hospitals,Voluntary non-profit - Private,true,3,0,0,2,0,0,0,2,0,340097,HUGH CHATHAM MEMORIAL HOSPITAL,4,342,17
360040,KNOX COMMUNITY HOSPITAL,1330 COSHOCTON ROAD,MOUNT VERNON,OH,Midwest,43050,KNOX,Acute Care Hospitals,Voluntary non-profit - Other,true,3,0,0,0,0,0,1,0,1,360040,KNOX COMMUNITY HOSPITAL,3,448,20
360054,HOLZER MEDICAL CENTER,100 JACKSON PIKE,GALLIPOLIS,OH,Midwest,45631,GALLIA,Acute Care Hospitals,Voluntary non-profit - Private,true,4,0,0,0,0,0,0,0,0,360054,HOLZER MEDICAL CENTER,4,485,18
370016,INTEGRIS HEALTH ENID HOSPITAL,600 SOUTH MONROE,ENID,OK,South,73701,GARFIELD,Acute Care Hospitals,Voluntary non-profit - Private,true,4,0,0,0,0,0,1,0,1,370016,INTEGRIS HEALTH ENID HOSPITAL,3,343,16
370026,ST MARY'S REGIONAL MEDICAL CENTER,305 SOUTH 5TH STREET,ENID,OK,South,73701,GARFIELD,Acute Care Hospitals,Proprietary,true,4,1,0,0,0,1,2,1,3,370026,ST MARY'S REGIONAL MEDICAL CENTER,3,374,19
390037,HERITAGE VALLEY SEWICKLEY,720 BLACKBURN ROAD,SEWICKLEY,PA,Northeast,15143,ALLEGHENY,Acute Care Hospitals,Voluntary non-profit - Private,true,4,0,0,1,0,0,1,1,1,390037,HERITAGE VALLEY SEWICKLEY,3,917,26
390146,WARREN GENERAL HOSPITAL,2 CRESCENT PARK WEST,WARREN,PA,Northeast,16365,WARREN,Acute Care Hospitals,Voluntary non-profit - Private,true,2,0,0,0,0,0,0,0,0,390146,WARREN GENERAL HOSPITAL,3,270,24
390163,ACMH HOSPITAL,ONE NOLTE DRIVE,KITTANNING,PA,Northeast,16201,ARMSTRONG,Acute Care Hospitals,Voluntary non-profit - Private,true,2,0,0,0,0,1,0,0,1,390163,ACMH HOSPITAL,3,323,24
410008,SOUTH COUNTY HOSPITAL INC,100 KENYON AVE,WAKEFIELD,RI,Northeast,2879,WASHINGTON,Acute Care Hospitals,Voluntary non-profit - Private,true,4,0,0,1,0,1,0,1,1,410008,SOUTH COUNTY HOSPITAL INC,4,1043,30
430005,"PRAIRIE LAKES HEALTHCARE SYSTEM, INC",401 9TH AVENUE NW  POST OFFICE BOX 1210,WATERTOWN,SD,Midwest,57201,CODINGTON,Acute Care Hospitals,Voluntary non-profit - Private,true,4,0,0,0,0,1,1,0,2,430005,"PRAIRIE LAKES HEALTHCARE SYSTEM, INC",3,327,28
470001,CENTRAL VERMONT MEDICAL CENTER,BOX 547,BARRE,VT,Northeast,5641,WASHINGTON,Acute Care Hospitals,Voluntary non-profit - Private,true,2,0,1,1,0,0,0,2,0,470001,CENTRAL VERMONT MEDICAL CENTER,4,502,21
520062,OCONOMOWOC MEMORIAL HOSPITAL,791 E SUMMIT AVE,OCONOMOWOC,WI,Midwest,53066,WAUKESHA,Acute Care Hospitals,Voluntary non-profit - Private,true,5,0,0,0,0,0,0,0,0,520062,OCONOMOWOC MEMORIAL HOSPITAL,3,486,33
520063,ST JOSEPHS COMMUNITY HOSPITAL WEST BEND,3200 PLEASANT VALLEY ROAD,WEST BEND,WI,Midwest,53095,WASHINGTON,Acute Care Hospitals,Voluntary non-profit - Private,true,3,0,0,0,0,0,0,0,0,520063,ST JOSEPHS COMMUNITY HOSPITAL WEST BEND,3,543,30
50778,LOMA LINDA UNIVERSITY CHILDREN'S HOSPITAL,11234 ANDERSON STREET SUITE A,LOMA LINDA,CA,West,92354,SAN BERNARDINO,Acute Care Hospitals,Voluntary non-profit - Church,false,3,,0,,,2,,,,50778,LOMA LINDA UNIVERSITY CHILDREN'S HOSPITAL,3,733,17
50510,KAISER FOUNDATION HOSPITAL,99 MONTECILLO RD,SAN RAFAEL,CA,West,94903,MARIN,Acute Care Hospitals,Voluntary non-profit - Private,true,4,,0,0,,0,0,,,50510,KAISER FOUNDATION HOSPITAL,3,1085,31
50335,ADVENTIST HEALTH SONORA,1000 GREENLEY ROAD,SONORA,CA,West,95370,TUOLUMNE,Acute Care Hospitals,Voluntary non-profit - Church,false,3,0,0,1,0,0,1,1,1,50335,ADVENTIST HEALTH SONORA,3,311,21
140043,CGH MEDICAL CENTER,100 EAST LEFEVRE ROAD,STERLING,IL,Midwest,61081,WHITESIDE,Acute Care Hospitals,Government - Local,true,2,1,0,0,0,0,0,1,0,140043,CGH MEDICAL CENTER,3,536,25
140155,PRESENCE ST MARYS HOSPITAL,500 W COURT ST,KANKAKEE,IL,Midwest,60901,KANKAKEE,Acute Care Hospitals,Voluntary non-profit - Church,true,4,0,0,0,0,1,1,0,2,140155,PRESENCE ST MARYS HOSPITAL,3,307,29
140174,PRESENCE MERCY MEDICAL CENTER,1325 N HIGHLAND AVENUE,AURORA,IL,Midwest,60506,KANE,Acute Care Hospitals,Voluntary non-profit - Private,true,3,0,0,0,0,0,0,0,0,140174,PRESENCE MERCY MEDICAL CENTER,2,327,29
170006,"MERCY HOSPITAL PITTSBURG, INC",1 MT CARMEL WAY,PITTSBURG,KS,Midwest,66762,CRAWFORD,Acute Care Hospitals,Voluntary non-profit - Church,true,4,1,0,0,0,1,0,1,1,170006,"MERCY HOSPITAL PITTSBURG, INC",4,168,22
180017,T J SAMSON COMMUNITY HOSPITAL,1301 NORTH RACE STREET,GLASGOW,KY,South,42141,BARREN,Acute Care Hospitals,Voluntary non-profit - Other,true,3,0,0,2,0,2,0,2,2,180017,T J SAMSON COMMUNITY HOSPITAL,4,339,17
180027,MURRAY-CALLOWAY COUNTY HOSPITAL,803 POPLAR STREET,MURRAY,KY,South,42071,CALLOWAY,Acute Care Hospitals,Voluntary non-profit - Other,true,2,1,0,2,0,0,0,3,0,180027,MURRAY-CALLOWAY COUNTY HOSPITAL,4,392,20
190004,THIBODAUX REGIONAL MEDICAL CENTER,602 N ACADIA ROAD,THIBODAUX,LA,South,70301,LAFOURCHE,Acute Care Hospitals,Voluntary non-profit - Private,true,3,2,0,0,0,0,0,2,0,190004,THIBODAUX REGIONAL MEDICAL CENTER,4,946,36
190017,OPELOUSAS GENERAL HEALTH SYSTEM,539 EAST PRUDHOMME STREET,OPELOUSAS,LA,South,70570,ST. LANDRY,Acute Care Hospitals,Government - Hospital District or Authority,true,3,0,0,0,0,0,0,0,0,190017,OPELOUSAS GENERAL HEALTH SYSTEM,4,356,14
260186,LAKE REGIONAL HEALTH SYSTEM,54 HOSPITAL DRIVE,OSAGE BEACH,MO,Midwest,65065,CAMDEN,Acute Care Hospitals,Voluntary non-profit - Other,true,4,1,0,1,0,1,1,2,2,260186,LAKE REGIONAL HEALTH SYSTEM,4,734,22
320004,CHRISTUS SOUTHERN NEW MEXICO,2669 SCENIC DRIVE,ALAMOGORDO,NM,West,88310,OTERO,Acute Care Hospitals,Voluntary non-profit - Private,true,3,0,0,1,0,0,0,1,0,320004,CHRISTUS SOUTHERN NEW MEXICO,3,414,19
320018,MEMORIAL MEDICAL CENTER,2450 SOUTH TELSHOR BLVD,LAS CRUCES,NM,West,88011,DONA ANA,Acute Care Hospitals,Proprietary,true,1,2,0,1,0,1,0,3,1,320018,MEMORIAL MEDICAL CENTER,2,998,17
340142,CARTERET GENERAL HOSPITAL,3500 ARENDELL ST,MOREHEAD CITY,NC,South,28557,CARTERET,Acute Care Hospitals,Proprietary,true,1,1,1,0,0,0,0,2,0,340142,CARTERET GENERAL HOSPITAL,4,382,25
360065,FISHER-TITUS HOSPITAL,272 BENEDICT AVENUE,NORWALK,OH,Midwest,44857,HURON,Acute Care Hospitals,Voluntary non-profit - Private,true,4,0,0,0,0,0,2,0,2,360065,FISHER-TITUS HOSPITAL,3,626,23
370089,NORTHEASTERN HEALTH SYSTEM,1400 EAST DOWNING STREET,TAHLEQUAH,OK,South,74465,CHEROKEE,Acute Care Hospitals,Government - Hospital District or Authority,true,2,0,0,0,0,1,0,0,1,370089,NORTHEASTERN HEALTH SYSTEM,2,392,18
390013,WELLSPAN EVANGELICAL COMMUNITY HOSPITAL,ONE HOSPITAL DRIVE,LEWISBURG,PA,Northeast,17837,UNION,Acute Care Hospitals,Voluntary non-profit - Private,true,5,0,1,0,0,0,2,1,2,390013,WELLSPAN EVANGELICAL COMMUNITY HOSPITAL,4,462,32
420098,TIDELANDS WACCAMAW COMMUNITY HOSPITAL,4070 HWY 17,MURRELLS INLET,SC,South,29576,HORRY,Acute Care Hospitals,Voluntary non-profit - Private,true,4,0,0,0,0,1,0,0,1,420098,TIDELANDS WACCAMAW COMMUNITY HOSPITAL,3,557,25
30069,HAVASU REGIONAL MEDICAL CENTER,101 CIVIC CENTER LANE,LAKE HAVASU CITY,AZ,West,86403,MOHAVE,Acute Care Hospitals,Proprietary,true,3,0,0,1,0,1,0,1,1,30069,HAVASU REGIONAL MEDICAL CENTER,2,1069,26
50013,ADVENTIST HEALTH ST HELENA,10 WOODLAND ROAD,SAINT HELENA,CA,West,94574,NAPA,Acute Care Hospitals,Voluntary non-profit - Private,true,4,0,0,0,0,0,1,0,1,50013,ADVENTIST HEALTH ST HELENA,4,532,27
150046,TERRE HAUTE REGIONAL HOSPITAL,3901 S SEVENTH ST,TERRE HAUTE,IN,Midwest,47802,VIGO,Acute Care Hospitals,Proprietary,true,3,0,0,0,0,1,0,0,1,150046,TERRE HAUTE REGIONAL HOSPITAL,3,414,21
170013,HAYS MEDICAL CENTER,2220 CANTERBURY DRIVE,HAYS,KS,Midwest,67601,ELLIS,Acute Care Hospitals,Voluntary non-profit - Other,true,4,1,0,0,0,0,2,1,2,170013,HAYS MEDICAL CENTER,3,740,26
380103,KAISER FOUNDATION HOSPITAL WESTSIDE,2875 NW STUCKI AVE,HILLSBORO,OR,West,97124,WASHINGTON,Acute Care Hospitals,Voluntary non-profit - Private,true,3,0,1,0,0,0,0,1,0,380103,KAISER FOUNDATION HOSPITAL WESTSIDE,4,1216,21
50089,COMMUNITY HOSPITAL OF SAN BERNARDINO,1805 MEDICAL CENTER DRIVE,SAN BERNARDINO,CA,West,92411,SAN BERNARDINO,Acute Care Hospitals,Voluntary non-profit - Private,true,3,0,0,0,0,0,0,0,0,50089,COMMUNITY HOSPITAL OF SAN BERNARDINO,2,328,7
50281,ALHAMBRA HOSPITAL MEDICAL CENTER,100 S RAYMOND AVE,ALHAMBRA,CA,West,91801,LOS ANGELES,Acute Care Hospitals,Proprietary,false,3,0,0,1,0,0,0,1,0,50281,ALHAMBRA HOSPITAL MEDICAL CENTER,3,384,17
50746,ORANGE COUNTY GLOBAL MEDICAL CENTER,1001 NORTH TUSTIN AVENUE,SANTA ANA,CA,West,92705,ORANGE,Acute Care Hospitals,Proprietary,true,2,0,0,0,0,0,0,0,0,50746,ORANGE COUNTY GLOBAL MEDICAL CENTER,1,458,9
190317,OCHSNER LSU HEALTH SHREVEPORT-ST MARY MEDICAL CENT,1 ST MARY PLACE,SHREVEPORT,LA,South,71101,CADDO,Acute Care Hospitals,Voluntary non-profit - Private,false,3,,0,0,,2,0,,,190317,OCHSNER LSU HEALTH SHREVEPORT-ST MARY MEDICAL CENT,3,172,7
330270,HOSPITAL FOR SPECIAL SURGERY,535 EAST 70TH STREET,NEW YORK,NY,Northeast,10021,NEW YORK,Acute Care Hospitals,Voluntary non-profit - Private,true,5,0,0,0,0,1,3,0,4,330270,HOSPITAL FOR SPECIAL SURGERY,4,895,40
330396,WOODHULL MEDICAL & MENTAL HEALTH CENTER,760 BROADWAY,BROOKLYN,NY,Northeast,11206,KINGS,Acute Care Hospitals,Government - Local,true,1,0,1,1,0,1,0,2,1,330396,WOODHULL MEDICAL & MENTAL HEALTH CENTER,2,464,9
50211,ALAMEDA HOSPITAL,2070 CLINTON AVENUE,ALAMEDA,CA,West,94501,ALAMEDA,Acute Care Hospitals,Government - Hospital District or Authority,true,3,0,0,0,0,0,0,0,0,50211,ALAMEDA HOSPITAL,3,376,20
50468,MEMORIAL HOSPITAL OF GARDENA,1145 W REDONDO BEACH BLVD,GARDENA,CA,West,90247,LOS ANGELES,Acute Care Hospitals,Proprietary,true,1,0,1,1,0,1,0,2,1,50468,MEMORIAL HOSPITAL OF GARDENA,1,242,7
290005,NORTH VISTA HOSPITAL,1409 EAST LAKE MEAD BLVD,NORTH LAS VEGAS,NV,West,89030,CLARK,Acute Care Hospitals,Voluntary non-profit - Private,true,3,0,0,0,1,1,0,0,2,290005,NORTH VISTA HOSPITAL,2,407,22
30083,ABRAZO SCOTTSDALE CAMPUS,3929 EAST BELL ROAD,PHOENIX,AZ,West,85032,MARICOPA,Acute Care Hospitals,Proprietary,true,2,0,0,1,0,1,1,1,2,30083,ABRAZO SCOTTSDALE CAMPUS,2,498,15
30146,HONORHEALTH SONORAN CROSSING MEDICAL CENTER,33400 NORTH 32ND AVENUE,PHOENIX,AZ,West,85085,MARICOPA,Acute Care Hospitals,Voluntary non-profit - Private,true,4,0,0,0,0,1,0,0,1,30146,HONORHEALTH SONORAN CROSSING MEDICAL CENTER,4,396,19
50008,CALIFORNIA PACIFIC MEDICAL CTR-DAVIES CAMPUS HOSP,601 DUBOCE AVENUE,SAN FRANCISCO,CA,West,94117,SAN FRANCISCO,Acute Care Hospitals,Voluntary non-profit - Other,false,3,0,0,0,0,0,0,0,0,50008,CALIFORNIA PACIFIC MEDICAL CTR-DAVIES CAMPUS HOSP,3,405,21
50102,PARKVIEW COMMUNITY HOSPITAL MEDICAL CENTER,3865 JACKSON STREET,RIVERSIDE,CA,West,92503,RIVERSIDE,Acute Care Hospitals,Proprietary,true,2,0,0,2,0,1,0,2,1,50102,PARKVIEW COMMUNITY HOSPITAL MEDICAL CENTER,2,331,11
50426,WEST ANAHEIM MEDICAL CENTER,3033 W ORANGE AVENUE,ANAHEIM,CA,West,92804,ORANGE,Acute Care Hospitals,Proprietary,true,2,0,0,2,0,1,0,2,1,50426,WEST ANAHEIM MEDICAL CENTER,1,369,16
50663,LOS ANGELES COMMUNITY HOSPITAL,4081 E OLYMPIC BLVD,LOS ANGELES,CA,West,90023,LOS ANGELES,Acute Care Hospitals,Proprietary,true,2,0,1,1,2,1,0,2,3,50663,LOS ANGELES COMMUNITY HOSPITAL,1,274,6
100180,HCA FLORIDA ST PETERSBURG HOSPITAL,6500 38TH AVE N,SAINT PETERSBURG,FL,South,33710,PINELLAS,Acute Care Hospitals,Proprietary,true,2,0,0,1,0,1,0,1,1,100180,HCA FLORIDA ST PETERSBURG HOSPITAL,3,402,13
110226,EMORY HILLANDALE HOSPITAL,2801 DEKALB MEDICAL PARKWAY,LITHONIA,GA,South,30058,DE KALB,Acute Care Hospitals,Government - Hospital District or Authority,true,2,0,0,0,0,1,0,0,1,110226,EMORY HILLANDALE HOSPITAL,3,378,8
130074,"IDAHO FALLS COMMUNITY HOSPITAL, LLC",2327 CORONADO ST,IDAHO FALLS,ID,West,83404,BONNEVILLE,Acute Care Hospitals,Proprietary,true,5,0,0,0,0,0,1,0,1,130074,"IDAHO FALLS COMMUNITY HOSPITAL, LLC",4,436,27
140206,HUMBOLDT PARK HEALTH,1044 N FRANCISCO AVE,CHICAGO,IL,Midwest,60622,COOK,Acute Care Hospitals,Voluntary non-profit - Private,true,1,0,0,1,0,0,0,1,0,140206,HUMBOLDT PARK HEALTH,1,368,15
160101,BROADLAWNS MEDICAL CENTER,1801 HICKMAN ROAD,DES MOINES,IA,Midwest,50314,POLK,Acute Care Hospitals,Government - Local,true,2,,0,0,,1,0,,,160101,BROADLAWNS MEDICAL CENTER,4,269,14
330006,ST JOSEPH'S MEDICAL CENTER,127 SOUTH BROADWAY,YONKERS,NY,Northeast,10701,WESTCHESTER,Acute Care Hospitals,Voluntary non-profit - Private,true,1,0,0,1,0,0,0,1,0,330006,ST JOSEPH'S MEDICAL CENTER,1,163,11
330395,ST JOHN'S EPISCOPAL HOSPITAL AT SOUTH SHORE,327 BEACH 19TH STREET,FAR ROCKAWAY,NY,Northeast,11691,QUEENS,Acute Care Hospitals,Voluntary non-profit - Private,true,1,1,1,3,0,0,0,5,0,330395,ST JOHN'S EPISCOPAL HOSPITAL AT SOUTH SHORE,1,523,16
410010,WOMEN & INFANTS HOSPITAL OF RHODE ISLAND,101 DUDLEY STREET,PROVIDENCE,RI,Northeast,2905,PROVIDENCE,Acute Care Hospitals,Voluntary non-profit - Private,true,3,,0,0,,2,0,,,410010,WOMEN & INFANTS HOSPITAL OF RHODE ISLAND,4,431,13
440184,FRANKLIN WOODS COMMUNITY HOSPITAL,300 MED TECH PARKWAY,JOHNSON CITY,TN,South,37604,WASHINGTON,Acute Care Hospitals,Voluntary non-profit - Private,true,4,0,0,0,0,1,0,0,1,440184,FRANKLIN WOODS COMMUNITY HOSPITAL,4,1119,19
450128,KNAPP MEDICAL CENTER,1401 EAST EIGHT STREET,WESLACO,TX,South,78596,HIDALGO,Acute Care Hospitals,Voluntary non-profit - Private,true,4,0,0,0,0,1,0,0,1,450128,KNAPP MEDICAL CENTER,3,413,31
450688,DALLAS REGIONAL MEDICAL CENTER,1011 NORTH GALLOWAY AVENUE,MESQUITE,TX,South,75149,DALLAS,Acute Care Hospitals,Proprietary,true,2,0,0,1,0,1,0,1,1,450688,DALLAS REGIONAL MEDICAL CENTER,2,454,21
670120,THE HOSPITALS OF PROVIDENCE TRANSMOUNTAIN CAMPUS,2000 TRANSMOUNTAIN RD,EL PASO,TX,South,79911,EL PASO,Acute Care Hospitals,Proprietary,true,1,0,0,1,0,1,0,1,1,670120,THE HOSPITALS OF PROVIDENCE TRANSMOUNTAIN CAMPUS,2,710,14
10089,WALKER BAPTIST MEDICAL CENTER,3400 HIGHWAY 78 EAST,JASPER,AL,South,35502,WALKER,Acute Care Hospitals,Proprietary,true,3,0,0,1,0,1,0,1,1,10089,WALKER BAPTIST MEDICAL CENTER,2,604,14
30030,ABRAZO CENTRAL CAMPUS,2000 WEST BETHANY HOME ROAD,PHOENIX,AZ,West,85015,MARICOPA,Acute Care Hospitals,Physician,true,2,0,0,0,0,0,0,0,0,30030,ABRAZO CENTRAL CAMPUS,1,321,9
50002,ST ROSE HOSPITAL,27200 CALAROGA AVE,HAYWARD,CA,West,94545,ALAMEDA,Acute Care Hospitals,Voluntary non-profit - Church,false,1,0,0,0,0,0,0,0,0,50002,ST ROSE HOSPITAL,3,393,21
50135,SOUTHERN CALIFORNIA HOSPITAL AT HOLLYWOOD,6245 DE LONGPRE AVE,HOLLYWOOD,CA,West,90028,LOS ANGELES,Acute Care Hospitals,Proprietary,true,4,0,0,1,2,3,0,1,5,50135,SOUTHERN CALIFORNIA HOSPITAL AT HOLLYWOOD,1,352,8
50226,AHMC ANAHEIM REGIONAL MEDICAL CENTER,1111 W LA PALMA AVENUE,ANAHEIM,CA,West,92801,ORANGE,Acute Care Hospitals,Voluntary non-profit - Private,true,3,0,0,2,1,0,0,2,1,50226,AHMC ANAHEIM REGIONAL MEDICAL CENTER,2,304,14
50276,CONTRA COSTA REGIONAL MEDICAL CENTER,2500 ALHAMBRA AVENUE,MARTINEZ,CA,West,94553,CONTRA COSTA,Acute Care Hospitals,Government - Local,true,3,0,0,0,0,0,0,0,0,50276,CONTRA COSTA REGIONAL MEDICAL CENTER,3,517,10
50313,SUTTER TRACY COMMUNITY HOSPITAL,1420 NORTH TRACY BLVD,TRACY,CA,West,95376,SAN JOAQUIN,Acute Care Hospitals,Voluntary non-profit - Private,true,4,0,0,0,0,0,1,0,1,50313,SUTTER TRACY COMMUNITY HOSPITAL,3,396,15
50329,CORONA REGIONAL MEDICAL CENTER,800 SOUTH MAIN STREET,CORONA,CA,West,92882,RIVERSIDE,Acute Care Hospitals,Proprietary,true,3,0,0,1,0,1,0,1,1,50329,CORONA REGIONAL MEDICAL CENTER,2,488,13
50517,VICTOR VALLEY GLOBAL MEDICAL CENTER,15248 11TH ST,VICTORVILLE,CA,West,92395,SAN BERNARDINO,Acute Care Hospitals,Voluntary non-profit - Private,true,1,0,0,1,0,1,0,1,1,50517,VICTOR VALLEY GLOBAL MEDICAL CENTER,1,234,7
50590,METHODIST HOSPITAL OF SACRAMENTO,7500 HOSPITAL DRIVE,SACRAMENTO,CA,West,95823,SACRAMENTO,Acute Care Hospitals,Voluntary non-profit - Private,true,3,0,0,1,0,1,0,1,1,50590,METHODIST HOSPITAL OF SACRAMENTO,3,600,11
50636,PALOMAR MEDICAL CENTER POWAY,15615 POMERADO ROAD,POWAY,CA,West,92064,SAN DIEGO,Acute Care Hospitals,Government - Hospital District or Authority,true,4,0,0,0,0,1,0,0,1,50636,PALOMAR MEDICAL CENTER POWAY,2,633,19
50755,SHERMAN OAKS HOSPITAL,4929 VAN NUYS BLVD,SHERMAN OAKS,CA,West,91403,LOS ANGELES,Acute Care Hospitals,Voluntary non-profit - Private,true,2,0,0,3,2,1,0,3,3,50755,SHERMAN OAKS HOSPITAL,1,337,17
60125,ADVENTHEALTH CASTLE ROCK,2350 MEADOWS BLVD,CASTLE ROCK,CO,West,80109,DOUGLAS,Acute Care Hospitals,Voluntary non-profit - Private,true,4,0,0,0,0,1,0,0,1,60125,ADVENTHEALTH CASTLE ROCK,3,451,20
100329,OVIEDO MEDICAL CENTER,8300 RED BUG LAKE RD,OVIEDO,FL,South,32765,SEMINOLE,Acute Care Hospitals,Proprietary,true,4,0,0,0,0,2,0,0,2,100329,OVIEDO MEDICAL CENTER,4,536,17
110252,NORTHSIDE HOSPITAL DULUTH,3620 HOWELL FERRY ROAD,DULUTH,GA,South,30096,GWINNETT,Acute Care Hospitals,Voluntary non-profit - Private,true,3,0,0,0,0,0,0,0,0,110252,NORTHSIDE HOSPITAL DULUTH,3,563,11
130065,MOUNTAIN VIEW HOSPITAL,2325 CORONADO STREET,IDAHO FALLS,ID,West,83404,BONNEVILLE,Acute Care Hospitals,Physician,true,3,,0,2,,0,0,,,130065,MOUNTAIN VIEW HOSPITAL,4,331,19
140049,WEST SUBURBAN MEDICAL CENTER,3 ERIE COURT,OAK PARK,IL,Midwest,60302,COOK,Acute Care Hospitals,Voluntary non-profit - Other,false,1,0,1,1,0,0,0,2,0,140049,WEST SUBURBAN MEDICAL CENTER,2,486,21
140292,UCHICAGO MEDICINE ADVENTHEALTH GLENOAKS,701 WINTHROP AVENUE,GLENDALE HEIGHTS,IL,Midwest,60139,DU PAGE,Acute Care Hospitals,Voluntary non-profit - Other,true,2,0,0,0,0,1,0,0,1,140292,UCHICAGO MEDICINE ADVENTHEALTH GLENOAKS,2,261,15
150157,ASCENSION ST VINCENT CARMEL,13500 N MERIDIAN ST,CARMEL,IN,Midwest,46032,HAMILTON,Acute Care Hospitals,Voluntary non-profit - Private,true,3,0,0,1,0,0,0,1,0,150157,ASCENSION ST VINCENT CARMEL,3,198,19
160104,TRINITY - BETTENDORF,4500 UTICA RIDGE ROAD,BETTENDORF,IA,Midwest,52722,SCOTT,Acute Care Hospitals,Voluntary non-profit - Private,true,3,0,0,0,0,0,0,0,0,160104,TRINITY - BETTENDORF,3,515,18
170200,"VIA CHRISTI HOSPITAL WICHITA ST TERESA, INC",14800 WEST TERESA ST,WICHITA,KS,Midwest,67235,SEDGWICK,Acute Care Hospitals,Voluntary non-profit - Church,true,4,0,0,0,0,0,1,0,1,170200,"VIA CHRISTI HOSPITAL WICHITA ST TERESA, INC",4,237,31
190011,OCHSNER LSU HEALTH MONROE,4864 JACKSON STREET,MONROE,LA,South,71202,OUACHITA,Acute Care Hospitals,Voluntary non-profit - Private,true,3,0,1,0,0,1,0,1,1,190011,OCHSNER LSU HEALTH MONROE,4,337,10
210034,MEDSTAR HARBOR HOSPITAL,3001 SOUTH  HANOVER STREET,BALTIMORE,MD,South,21225,BALTIMORE CITY,Acute Care Hospitals,Voluntary non-profit - Private,false,4,0,0,0,0,1,0,0,1,210034,MEDSTAR HARBOR HOSPITAL,3,449,10
210038,UNIVERSITY OF MD MEDICAL CENTER MIDTOWN CAMPUS,827 LINDEN AVENUE,BALTIMORE,MD,South,21201,BALTIMORE CITY,Acute Care Hospitals,Voluntary non-profit - Other,true,3,0,0,0,1,1,0,0,2,210038,UNIVERSITY OF MD MEDICAL CENTER MIDTOWN CAMPUS,2,185,9
230270,BEAUMONT HOSPITAL - TAYLOR,10000 TELEGRAPH ROAD,TAYLOR,MI,Midwest,48180,WAYNE,Acute Care Hospitals,Voluntary non-profit - Private,true,1,0,0,1,0,0,0,1,0,230270,BEAUMONT HOSPITAL - TAYLOR,2,401,15
230297,KARMANOS CANCER CENTER,4100 JOHN R,DETROIT,MI,Midwest,48201,WAYNE,Acute Care Hospitals,Proprietary,false,3,0,0,0,0,1,0,0,1,230297,KARMANOS CANCER CENTER,4,360,21
310003,PALISADES MEDICAL CENTER,7600 RIVER RD,NORTH BERGEN,NJ,Northeast,7047,HUDSON,Acute Care Hospitals,Voluntary non-profit - Private,true,3,0,0,0,1,1,0,0,2,310003,PALISADES MEDICAL CENTER,2,440,10
330027,NASSAU UNIVERSITY MEDICAL CENTER,2201 HEMPSTEAD TURNPIKE,EAST MEADOW,NY,Northeast,11554,NASSAU,Acute Care Hospitals,Government - State,true,1,0,0,3,0,2,0,3,2,330027,NASSAU UNIVERSITY MEDICAL CENTER,1,960,17
340145,ATRIUM HEALTH LINCOLN,433 MCALISTER RD,LINCOLNTON,NC,South,28092,LINCOLN,Acute Care Hospitals,Government - Hospital District or Authority,true,4,0,0,0,0,1,0,0,1,340145,ATRIUM HEALTH LINCOLN,4,866,18
360239,KETTERING HEALTH MIAMISBURG,4000 MIAMISBURG-CENTERVILLE ROAD,MIAMISBURG,OH,Midwest,45342,MONTGOMERY,Acute Care Hospitals,Voluntary non-profit - Church,true,3,0,0,0,0,0,0,0,0,360239,KETTERING HEALTH MIAMISBURG,4,685,20
370210,"OKLAHOMA SURGICAL HOSPITAL, LLC","2408 EAST 81ST STREET, SUITE 300",TULSA,OK,South,74137,TULSA,Acute Care Hospitals,Physician,true,4,0,0,1,0,1,1,1,2,370210,"OKLAHOMA SURGICAL HOSPITAL, LLC",4,403,32
370211,INTEGRIS CANADIAN VALLEY HOSPITAL,1201 HEALTH CENTER PARKWAY,YUKON,OK,South,73099,CANADIAN,Acute Care Hospitals,Voluntary non-profit - Private,true,3,0,0,0,0,1,0,0,1,370211,INTEGRIS CANADIAN VALLEY HOSPITAL,3,451,16
420106,PRISMA HEALTH BAPTIST PARKRIDGE,400 PALMETTO HEALTH PARKWAY,COLUMBIA,SC,South,29212,LEXINGTON,Acute Care Hospitals,Voluntary non-profit - Private,true,4,0,0,0,0,1,0,0,1,420106,PRISMA HEALTH BAPTIST PARKRIDGE,3,628,13
450347,HUNTSVILLE MEMORIAL HOSPITAL,110 MEMORIAL HOSPITAL DRIVE,HUNTSVILLE,TX,South,77340,WALKER,Acute Care Hospitals,Voluntary non-profit - Private,true,3,0,0,0,0,0,0,0,0,450347,HUNTSVILLE MEMORIAL HOSPITAL,3,381,20
450508,NACOGDOCHES MEMORIAL HOSPITAL,1204 MOUND ST,NACOGDOCHES,TX,South,75961,NACOGDOCHES,Acute Care Hospitals,Proprietary,true,1,1,0,1,0,1,0,2,1,450508,NACOGDOCHES MEMORIAL HOSPITAL,3,147,11
450644,HCA HOUSTON HEALTHCARE WEST,12141 RICHMOND AVE,HOUSTON,TX,South,77082,HARRIS,Acute Care Hospitals,Proprietary,true,2,0,0,1,0,2,0,1,2,450644,HCA HOUSTON HEALTHCARE WEST,2,553,8
500025,SWEDISH MEDICAL CENTER / CHERRY HILL,500 17TH AVENUE,SEATTLE,WA,West,98122,KING,Acute Care Hospitals,Voluntary non-profit - Church,true,4,0,0,0,1,0,0,0,1,500025,SWEDISH MEDICAL CENTER / CHERRY HILL,3,411,26
510048,LOGAN REGIONAL MEDICAL CENTER,20 HOSPITAL DRIVE,LOGAN,WV,South,25601,LOGAN,Acute Care Hospitals,Proprietary,true,4,0,0,0,0,0,0,0,0,510048,LOGAN REGIONAL MEDICAL CENTER,2,288,10
670044,TEXAS HEALTH PRESBYTERIAN HOSPITAL ROCKWALL,3150 HORIZON ROAD,ROCKWALL,TX,South,75032,ROCKWALL,Acute Care Hospitals,Proprietary,true,5,0,0,0,0,1,0,0,1,670044,TEXAS HEALTH PRESBYTERIAN HOSPITAL ROCKWALL,4,674,17
670060,BAYLOR SCOTT AND WHITE MEDICAL CENTER SUNNYVALE,231 SOUTH COLLINS ROAD,SUNNYVALE,TX,South,75182,DALLAS,Acute Care Hospitals,Proprietary,true,2,0,0,0,0,0,0,0,0,670060,BAYLOR SCOTT AND WHITE MEDICAL CENTER SUNNYVALE,1,360,12
670075,ST LUKE'S HOSPITAL AT THE VINTAGE,20171 CHASEWOOD PARK DRIVE,HOUSTON,TX,South,77070,HARRIS,Acute Care Hospitals,Voluntary non-profit - Private,true,4,0,0,0,0,1,0,0,1,670075,ST LUKE'S HOSPITAL AT THE VINTAGE,3,356,11
670103,MEDICAL CITY ALLIANCE,3101 NORTH TARRANT PARKWAY,FORT WORTH,TX,South,76177,TARRANT,Acute Care Hospitals,Voluntary non-profit - Private,true,5,0,0,0,0,1,0,0,1,670103,MEDICAL CITY ALLIANCE,3,530,12
670260,TEXAS HEALTH HOSPITAL FRISCO,12400 N DALLAS PARKWAY,FRISCO,TX,South,75033,DENTON,Acute Care Hospitals,Voluntary non-profit - Private,true,4,0,0,0,0,1,1,0,2,670260,TEXAS HEALTH HOSPITAL FRISCO,3,662,14
10046,RIVERVIEW REGIONAL MEDICAL CENTER,600 SOUTH THIRD STREET,GADSDEN,AL,South,35901,ETOWAH,Acute Care Hospitals,Proprietary,true,2,0,0,1,0,1,0,1,1,10046,RIVERVIEW REGIONAL MEDICAL CENTER,4,422,29
60128,LONGS PEAK HOSPITAL,1750 E KEN PRATT BLVD,LONGMONT,CO,West,80504,BOULDER,Acute Care Hospitals,Voluntary non-profit - Private,true,5,0,0,0,0,1,1,0,2,60128,LONGS PEAK HOSPITAL,3,780,18
100071,TAMPA GENERAL HOSPITAL BROOKSVILLE,17240 CORTEZ BLVD,BROOKSVILLE,FL,South,34601,HERNANDO,Acute Care Hospitals,Voluntary non-profit - Church,true,1,2,0,3,0,1,0,5,1,100071,TAMPA GENERAL HOSPITAL BROOKSVILLE,1,1009,19
100126,HCA FLORIDA PASADENA HOSPITAL A PART OF HCA FLORID,1501 PASADENA AVE S,SAINT PETERSBURG,FL,South,33707,PINELLAS,Acute Care Hospitals,Proprietary,true,3,0,0,1,0,1,0,1,1,100126,HCA FLORIDA PASADENA HOSPITAL A PART OF HCA FLORID,3,373,25
100150,LOWER KEYS MEDICAL CENTER,5900 COLLEGE ROAD,KEY WEST,FL,South,33040,MONROE,Acute Care Hospitals,Proprietary,true,4,0,0,0,0,0,0,0,0,100150,LOWER KEYS MEDICAL CENTER,3,280,15
110051,UNION GENERAL HOSPITAL,35 HOSPITAL ROAD,BLAIRSVILLE,GA,South,30512,UNION,Acute Care Hospitals,Government - Local,false,4,0,0,1,0,0,0,1,0,110051,UNION GENERAL HOSPITAL,4,427,23
140084,VISTA MEDICAL CENTER EAST,1324 NORTH SHERIDAN ROAD,WAUKEGAN,IL,Midwest,60085,LAKE,Acute Care Hospitals,Proprietary,true,2,0,0,2,0,0,0,2,0,140084,VISTA MEDICAL CENTER EAST,1,197,9
150086,ST ELIZABETH DEARBORN HOSPITAL,600 WILSON CREEK RD,LAWRENCEBURG,IN,Midwest,47025,DEARBORN,Acute Care Hospitals,Government - Local,true,5,0,0,0,0,0,1,0,1,150086,ST ELIZABETH DEARBORN HOSPITAL,4,418,25
150165,FRANCISCAN HEALTH MUNSTER,701 SUPERIOR AVE,MUNSTER,IN,Midwest,46321,LAKE,Acute Care Hospitals,Voluntary non-profit - Private,true,3,0,0,0,0,0,0,0,0,150165,FRANCISCAN HEALTH MUNSTER,4,451,19
170023,ST. CATHERINE HOSPITAL - GARDEN CITY,401 EAST SPRUCE,GARDEN CITY,KS,Midwest,67846,FINNEY,Acute Care Hospitals,Voluntary non-profit - Church,true,2,0,0,1,0,0,0,1,0,170023,ST. CATHERINE HOSPITAL - GARDEN CITY,2,239,13
170103,NMC HEALTH,600 MEDICAL CENTER DRIVE,NEWTON,KS,Midwest,67114,HARVEY,Acute Care Hospitals,Voluntary non-profit - Private,true,4,0,0,0,0,0,0,0,0,170103,NMC HEALTH,4,340,28
180127,FRANKFORT REGIONAL MEDICAL CENTER,299 KINGS DAUGHTERS DRIVE,FRANKFORT,KY,South,40601,FRANKLIN,Acute Care Hospitals,Proprietary,true,2,0,0,0,0,0,0,0,0,180127,FRANKFORT REGIONAL MEDICAL CENTER,2,416,17
190020,LANE REGIONAL MEDICAL CENTER,6300 MAIN STREET,ZACHARY,LA,South,70791,E. BATON ROUGE,Acute Care Hospitals,Government - Hospital District or Authority,true,4,0,0,1,0,0,0,1,0,190020,LANE REGIONAL MEDICAL CENTER,3,507,16
190183,LEONARD J CHABERT MEDICAL CENTER,1978 INDUSTRIAL BLVD,HOUMA,LA,South,70363,TERREBONNE,Acute Care Hospitals,Voluntary non-profit - Other,true,3,0,0,1,0,0,0,1,0,190183,LEONARD J CHABERT MEDICAL CENTER,4,160,12
220083,BETH ISRAEL DEACONESS HOSPITAL - NEEDHAM,148 CHESTNUT STREET,NEEDHAM,MA,Northeast,2494,NORFOLK,Acute Care Hospitals,Voluntary non-profit - Private,true,4,0,0,1,2,0,0,1,2,220083,BETH ISRAEL DEACONESS HOSPITAL - NEEDHAM,3,738,26
260009,BOTHWELL REGIONAL HEALTH CENTER,601 E 14TH ST,SEDALIA,MO,Midwest,65301,PETTIS,Acute Care Hospitals,Government - Local,true,3,0,0,0,0,0,0,0,0,260009,BOTHWELL REGIONAL HEALTH CENTER,3,344,23
280023,CHI HEALTH ST. FRANCIS,2620 WEST FAIDLEY AVE,GRAND ISLAND,NE,Midwest,68803,HALL,Acute Care Hospitals,Voluntary non-profit - Church,true,4,0,0,0,0,1,0,0,1,280023,CHI HEALTH ST. FRANCIS,3,455,23
310016,CAREPOINT HEALTH-CHRIST HOSPITAL,176 PALISADE AVE,JERSEY CITY,NJ,Northeast,7306,HUDSON,Acute Care Hospitals,Voluntary non-profit - Church,false,2,0,2,1,0,0,0,3,0,310016,CAREPOINT HEALTH-CHRIST HOSPITAL,2,164,9
340013,RUTHERFORD REGIONAL MEDICAL CENTER,288 SOUTH RIDGECREST AVE,RUTHERFORDTON,NC,South,28139,RUTHERFORD,Acute Care Hospitals,Proprietary,true,3,1,0,0,0,1,0,1,1,340013,RUTHERFORD REGIONAL MEDICAL CENTER,3,370,18
340126,WILSON MEDICAL CENTER,1705 S TARBORO ST,WILSON,NC,South,27893,WILSON,Acute Care Hospitals,Voluntary non-profit - Private,true,2,1,0,1,0,0,0,2,0,340126,WILSON MEDICAL CENTER,2,455,13
340129,DUKE HEALTH LAKE NORMAN HOSPITAL,171 FAIRVIEW ROAD,MOORESVILLE,NC,South,28117,IREDELL,Acute Care Hospitals,Proprietary,true,2,1,0,0,0,0,0,1,0,340129,DUKE HEALTH LAKE NORMAN HOSPITAL,2,475,18
370006,INTEGRIS HEALTH PONCA CITY,1900 NORTH 14TH STREET,PONCA CITY,OK,South,74601,KAY,Acute Care Hospitals,Voluntary non-profit - Other,true,3,0,0,0,0,0,0,0,0,370006,INTEGRIS HEALTH PONCA CITY,3,266,18
370023,"DUNCAN REGIONAL HOSPITAL, INC",1407 WHISENANT DRIVE,DUNCAN,OK,South,73533,STEPHENS,Acute Care Hospitals,Voluntary non-profit - Private,true,4,0,0,0,0,0,1,0,1,370023,"DUNCAN REGIONAL HOSPITAL, INC",3,358,17
370215,"OKLAHOMA HEART HOSPITAL, LLC",4050 WEST MEMORIAL ROAD,OKLAHOMA CITY,OK,South,73120,OKLAHOMA,Acute Care Hospitals,Physician,true,5,2,0,1,0,1,0,3,1,370215,"OKLAHOMA HEART HOSPITAL, LLC",5,1188,35
370218,"SAINT FRANCIS HOSPITAL SOUTH, LLC",10501 EAST 91ST STREET SOUTH,TULSA,OK,South,74133,TULSA,Acute Care Hospitals,Voluntary non-profit - Private,true,5,0,0,0,1,0,0,0,1,370218,"SAINT FRANCIS HOSPITAL SOUTH, LLC",4,405,39
370236,INTEGRIS HEALTH EDMOND HOSPITAL,4801 INTEGRIS PARKWAY,EDMOND,OK,South,73034,OKLAHOMA,Acute Care Hospitals,Voluntary non-profit - Private,true,4,0,0,0,0,1,0,0,1,370236,INTEGRIS HEALTH EDMOND HOSPITAL,3,471,17
390204,NAZARETH HOSPITAL,2601 HOLME AVE,PHILADELPHIA,PA,Northeast,19152,PHILADELPHIA,Acute Care Hospitals,Voluntary non-profit - Private,true,2,0,0,0,0,0,0,0,0,390204,NAZARETH HOSPITAL,2,427,11
440009,CUMBERLAND MEDICAL CENTER,421 S MAIN ST,CROSSVILLE,TN,South,38555,CUMBERLAND,Acute Care Hospitals,Voluntary non-profit - Private,true,4,0,0,0,0,1,0,0,1,440009,CUMBERLAND MEDICAL CENTER,3,485,25
440144,VANDERBILT TULLAHOMA-HARTON HOSPITAL,1801 N JACKSON ST BOX 460,TULLAHOMA,TN,South,37388,COFFEE,Acute Care Hospitals,Voluntary non-profit - Other,true,2,0,1,0,0,1,0,1,1,440144,VANDERBILT TULLAHOMA-HARTON HOSPITAL,3,447,16
440227,TRISTAR STONECREST MEDICAL CENTER,200 STONECREST BOULEVARD,SMYRNA,TN,South,37167,RUTHERFORD,Acute Care Hospitals,Proprietary,true,3,0,0,0,0,1,0,0,1,440227,TRISTAR STONECREST MEDICAL CENTER,3,434,14
440228,SAINT FRANCIS BARTLETT MEDICAL CENTER,2986 KATE BOND RD,BARTLETT,TN,South,38133,SHELBY,Acute Care Hospitals,Proprietary,true,2,1,0,0,0,1,2,1,3,440228,SAINT FRANCIS BARTLETT MEDICAL CENTER,1,817,14
450669,MEDICAL CITY LEWISVILLE,500 WEST MAIN STREET,LEWISVILLE,TX,South,75057,DENTON,Acute Care Hospitals,Voluntary non-profit - Private,true,4,0,0,0,0,1,0,0,1,450669,MEDICAL CITY LEWISVILLE,3,483,12
460003,HOLY CROSS HOSPITAL - SALT LAKE,1050 EAST SOUTH TEMPLE,SALT LAKE CITY,UT,West,84102,SALT LAKE,Acute Care Hospitals,Proprietary,true,2,0,0,0,0,0,0,0,0,460003,HOLY CROSS HOSPITAL - SALT LAKE,3,133,18
460015,LOGAN REGIONAL HOSPITAL,1400 NORTH 500 EAST,LOGAN,UT,West,84341,CACHE,Acute Care Hospitals,Voluntary non-profit - Private,true,5,0,0,0,0,0,2,0,2,460015,LOGAN REGIONAL HOSPITAL,4,674,22
490020,JOHN RANDOLPH MEDICAL CENTER,411 WEST RANDOLPH ROAD,HOPEWELL,VA,South,23860,HOPEWELL CITY,Acute Care Hospitals,Proprietary,true,3,0,0,0,0,1,0,0,1,490020,JOHN RANDOLPH MEDICAL CENTER,3,448,17
490045,NOVANT PRINCE WILLIAM MEDICAL CENTER,8700 SUDLEY RD,MANASSAS,VA,South,20110,MANASSAS CITY,Acute Care Hospitals,Voluntary non-profit - Private,true,4,0,0,0,0,1,0,0,1,490045,NOVANT PRINCE WILLIAM MEDICAL CENTER,2,795,15
490144,UVA HEALTH HAYMARKET MEDICAL CENTER,15225 HEALTHCOTE BOULEVARD,HAYMARKET,VA,South,20169,PRINCE WILLIAM,Acute Care Hospitals,Voluntary non-profit - Private,true,4,1,0,0,0,1,0,1,1,490144,UVA HEALTH HAYMARKET MEDICAL CENTER,4,438,23
510070,RALEIGH GENERAL HOSPITAL,1710 HARPER ROAD,BECKLEY,WV,South,25801,RALEIGH,Acute Care Hospitals,Proprietary,true,1,1,0,2,0,1,0,3,1,510070,RALEIGH GENERAL HOSPITAL,2,1184,17
520206,AURORA MEDICAL CENTER - SUMMIT,36500 AURORA DRIVE,SUMMIT,WI,Midwest,53066,WAUKESHA,Acute Care Hospitals,Voluntary non-profit - Private,true,5,0,0,1,0,0,2,1,2,520206,AURORA MEDICAL CENTER - SUMMIT,4,1203,29
670043,CEDAR PARK REGIONAL MEDICAL CENTER,1401 MEDICAL PARKWAY,CEDAR PARK,TX,South,78613,WILLIAMSON,Acute Care Hospitals,Voluntary non-profit - Other,true,4,0,0,0,0,1,0,0,1,670043,CEDAR PARK REGIONAL MEDICAL CENTER,2,420,12
20012,FAIRBANKS MEMORIAL HOSPITAL,1650 COWLES STREET,FAIRBANKS,AK,West,99701,FAIRBANKS NORTH STAR,Acute Care Hospitals,Voluntary non-profit - Private,true,3,1,0,0,0,1,2,1,3,20012,FAIRBANKS MEMORIAL HOSPITAL,3,379,12
30043,CANYON VISTA MEDICAL CENTER,5700 EAST HIGHWAY 90,SIERRA VISTA,AZ,West,85635,COCHISE,Acute Care Hospitals,Voluntary non-profit - Other,true,2,0,0,1,0,1,0,1,1,30043,CANYON VISTA MEDICAL CENTER,2,720,22
40084,SALINE MEMORIAL HOSPITAL,1 MEDICAL PARK DRIVE,BENTON,AR,South,72015,SALINE,Acute Care Hospitals,Proprietary,true,2,0,0,0,0,0,0,0,0,40084,SALINE MEMORIAL HOSPITAL,3,497,15
50045,EL CENTRO REGIONAL MEDICAL CENTER,1415 ROSS AVENUE,EL CENTRO,CA,West,92243,IMPERIAL,Acute Care Hospitals,Government - Local,true,1,1,1,1,0,0,0,3,0,50045,EL CENTRO REGIONAL MEDICAL CENTER,2,242,12
50127,WOODLAND MEMORIAL HOSPITAL,1325 COTTONWOOD STREET,WOODLAND,CA,West,95695,YOLO,Acute Care Hospitals,Voluntary non-profit - Other,true,5,0,0,0,0,0,1,0,1,50127,WOODLAND MEMORIAL HOSPITAL,4,300,15
70029,BRISTOL HOSPITAL,41 BREWSTER RD,BRISTOL,CT,Northeast,6010,HARTFORD,Acute Care Hospitals,Voluntary non-profit - Private,true,2,0,0,0,0,0,0,0,0,70029,BRISTOL HOSPITAL,3,391,18
100049,HCA FLORIDA HIGHLANDS HOSPITAL,3600 S HIGHLANDS AVE,SEBRING,FL,South,33870,HIGHLANDS,Acute Care Hospitals,Proprietary,true,2,0,0,1,0,1,1,1,2,100049,HCA FLORIDA HIGHLANDS HOSPITAL,3,419,23
100055,ADVENTHEALTH NORTH PINELLAS,1395 S PINELLAS AVE,TARPON SPRINGS,FL,South,34689,PINELLAS,Acute Care Hospitals,Voluntary non-profit - Other,true,3,0,0,1,0,0,0,1,0,100055,ADVENTHEALTH NORTH PINELLAS,3,878,20
100259,HCA FLORIDA SOUTH SHORE HOSPITAL,4016 SUN CITY CENTER BLVD,SUN CITY CENTER,FL,South,33573,HILLSBOROUGH,Acute Care Hospitals,Proprietary,true,3,0,0,0,1,1,0,0,2,100259,HCA FLORIDA SOUTH SHORE HOSPITAL,2,436,24
120019,KONA COMMUNITY HOSPITAL,79-1019 HAUKAPILA STREET,KEALAKEKUA,HI,West,96750,HAWAII,Acute Care Hospitals,Government - State,true,2,0,0,0,0,1,0,0,1,120019,KONA COMMUNITY HOSPITAL,3,417,18
130071,ST LUKE'S NAMPA MEDICAL CENTER,9850 WEST ST LUKES DRIVE,NAMPA,ID,West,83687,CANYON,Acute Care Hospitals,Voluntary non-profit - Private,true,4,1,0,0,0,1,0,1,1,130071,ST LUKE'S NAMPA MEDICAL CENTER,4,589,22
140063,RUSH OAK PARK HOSPITAL,520 S MAPLE AVE,OAK PARK,IL,Midwest,60304,COOK,Acute Care Hospitals,Voluntary non-profit - Church,true,4,0,0,1,2,1,0,1,3,140063,RUSH OAK PARK HOSPITAL,3,580,15
140101,MORRIS HOSPITAL & HEALTHCARE CENTERS,150 W HIGH ST,MORRIS,IL,Midwest,60450,GRUNDY,Acute Care Hospitals,Voluntary non-profit - Private,true,3,0,0,0,0,0,0,0,0,140101,MORRIS HOSPITAL & HEALTHCARE CENTERS,4,640,36
140180,PRESENCE SAINTS MARY AND ELIZABETH MEDICAL CENTER,2233 W DIVISION ST,CHICAGO,IL,Midwest,60622,COOK,Acute Care Hospitals,Voluntary non-profit - Church,true,3,0,0,2,0,1,0,2,1,140180,PRESENCE SAINTS MARY AND ELIZABETH MEDICAL CENTER,3,531,30
140304,UCHICAGO MEDICINE ADVENTHEALTH BOLINGBROOK,500 REMINGTON BOULEVARD,BOLINGBROOK,IL,Midwest,60440,WILL,Acute Care Hospitals,Voluntary non-profit - Private,true,4,0,0,0,0,1,1,0,2,140304,UCHICAGO MEDICINE ADVENTHEALTH BOLINGBROOK,3,565,12
150057,FRANCISCAN HEALTH MOORESVILLE,1201 HADLEY RD,MOORESVILLE,IN,Midwest,46158,MORGAN,Acute Care Hospitals,Voluntary non-profit - Church,true,5,0,0,0,0,1,0,0,1,150057,FRANCISCAN HEALTH MOORESVILLE,4,408,22
170146,PROVIDENCE MEDICAL CENTER,8929 PARALLEL PARKWAY,KANSAS CITY,KS,Midwest,66112,WYANDOTTE,Acute Care Hospitals,Voluntary non-profit - Church,true,3,1,0,0,0,0,0,1,0,170146,PROVIDENCE MEDICAL CENTER,2,455,32
180056,DEACONESS HENDERSON HOSPITAL,1305 N ELM ST,HENDERSON,KY,South,42420,HENDERSON,Acute Care Hospitals,Voluntary non-profit - Church,true,2,0,0,0,0,1,0,0,1,180056,DEACONESS HENDERSON HOSPITAL,3,537,17
180124,TRISTAR GREENVIEW REGIONAL HOSPITAL,1801 ASHLEY CIRCLE,BOWLING GREEN,KY,South,42104,WARREN,Acute Care Hospitals,Proprietary,true,2,0,0,1,0,1,0,1,1,180124,TRISTAR GREENVIEW REGIONAL HOSPITAL,3,450,21
200008,NORTHERN LIGHT MERCY HOSPITAL,144 STATE STREET,PORTLAND,ME,Northeast,4101,CUMBERLAND,Acute Care Hospitals,Voluntary non-profit - Church,true,3,0,0,0,0,1,1,0,2,200008,NORTHERN LIGHT MERCY HOSPITAL,4,728,27
210018,MEDSTAR MONTGOMERY MEDICAL CENTER,18101 PRINCE PHILIP DRIVE,OLNEY,MD,South,20832,MONTGOMERY,Acute Care Hospitals,Voluntary non-profit - Private,true,3,0,0,0,0,3,0,0,3,210018,MEDSTAR MONTGOMERY MEDICAL CENTER,3,487,17
210061,ATLANTIC GENERAL HOSPITAL,9733 HEALTHWAY DRIVE,BERLIN,MD,South,21811,WORCESTER,Acute Care Hospitals,Voluntary non-profit - Private,true,3,0,0,0,0,0,0,0,0,210061,ATLANTIC GENERAL HOSPITAL,4,353,25
220001,UMASS MEMORIAL HEALTHALLIANCE HOSPITALS,60 HOSPITAL ROAD,LEOMINSTER,MA,Northeast,1453,WORCESTER,Acute Care Hospitals,Voluntary non-profit - Other,true,2,0,1,2,1,1,0,3,2,220001,UMASS MEMORIAL HEALTHALLIANCE HOSPITALS,3,552,20
220135,FALMOUTH HOSPITAL,67 & 100 TER HEUN DRIVE,FALMOUTH,MA,Northeast,2540,BARNSTABLE,Acute Care Hospitals,Voluntary non-profit - Private,true,4,0,0,0,1,0,0,0,1,220135,FALMOUTH HOSPITAL,3,475,31
250031,MERIT HEALTH RIVER REGION,2100 HWY 61 N,VICKSBURG,MS,South,39183,WARREN,Acute Care Hospitals,Proprietary,true,2,0,0,1,0,1,0,1,1,250031,MERIT HEALTH RIVER REGION,2,284,13
250123,SINGING RIVER GULFPORT,15200 COMMUNITY ROAD,GULFPORT,MS,South,39503,HARRISON,Acute Care Hospitals,Proprietary,true,2,0,0,0,0,0,0,0,0,250123,SINGING RIVER GULFPORT,4,299,16
260052,MERCY HOSPITAL WASHINGTON,901 EAST 5TH STREET,WASHINGTON,MO,Midwest,63090,FRANKLIN,Acute Care Hospitals,Voluntary non-profit - Private,true,3,0,0,0,0,1,0,0,1,260052,MERCY HOSPITAL WASHINGTON,3,366,20
260195,CITIZENS MEMORIAL HOSPITAL,1500 N OAKLAND,BOLIVAR,MO,Midwest,65613,POLK,Acute Care Hospitals,Government - Hospital District or Authority,true,4,0,0,0,0,0,1,0,1,260195,CITIZENS MEMORIAL HOSPITAL,3,377,19
280061,REGIONAL WEST MEDICAL CENTER,4021 AVE B,SCOTTSBLUFF,NE,Midwest,69361,SCOTT BLUFF,Acute Care Hospitals,Voluntary non-profit - Private,true,1,0,0,2,0,1,0,2,1,280061,REGIONAL WEST MEDICAL CENTER,2,559,21
290032,NORTHERN NEVADA MEDICAL CENTER,2375 E PRATER WAY,SPARKS,NV,West,89434,WASHOE,Acute Care Hospitals,Voluntary non-profit - Private,true,4,0,0,0,0,0,1,0,1,290032,NORTHERN NEVADA MEDICAL CENTER,3,781,23
310027,TRINITAS REGIONAL MEDICAL CENTER,225 WILLIAMSON STREET,ELIZABETH,NJ,Northeast,7207,UNION,Acute Care Hospitals,Voluntary non-profit - Private,true,2,1,0,0,0,0,0,1,0,310027,TRINITAS REGIONAL MEDICAL CENTER,2,579,10
310084,MONMOUTH MEDICAL CENTER-SOUTHERN CAMPUS,600 RIVER AVE,LAKEWOOD,NJ,Northeast,8701,OCEAN,Acute Care Hospitals,Voluntary non-profit - Private,true,2,0,0,2,0,1,0,2,1,310084,MONMOUTH MEDICAL CENTER-SOUTHERN CAMPUS,3,489,17
330115,ONEIDA HEALTH HOSPITAL,321 GENESEE STREET,ONEIDA,NY,Northeast,13421,MADISON,Acute Care Hospitals,Voluntary non-profit - Private,true,3,1,0,1,0,0,0,2,0,330115,ONEIDA HEALTH HOSPITAL,4,394,28
340064,WILKES REGIONAL MEDICAL CENTER,1370 WEST D ST,NORTH WILKESBORO,NC,South,28659,WILKES,Acute Care Hospitals,Government - Local,true,3,0,0,0,0,0,1,0,1,340064,WILKES REGIONAL MEDICAL CENTER,3,552,18
340085,NOVANT HEALTH THOMASVILLE MEDICAL CENTER,207 OLD LEXINGTON RD BOX 789,THOMASVILLE,NC,South,27360,DAVIDSON,Acute Care Hospitals,Voluntary non-profit - Private,true,3,0,0,1,0,1,0,1,1,340085,NOVANT HEALTH THOMASVILLE MEDICAL CENTER,3,318,13
340099,VIDANT ROANOKE CHOWAN HOSPITAL,500 S ACADEMY ST,AHOSKIE,NC,South,27910,HERTFORD,Acute Care Hospitals,Voluntary non-profit - Private,true,2,0,1,1,0,1,0,2,1,340099,VIDANT ROANOKE CHOWAN HOSPITAL,3,264,14
360203,SOUTHEASTERN OHIO REGIONAL MEDICAL CENTER,1341 NORTH CLARK STREET,CAMBRIDGE,OH,Midwest,43725,GUERNSEY,Acute Care Hospitals,Voluntary non-profit - Private,true,3,0,1,0,0,0,0,1,0,360203,SOUTHEASTERN OHIO REGIONAL MEDICAL CENTER,3,362,25
370018,ASCENSION ST JOHN JANE PHILLIPS,3500 EAST FRANK PHILLIPS BOULEVARD,BARTLESVILLE,OK,South,74006,WASHINGTON,Acute Care Hospitals,Voluntary non-profit - Private,true,3,1,0,0,0,0,1,1,1,370018,ASCENSION ST JOHN JANE PHILLIPS,3,203,17
370034,MCALESTER REGIONAL HEALTH CENTER,ONE CLARK BASS BOULEVARD,MCALESTER,OK,South,74501,PITTSBURG,Acute Care Hospitals,Government - Hospital District or Authority,true,3,0,1,0,0,0,0,1,0,370034,MCALESTER REGIONAL HEALTH CENTER,2,368,15
370149,SSM HEALTH ST ANTHONY HOSPITAL - SHAWNEE,1102 W MACARTHUR,SHAWNEE,OK,South,74801,POTTAWATOMIE,Acute Care Hospitals,Voluntary non-profit - Private,true,3,1,0,0,0,1,2,1,3,370149,SSM HEALTH ST ANTHONY HOSPITAL - SHAWNEE,4,416,15
390002,UPMC MCKEESPORT HOSPITAL,1500 FIFTH AVENUE,MC KEESPORT,PA,Northeast,15132,ALLEGHENY,Acute Care Hospitals,Voluntary non-profit - Private,true,3,0,0,0,0,0,0,0,0,390002,UPMC MCKEESPORT HOSPITAL,3,331,17
390004,PENN STATE HEALTH HOLY SPIRIT MEDICAL CENTER,503 NORTH 21ST STREET,CAMP HILL,PA,Northeast,17011,CUMBERLAND,Acute Care Hospitals,Voluntary non-profit - Private,true,2,0,0,0,1,1,1,0,3,390004,PENN STATE HEALTH HOLY SPIRIT MEDICAL CENTER,2,1857,24
390035,ST LUKE'S HOSPITAL - UPPER BUCKS CAMPUS,3000 ST. LUKE'S DRIVE,QUAKERTOWN,PA,Northeast,18951,BUCKS,Acute Care Hospitals,Proprietary,true,4,0,0,1,0,1,0,1,1,390035,ST LUKE'S HOSPITAL - UPPER BUCKS CAMPUS,4,989,22
390048,GEISINGER-LEWISTOWN HOSPITAL,400 HIGHLAND AVENUE,LEWISTOWN,PA,Northeast,17044,MIFFLIN,Acute Care Hospitals,Voluntary non-profit - Private,true,5,0,0,0,0,1,1,0,2,390048,GEISINGER-LEWISTOWN HOSPITAL,3,696,27
410011,LANDMARK MEDICAL CENTER,115 CASS AVENUE,WOONSOCKET,RI,Northeast,2895,PROVIDENCE,Acute Care Hospitals,Voluntary non-profit - Private,true,2,0,0,0,0,1,0,0,1,410011,LANDMARK MEDICAL CENTER,2,424,29
440046,TRISTAR HORIZON MEDICAL CENTER,111 HIGHWAY 70 EAST,DICKSON,TN,South,37055,DICKSON,Acute Care Hospitals,Proprietary,true,4,0,0,0,0,1,1,0,2,440046,TRISTAR HORIZON MEDICAL CENTER,3,562,19
440081,LECONTE MEDICAL CENTER,742 MIDDLECREEK ROAD,SEVIERVILLE,TN,South,37862,SEVIER,Acute Care Hospitals,Voluntary non-profit - Other,true,4,0,0,0,0,1,0,0,1,440081,LECONTE MEDICAL CENTER,4,628,20
450007,PETERSON REGIONAL MEDICAL CENTER,551 HILL COUNTRY DRIVE,KERRVILLE,TX,South,78028,KERR,Acute Care Hospitals,Voluntary non-profit - Private,true,4,0,1,0,0,1,0,1,1,450007,PETERSON REGIONAL MEDICAL CENTER,4,714,22
450203,MEDICAL CITY WEATHERFORD,713 E ANDERSON ST,WEATHERFORD,TX,South,76086,PARKER,Acute Care Hospitals,Proprietary,true,2,0,0,1,0,1,0,1,1,450203,MEDICAL CITY WEATHERFORD,3,556,17
450518,THE MEDICAL CENTER OF SOUTHEAST TEXAS,2555 JIMMY JOHNSON BLVD,PORT ARTHUR,TX,South,77640,JEFFERSON,Acute Care Hospitals,Physician,true,3,0,0,0,0,1,0,0,1,450518,THE MEDICAL CENTER OF SOUTHEAST TEXAS,2,305,11
490041,MARY IMMACULATE HOSPITAL,2 BERNARDINE DRIVE,NEWPORT NEWS,VA,South,23602,NEWPORT NEWS CITY,Acute Care Hospitals,Voluntary non-profit - Private,true,3,0,0,0,0,1,1,0,2,490041,MARY IMMACULATE HOSPITAL,3,494,15
500072,OLYMPIC MEDICAL CENTER,939 CAROLINE ST,PORT ANGELES,WA,West,98362,CLALLAM,Acute Care Hospitals,Government - Local,true,3,1,0,0,0,0,3,1,3,500072,OLYMPIC MEDICAL CENTER,3,401,22
510062,BECKLEY ARH HOSPITAL,306 STANAFORD ROAD,BECKLEY,WV,South,25801,RALEIGH,Acute Care Hospitals,Voluntary non-profit - Private,true,1,0,1,2,0,1,0,3,1,510062,BECKLEY ARH HOSPITAL,3,221,19
520198,AURORA MEDICAL CTR OSHKOSH,855 N WESTHAVEN DRIVE,OSHKOSH,WI,Midwest,54904,WINNEBAGO,Acute Care Hospitals,Voluntary non-profit - Private,true,4,0,0,0,0,0,0,0,0,520198,AURORA MEDICAL CTR OSHKOSH,4,702,26
670098,RESOLUTE HEALTH HOSPITAL,"555 CREEKSIDE XING,",NEW BRAUNFELS,TX,South,78130,COMAL,Acute Care Hospitals,Proprietary,true,3,0,0,2,0,0,0,2,0,670098,RESOLUTE HEALTH HOSPITAL,3,703,14
30062,SUMMIT HEALTHCARE REGIONAL MEDICAL CENTER,2200 EAST SHOW LOW LAKE ROAD,SHOW LOW,AZ,West,85901,NAVAJO,Acute Care Hospitals,Voluntary non-profit - Private,true,4,0,0,0,0,0,0,0,0,30062,SUMMIT HEALTHCARE REGIONAL MEDICAL CENTER,3,486,16
50254,MARSHALL MEDICAL CENTER,1100 MARSHALL WAY,PLACERVILLE,CA,West,95667,EL DORADO,Acute Care Hospitals,Voluntary non-profit - Private,true,3,0,0,0,0,0,1,0,1,50254,MARSHALL MEDICAL CENTER,3,491,19
50301,ADVENTIST HEALTH UKIAH VALLEY,275 HOSPITAL DRIVE,UKIAH,CA,West,95482,MENDOCINO,Acute Care Hospitals,Voluntary non-profit - Private,true,4,0,0,1,0,0,1,1,1,50301,ADVENTIST HEALTH UKIAH VALLEY,3,311,14
50498,SUTTER AUBURN FAITH HOSPITAL,11815 EDUCATION STREET,AUBURN,CA,West,95603,PLACER,Acute Care Hospitals,Voluntary non-profit - Private,true,4,0,0,1,0,1,0,1,1,50498,SUTTER AUBURN FAITH HOSPITAL,4,579,26
60013,MERCY REGIONAL MEDICAL CENTER,1010 THREE SPRINGS BLVD,DURANGO,CO,West,81301,LA PLATA,Acute Care Hospitals,Voluntary non-profit - Church,true,5,0,0,0,0,1,1,0,2,60013,MERCY REGIONAL MEDICAL CENTER,4,607,19
60131,UCHEALTH GREELEY HOSPITAL,6767 W 29TH ST,GREELEY,CO,West,80634,WELD,Acute Care Hospitals,Voluntary non-profit - Private,true,3,0,0,1,0,1,0,1,1,60131,UCHEALTH GREELEY HOSPITAL,4,684,17
80006,"TIDALHEALTH NANTICOKE, INC.",801 MIDDLEFORD RD,SEAFORD,DE,South,19973,SUSSEX,Acute Care Hospitals,Voluntary non-profit - Private,true,5,0,0,0,0,0,0,0,0,80006,"TIDALHEALTH NANTICOKE, INC.",3,434,18
100292,SACRED HEART HOSPITAL ON THE EMERALD COAST,7800 US HWY 98 W,MIRAMAR BEACH,FL,South,32550,WALTON,Acute Care Hospitals,Voluntary non-profit - Other,true,4,1,0,0,0,1,0,1,1,100292,SACRED HEART HOSPITAL ON THE EMERALD COAST,4,148,16
140275,GENESIS HLTH SYSTEM DBA GENESIS MDL CTR-ILLINI,801 ILLINI DR,SILVIS,IL,Midwest,61282,ROCK ISLAND,Acute Care Hospitals,Government - Local,true,2,0,0,0,0,0,0,0,0,140275,GENESIS HLTH SYSTEM DBA GENESIS MDL CTR-ILLINI,2,352,20
150010,ASCENSION ST VINCENT KOKOMO,1907 W SYCAMORE ST,KOKOMO,IN,Midwest,46904,HOWARD,Acute Care Hospitals,Voluntary non-profit - Church,true,3,1,0,0,0,1,0,1,1,150010,ASCENSION ST VINCENT KOKOMO,3,175,19
150026,GOSHEN HOSPITAL,200 HIGH PARK AVE,GOSHEN,IN,Midwest,46526,ELKHART,Acute Care Hospitals,Voluntary non-profit - Private,true,2,1,1,0,0,1,0,2,1,150026,GOSHEN HOSPITAL,4,722,22
150059,RIVERVIEW HEALTH,395 WESTFIELD RD,NOBLESVILLE,IN,Midwest,46060,HAMILTON,Acute Care Hospitals,Government - Local,true,3,0,0,0,0,0,1,0,1,150059,RIVERVIEW HEALTH,4,869,34
180005,HIGHLANDS ARH REGIONAL MEDICAL CENTER,5000 KENTUCKY ROUTE 321,PRESTONSBURG,KY,South,41653,FLOYD,Acute Care Hospitals,Proprietary,true,2,0,0,1,0,1,0,1,1,180005,HIGHLANDS ARH REGIONAL MEDICAL CENTER,3,225,15
180018,ST CLAIRE REGIONAL MEDICAL CENTER,222 MEDICAL CIRCLE,MOREHEAD,KY,South,40351,ROWAN,Acute Care Hospitals,Government - Federal,true,4,0,0,1,0,1,0,1,1,180018,ST CLAIRE REGIONAL MEDICAL CENTER,4,600,18
180051,JENNIE STUART MEDICAL CENTER,320 WEST 18TH STREET,HOPKINSVILLE,KY,South,42241,CHRISTIAN,Acute Care Hospitals,Voluntary non-profit - Private,true,1,1,0,0,0,0,0,1,0,180051,JENNIE STUART MEDICAL CENTER,3,367,14
180087,TAYLOR REGIONAL HOSPITAL,1700 OLD LEBANON ROAD,CAMPBELLSVILLE,KY,South,42718,TAYLOR,Acute Care Hospitals,Government - Hospital District or Authority,true,2,0,0,0,0,0,0,0,0,180087,TAYLOR REGIONAL HOSPITAL,3,260,22
190013,WEST CALCASIEU CAMERON HOSPITAL,701 EAST CYPRESS STREET,SULPHUR,LA,South,70663,CALCASIEU,Acute Care Hospitals,Government - Hospital District or Authority,true,4,0,0,0,0,1,0,0,1,190013,WEST CALCASIEU CAMERON HOSPITAL,4,234,18
210039,CALVERTHEALTH MEDICAL CENTER,100 HOSPITAL ROAD,PRINCE FREDERICK,MD,South,20678,CALVERT,Acute Care Hospitals,Voluntary non-profit - Other,true,5,0,0,0,0,1,0,0,1,210039,CALVERTHEALTH MEDICAL CENTER,4,537,19
230036,MYMICHIGAN MEDICAL CENTER ALPENA,1501 W CHISHOLM ST,ALPENA,MI,Midwest,49707,ALPENA,Acute Care Hospitals,Proprietary,true,5,0,0,0,0,0,0,0,0,230036,MYMICHIGAN MEDICAL CENTER ALPENA,4,607,37
230121,MEMORIAL HEALTHCARE,826 WEST KING STREET,OWOSSO,MI,Midwest,48867,SHIAWASSEE,Acute Care Hospitals,Voluntary non-profit - Other,true,4,0,0,0,0,1,0,0,1,230121,MEMORIAL HEALTHCARE,3,673,25
230259,CHELSEA HOSPITAL,775 S MAIN ST,CHELSEA,MI,Midwest,48118,WASHTENAW,Acute Care Hospitals,Voluntary non-profit - Private,true,3,0,1,0,0,1,1,1,2,230259,CHELSEA HOSPITAL,4,581,31
240066,LAKEVIEW MEMORIAL HOSPITAL,927 WEST CHURCHILL STREET,STILLWATER,MN,Midwest,55082,WASHINGTON,Acute Care Hospitals,Voluntary non-profit - Other,true,4,0,0,0,0,0,0,0,0,240066,LAKEVIEW MEMORIAL HOSPITAL,5,898,31
240075,ESSENTIA HEALTH ST JOSEPH'S MEDICAL CENTER,523 NORTH 3RD STREET,BRAINERD,MN,Midwest,56401,CROW WING,Acute Care Hospitals,Voluntary non-profit - Private,true,5,0,0,0,0,1,1,0,2,240075,ESSENTIA HEALTH ST JOSEPH'S MEDICAL CENTER,3,779,30
260094,COX MEDICAL CENTER BRANSON,"525 BRANSON LANDING BLVD, PO BOX 650",BRANSON,MO,Midwest,65615,TANEY,Acute Care Hospitals,Voluntary non-profit - Private,true,4,0,0,0,0,1,0,0,1,260094,COX MEDICAL CENTER BRANSON,4,647,23
270023,COMMUNITY MEDICAL CENTER,2827 FORT MISSOULA RD,MISSOULA,MT,West,59804,MISSOULA,Acute Care Hospitals,Voluntary non-profit - Private,true,4,0,1,0,0,0,1,1,1,270023,COMMUNITY MEDICAL CENTER,3,605,20
280032,MARY LANNING HEALTHCARE,715 N ST JOSEPH AVE,HASTINGS,NE,Midwest,68901,ADAMS,Acute Care Hospitals,Voluntary non-profit - Other,true,3,1,0,0,0,0,3,1,3,280032,MARY LANNING HEALTHCARE,4,555,26
300005,CONCORD HOSPITAL- LACONIA,80 HIGHLAND ST,LACONIA,NH,Northeast,3246,BELKNAP,Acute Care Hospitals,Voluntary non-profit - Private,true,3,0,0,0,0,0,0,0,0,300005,CONCORD HOSPITAL- LACONIA,3,510,26
310060,ST LUKE'S WARREN HOSPITAL,185 ROSEBERRY ST,PHILLIPSBURG,NJ,Northeast,8865,WARREN,Acute Care Hospitals,Voluntary non-profit - Private,true,5,0,0,0,1,1,0,0,2,310060,ST LUKE'S WARREN HOSPITAL,3,525,23
330277,CORNING HOSPITAL,1 GUTHRIE DRIVE,CORNING,NY,Northeast,14830,STEUBEN,Acute Care Hospitals,Voluntary non-profit - Private,true,3,0,0,2,0,1,0,2,1,330277,CORNING HOSPITAL,3,630,24
340008,SCOTLAND MEMORIAL HOSPITAL,500 LAUCHWOOD DR,LAURINBURG,NC,South,28352,SCOTLAND,Acute Care Hospitals,Voluntary non-profit - Private,true,3,0,0,1,0,0,0,1,0,340008,SCOTLAND MEMORIAL HOSPITAL,4,466,11
340023,ADVENTHEALTH HENDERSONVILLE,100 HOSPITAL DRIVE,HENDERSONVILLE,NC,South,28792,HENDERSON,Acute Care Hospitals,Voluntary non-profit - Private,true,4,0,0,0,0,0,0,0,0,340023,ADVENTHEALTH HENDERSONVILLE,4,794,25
360125,ASHTABULA COUNTY MEDICAL CENTER,2420 LAKE AVENUE,ASHTABULA,OH,Midwest,44004,ASHTABULA,Acute Care Hospitals,Voluntary non-profit - Private,true,3,0,0,1,0,1,0,1,1,360125,ASHTABULA COUNTY MEDICAL CENTER,4,597,21
360185,SALEM REGIONAL MEDICAL CENTER,1995 EAST STATE STREET,SALEM,OH,Midwest,44460,COLUMBIANA,Acute Care Hospitals,Voluntary non-profit - Private,true,2,0,0,0,0,0,0,0,0,360185,SALEM REGIONAL MEDICAL CENTER,3,338,21
380022,SAMARITAN ALBANY GENERAL HOSPITAL,1046 6TH AVENUE SW,ALBANY,OR,West,97321,LINN,Acute Care Hospitals,Voluntary non-profit - Church,true,3,0,1,0,0,0,0,1,0,380022,SAMARITAN ALBANY GENERAL HOSPITAL,4,314,19
390058,UPMC CARLISLE,361 ALEXANDER SPRING ROAD,CARLISLE,PA,Northeast,17015,CUMBERLAND,Acute Care Hospitals,Voluntary non-profit - Private,true,3,0,0,0,0,0,0,0,0,390058,UPMC CARLISLE,3,408,28
390091,UPMC NORTHWEST,100 FAIRFIELD DRIVE,SENECA,PA,Northeast,16346,VENANGO,Acute Care Hospitals,Voluntary non-profit - Other,true,4,0,0,0,0,1,1,0,2,390091,UPMC NORTHWEST,3,498,28
390225,WELLSPAN EPHRATA COMMUNITY HOSPITAL,169 MARTIN AVENUE,EPHRATA,PA,Northeast,17522,LANCASTER,Acute Care Hospitals,Voluntary non-profit - Other,true,4,0,0,0,0,1,0,0,1,390225,WELLSPAN EPHRATA COMMUNITY HOSPITAL,3,515,29
500088,VALLEY MEDICAL CENTER,400 S 43RD ST,RENTON,WA,West,98055,KING,Acute Care Hospitals,Government - Hospital District or Authority,true,2,0,1,0,0,1,1,1,2,500088,VALLEY MEDICAL CENTER,3,868,15
520100,BELOIT HEALTH SYSTEM,1969 W HART RD,BELOIT,WI,Midwest,53511,ROCK,Acute Care Hospitals,Voluntary non-profit - Private,true,4,0,0,0,0,0,0,0,0,520100,BELOIT HEALTH SYSTEM,3,654,22
520202,MARSHFIELD MEDICAL CENTER - WESTON,3400 MINISTRY PARKWAY,WESTON,WI,Midwest,54476,MARATHON,Acute Care Hospitals,Voluntary non-profit - Private,true,4,0,0,0,0,0,0,0,0,520202,MARSHFIELD MEDICAL CENTER - WESTON,4,865,29
520210,MARSHFIELD MEDICAL CENTER - EAU CLAIRE,2310 CRAIG RD,EAU CLAIRE,WI,Midwest,54701,EAU CLAIRE,Acute Care Hospitals,Voluntary non-profit - Private,true,3,0,0,1,0,0,0,1,0,520210,MARSHFIELD MEDICAL CENTER - EAU CLAIRE,3,728,26
50070,KAISER FOUNDATION HOSPITAL - SOUTH SAN FRANCISCO,1200 EL CAMINO REAL,SOUTH SAN FRANCISCO,CA,West,94080,SAN MATEO,Acute Care Hospitals,Voluntary non-profit - Private,true,5,,0,0,,1,0,,,50070,KAISER FOUNDATION HOSPITAL - SOUTH SAN FRANCISCO,3,568,26
50072,KAISER FOUNDATION HOSPITAL - WALNUT CREEK,1425 S MAIN STREET,WALNUT CREEK,CA,West,94596,CONTRA COSTA,Acute Care Hospitals,Voluntary non-profit - Private,true,3,,0,0,,1,0,,,50072,KAISER FOUNDATION HOSPITAL - WALNUT CREEK,3,512,22
50076,KAISER FOUNDATION HOSPITAL - SAN FRANCISCO,2425 GEARY BLVD,SAN FRANCISCO,CA,West,94115,SAN FRANCISCO,Acute Care Hospitals,Voluntary non-profit - Private,true,4,,0,0,,2,0,,,50076,KAISER FOUNDATION HOSPITAL - SAN FRANCISCO,3,2262,25
50137,KAISER FOUNDATION HOSPITAL - PANORAMA CITY,13652 CANTARA ST,PANORAMA CITY,CA,West,91402,LOS ANGELES,Acute Care Hospitals,Voluntary non-profit - Private,false,4,,0,0,,2,0,,,50137,KAISER FOUNDATION HOSPITAL - PANORAMA CITY,4,536,18
50138,KAISER FOUNDATION HOSPITAL - LOS ANGELES,4867 SUNSET BLVD,LOS ANGELES,CA,West,90027,LOS ANGELES,Acute Care Hospitals,Voluntary non-profit - Other,false,4,0,0,0,0,1,0,0,1,50138,KAISER FOUNDATION HOSPITAL - LOS ANGELES,3,1076,23
50512,KAISER FOUNDATION HOSPITAL - FREMONT,39400 PASEO PADRE PKWY,FREMONT,CA,West,94538,ALAMEDA,Acute Care Hospitals,Voluntary non-profit - Private,true,4,,0,0,,0,0,,,50512,KAISER FOUNDATION HOSPITAL - FREMONT,3,654,21
50541,KAISER FOUNDATION HOSPITAL - REDWOOD CITY,1100 VETERANS BOULEVARD,REDWOOD CITY,CA,West,94063,SAN MATEO,Acute Care Hospitals,Voluntary non-profit - Private,true,4,0,0,0,0,2,0,0,2,50541,KAISER FOUNDATION HOSPITAL - REDWOOD CITY,4,1413,23
50561,KAISER FOUNDATION HOSPITAL - WEST LA,6041 CADILLAC AVE,LOS ANGELES,CA,West,90034,LOS ANGELES,Acute Care Hospitals,Voluntary non-profit - Private,false,3,,0,0,,2,0,,,50561,KAISER FOUNDATION HOSPITAL - WEST LA,3,493,16
50677,KAISER FOUNDATION HOSPITAL - WOODLAND HILLS,5601 DE SOTO AVENUE,WOODLAND HILLS,CA,West,91367,LOS ANGELES,Acute Care Hospitals,Voluntary non-profit - Private,false,3,,1,0,,1,0,,,50677,KAISER FOUNDATION HOSPITAL - WOODLAND HILLS,3,532,25
50686,"KAISER FOUNDATION HOSPITAL, RIVERSIDE",10800 MAGNOLIA AVENUE,RIVERSIDE,CA,West,92505,RIVERSIDE,Acute Care Hospitals,Voluntary non-profit - Private,true,5,,1,0,,1,0,,,50686,"KAISER FOUNDATION HOSPITAL, RIVERSIDE",3,440,16
50690,KAISER FOUNDATION HOSPITAL-SANTA ROSA,401 BICENTENNIAL WAY,SANTA ROSA,CA,West,95403,SONOMA,Acute Care Hospitals,Voluntary non-profit - Other,true,4,,0,0,,1,0,,,50690,KAISER FOUNDATION HOSPITAL-SANTA ROSA,3,1660,22
50710,KAISER FOUNDATION HOSPITAL - FRESNO,7300 NORTH FRESNO ST,FRESNO,CA,West,93720,FRESNO,Acute Care Hospitals,Voluntary non-profit - Private,true,4,,0,0,,1,0,,,50710,KAISER FOUNDATION HOSPITAL - FRESNO,3,948,16
50723,KAISER FOUNDATION HOSPITAL - BALDWIN PARK,1011 BALDWIN PARK BLVD,BALDWIN PARK,CA,West,91706,LOS ANGELES,Acute Care Hospitals,Voluntary non-profit - Other,false,2,,0,0,,0,0,,,50723,KAISER FOUNDATION HOSPITAL - BALDWIN PARK,3,502,18
50748,KAISER FOUNDATION HOSPITAL MANTECA,1777 WEST YOSEMITE AVE,MANTECA,CA,West,95337,SAN JOAQUIN,Acute Care Hospitals,Voluntary non-profit - Private,true,4,,0,0,,2,0,,,50748,KAISER FOUNDATION HOSPITAL MANTECA,3,1597,15
50765,KAISER FOUNDATION HOSPITAL-MORENO VALLEY,27300 IRIS AVENUE,MORENO VALLEY,CA,West,92555,RIVERSIDE,Acute Care Hospitals,Voluntary non-profit - Other,true,4,,0,0,,0,0,,,50765,KAISER FOUNDATION HOSPITAL-MORENO VALLEY,3,518,13
50767,KAISER FOUNDATION HOSPITAL - VACAVILLE,1 QUALITY DRIVE,VACAVILLE,CA,West,95688,SOLANO,Acute Care Hospitals,Voluntary non-profit - Private,true,4,,0,0,,1,0,,,50767,KAISER FOUNDATION HOSPITAL - VACAVILLE,3,861,19
50772,KAISER FOUNDATION HOSPITAL - ROSEVILLE,1600 EUREKA ROAD,ROSEVILLE,CA,West,95661,PLACER,Acute Care Hospitals,Voluntary non-profit - Private,true,4,0,0,0,0,3,0,0,3,50772,KAISER FOUNDATION HOSPITAL - ROSEVILLE,3,509,19
10024,JACKSON HOSPITAL & CLINIC INC,1725 PINE STREET,MONTGOMERY,AL,South,36106,MONTGOMERY,Acute Care Hospitals,Voluntary non-profit - Private,true,2,0,1,2,0,1,1,3,2,10024,JACKSON HOSPITAL & CLINIC INC,3,688,16
20006,MAT-SU REGIONAL MEDICAL CENTER,2500 SOUTH WOODWORTH LOOP,PALMER,AK,West,99645,MATANUSKA-SUSITNA,Acute Care Hospitals,Voluntary non-profit - Other,true,3,2,0,0,0,2,1,2,3,20006,MAT-SU REGIONAL MEDICAL CENTER,4,429,16
30024,ST JOSEPHS HOSPITAL AND MEDICAL CENTER,350 WEST THOMAS ROAD,PHOENIX,AZ,West,85013,MARICOPA,Acute Care Hospitals,Voluntary non-profit - Church,true,3,0,1,0,0,2,0,1,2,30024,ST JOSEPHS HOSPITAL AND MEDICAL CENTER,3,765,14
40007,CHI-ST VINCENT INFIRMARY,TWO ST VINCENT CIRCLE,LITTLE ROCK,AR,South,72205,PULASKI,Acute Care Hospitals,Voluntary non-profit - Private,true,3,0,1,1,0,2,1,2,3,40007,CHI-ST VINCENT INFIRMARY,3,734,22
40020,ST BERNARDS MEDICAL CENTER,225 E WASHINGTON AVE,JONESBORO,AR,South,72401,CRAIGHEAD,Acute Care Hospitals,Voluntary non-profit - Private,true,1,2,1,3,0,3,0,6,3,40020,ST BERNARDS MEDICAL CENTER,3,432,16
40055,BAPTIST HEALTH - FORT SMITH,1001 TOWSON AVENUE,FORT SMITH,AR,South,72901,SEBASTIAN,Acute Care Hospitals,Voluntary non-profit - Private,true,2,0,1,0,1,1,0,1,2,40055,BAPTIST HEALTH - FORT SMITH,3,1147,20
50009,PROVIDENCE QUEEN OF THE VALLEY MEDICAL CENTER,1000 TRANCAS ST,NAPA,CA,West,94558,NAPA,Acute Care Hospitals,Voluntary non-profit - Private,true,4,0,0,1,0,1,1,1,2,50009,PROVIDENCE QUEEN OF THE VALLEY MEDICAL CENTER,3,431,20
50047,CALIFORNIA PACIFIC MEDICAL CENTER- VAN NESS CAMPUS,1101 VAN NESS AVENUE,SAN FRANCISCO,CA,West,94109,SAN FRANCISCO,Acute Care Hospitals,Voluntary non-profit - Private,true,3,0,1,1,1,2,0,2,3,50047,CALIFORNIA PACIFIC MEDICAL CENTER- VAN NESS CAMPUS,3,613,19
50261,SIERRA VIEW MEDICAL CENTER,465 W PUTNAM AVE,PORTERVILLE,CA,West,93257,TULARE,Acute Care Hospitals,Voluntary non-profit - Private,true,2,1,1,0,0,1,0,2,1,50261,SIERRA VIEW MEDICAL CENTER,2,347,13
50262,RONALD REAGAN UCLA MEDICAL CENTER,757 WESTWOOD PLAZA,LOS ANGELES,CA,West,90095,LOS ANGELES,Acute Care Hospitals,Government - State,true,4,0,0,2,2,3,0,2,5,50262,RONALD REAGAN UCLA MEDICAL CENTER,3,1041,16
50334,SALINAS VALLEY MEMORIAL HOSPITAL,450 EAST ROMIE LANE,SALINAS,CA,West,93901,MONTEREY,Acute Care Hospitals,Voluntary non-profit - Other,true,4,0,0,0,1,1,1,0,3,50334,SALINAS VALLEY MEMORIAL HOSPITAL,3,1440,16
50457,UCSF HEALTH ST. MARY'S HOSPITAL,450 STANYAN ST,SAN FRANCISCO,CA,West,94117,SAN FRANCISCO,Acute Care Hospitals,Voluntary non-profit - Private,true,4,0,0,0,2,1,1,0,4,50457,UCSF HEALTH ST. MARY'S HOSPITAL,3,518,20
80007,BEEBE MEDICAL CENTER,424 SAVANNAH RD,LEWES,DE,South,19958,SUSSEX,Acute Care Hospitals,Voluntary non-profit - Private,true,3,0,1,0,0,2,1,1,3,80007,BEEBE MEDICAL CENTER,3,1054,28
100052,WINTER HAVEN HOSPITAL,200 AVE F NE,WINTER HAVEN,FL,South,33881,POLK,Acute Care Hospitals,Voluntary non-profit - Private,true,2,2,0,2,0,4,1,4,5,100052,WINTER HAVEN HOSPITAL,3,2199,17
100109,ADVENTHEALTH SEBRING,4200 SUN N LAKE BLVD,SEBRING,FL,South,33872,HIGHLANDS,Acute Care Hospitals,Voluntary non-profit - Private,true,3,0,0,1,0,2,0,1,2,100109,ADVENTHEALTH SEBRING,2,1673,19
110001,HAMILTON MEDICAL CENTER,1200 MEMORIAL DRIVE,DALTON,GA,South,30720,WHITFIELD,Acute Care Hospitals,Voluntary non-profit - Private,false,2,1,0,0,0,2,0,1,2,110001,HAMILTON MEDICAL CENTER,3,605,15
140046,GOOD SAMARITAN REGIONAL HLTH CENTER,1 GOOD SAMARITAN WAY,MOUNT VERNON,IL,Midwest,62864,JEFFERSON,Acute Care Hospitals,Voluntary non-profit - Private,true,3,0,0,1,0,1,0,1,1,140046,GOOD SAMARITAN REGIONAL HLTH CENTER,3,513,22
140053,ST JOHNS HOSPITAL,800 E CARPENTER ST,SPRINGFIELD,IL,Midwest,62769,SANGAMON,Acute Care Hospitals,Voluntary non-profit - Church,true,3,0,1,2,0,2,0,3,2,140053,ST JOHNS HOSPITAL,2,666,21
140082,LOUIS A WEISS MEMORIAL HOSPITAL,4646 N MARINE DRIVE,CHICAGO,IL,Midwest,60640,COOK,Acute Care Hospitals,Proprietary,true,1,0,1,0,0,0,0,1,0,140082,LOUIS A WEISS MEMORIAL HOSPITAL,1,210,16
140186,RIVERSIDE MEDICAL CENTER,350 N WALL ST,KANKAKEE,IL,Midwest,60901,KANKAKEE,Acute Care Hospitals,Voluntary non-profit - Private,true,4,0,0,0,0,1,1,0,2,140186,RIVERSIDE MEDICAL CENTER,3,1214,23
140239,JAVON BEA HOSPITAL,2400 NORTH ROCKTON AVENUE,ROCKFORD,IL,Midwest,61103,WINNEBAGO,Acute Care Hospitals,Voluntary non-profit - Private,true,2,1,1,0,0,0,0,2,0,140239,JAVON BEA HOSPITAL,3,483,25
150007,COMMUNITY HOWARD REGIONAL HEALTH INC.,3500 S LAFOUNTAIN ST,KOKOMO,IN,Midwest,46902,HOWARD,Acute Care Hospitals,Voluntary non-profit - Private,true,4,1,0,0,0,1,1,1,2,150007,COMMUNITY HOWARD REGIONAL HEALTH INC.,4,327,20
150042,GOOD SAMARITAN HOSPITAL,520 S 7TH ST,VINCENNES,IN,Midwest,47591,KNOX,Acute Care Hospitals,Voluntary non-profit - Other,true,3,1,0,0,0,0,0,1,0,150042,GOOD SAMARITAN HOSPITAL,3,508,21
160067,MERCYONE WATERLOO MEDICAL CENTER,3421 WEST NINTH STREET,WATERLOO,IA,Midwest,50702,BLACK HAWK,Acute Care Hospitals,Voluntary non-profit - Church,true,4,0,0,0,0,1,1,0,2,160067,MERCYONE WATERLOO MEDICAL CENTER,3,655,23
170137,LMH,325 MAINE STREET,LAWRENCE,KS,Midwest,66044,DOUGLAS,Acute Care Hospitals,Government - Local,true,5,1,0,0,0,1,1,1,2,170137,LMH,3,669,22
180013,THE MEDICAL CENTER (BOWLING GREEN),250 PARK STREET,BOWLING GREEN,KY,South,42101,WARREN,Acute Care Hospitals,Voluntary non-profit - Private,true,2,1,0,0,0,1,0,1,1,180013,THE MEDICAL CENTER (BOWLING GREEN),3,512,16
180044,PIKEVILLE MEDICAL CENTER,911 BYPASS ROAD,PIKEVILLE,KY,South,41501,PIKE,Acute Care Hospitals,Voluntary non-profit - Private,true,1,1,1,4,0,1,0,6,1,180044,PIKEVILLE MEDICAL CENTER,2,839,15
180093,BAPTIST HEALTH DEACONESS MADISONVILLE,900 HOSPITAL DRIVE,MADISONVILLE,KY,South,42431,HOPKINS,Acute Care Hospitals,Voluntary non-profit - Private,true,3,2,0,0,0,1,1,2,2,180093,BAPTIST HEALTH DEACONESS MADISONVILLE,3,499,16
180104,BAPTIST HEALTH PADUCAH,2501 KENTUCKY AVENUE,PADUCAH,KY,South,42003,MC CRACKEN,Acute Care Hospitals,Voluntary non-profit - Church,true,5,0,1,0,0,1,2,1,3,180104,BAPTIST HEALTH PADUCAH,4,803,23
190015,NORTH OAKS MEDICAL CENTER,15790 PAUL VEGA MD DRIVE,HAMMOND,LA,South,70403,TANGIPAHOA,Acute Care Hospitals,Government - Hospital District or Authority,true,2,0,0,1,0,1,0,1,1,190015,NORTH OAKS MEDICAL CENTER,3,968,11
190040,SLIDELL MEMORIAL HOSPITAL,1001 GAUSE BLVD,SLIDELL,LA,South,70458,ST. TAMMANY,Acute Care Hospitals,Government - Hospital District or Authority,true,2,0,0,1,0,1,0,1,1,190040,SLIDELL MEMORIAL HOSPITAL,2,1284,16
190060,LAKE CHARLES MEMORIAL HOSPITAL,1701 OAK PARK BLVD,LAKE CHARLES,LA,South,70601,CALCASIEU,Acute Care Hospitals,Voluntary non-profit - Private,true,4,0,0,0,1,1,2,0,4,190060,LAKE CHARLES MEMORIAL HOSPITAL,3,346,16
190064,OUR LADY OF THE LAKE REGIONAL MEDICAL CENTER,5000 HENNESSY BLVD,BATON ROUGE,LA,South,70808,E. BATON ROUGE,Acute Care Hospitals,Voluntary non-profit - Church,true,3,1,0,0,0,3,0,1,3,190064,OUR LADY OF THE LAKE REGIONAL MEDICAL CENTER,3,572,18
190102,"OUR LADY OF LOURDES REGIONAL MEDICAL CENTER, INC",4801 AMBASSADOR CAFFERY PARKWAY,LAFAYETTE,LA,South,70508,LAFAYETTE,Acute Care Hospitals,Voluntary non-profit - Private,true,2,1,0,2,0,1,0,3,1,190102,"OUR LADY OF LOURDES REGIONAL MEDICAL CENTER, INC",4,728,22
200024,CENTRAL MAINE MEDICAL CENTER,300 MAIN STREET,LEWISTON,ME,Northeast,4240,ANDROSCOGGIN,Acute Care Hospitals,Voluntary non-profit - Private,true,4,0,0,0,0,1,3,0,4,200024,CENTRAL MAINE MEDICAL CENTER,3,640,21
210005,FREDERICK HEALTH HOSPITAL,400 WEST SEVENTH ST,FREDERICK,MD,South,21701,FREDERICK,Acute Care Hospitals,Voluntary non-profit - Private,true,3,0,0,1,0,1,1,1,2,210005,FREDERICK HEALTH HOSPITAL,3,1052,24
220175,METROWEST MEDICAL CENTER,115 LINCOLN STREET,FRAMINGHAM,MA,Northeast,1701,MIDDLESEX,Acute Care Hospitals,Voluntary non-profit - Private,true,1,0,0,0,1,0,0,0,1,220175,METROWEST MEDICAL CENTER,1,598,16
230077,ASCENSION ST MARY'S HOSPITAL,800 S WASHINGTON AVENUE,SAGINAW,MI,Midwest,48601,SAGINAW,Acute Care Hospitals,Voluntary non-profit - Church,true,2,0,1,1,0,1,0,2,1,230077,ASCENSION ST MARY'S HOSPITAL,3,308,26
240001,NORTH MEMORIAL HEALTH HOSPITAL,3300 OAKDALE NORTH,ROBBINSDALE,MN,Midwest,55422,HENNEPIN,Acute Care Hospitals,Voluntary non-profit - Private,true,2,1,0,0,0,2,0,1,2,240001,NORTH MEMORIAL HEALTH HOSPITAL,3,652,21
240210,M HEALTH FAIRVIEW ST JOHN'S HOSPITAL,1575 BEAM AVENUE,MAPLEWOOD,MN,Midwest,55109,RAMSEY,Acute Care Hospitals,Voluntary non-profit - Private,true,4,0,0,0,0,3,0,0,3,240210,M HEALTH FAIRVIEW ST JOHN'S HOSPITAL,3,468,22
250069,OCHSNER RUSH HOSPITAL,1314 19TH AVE,MERIDIAN,MS,South,39301,LAUDERDALE,Acute Care Hospitals,Voluntary non-profit - Private,true,3,0,0,0,0,1,1,0,2,250069,OCHSNER RUSH HOSPITAL,4,510,14
250141,BAPTIST MEMORIAL HOSPITAL DESOTO,7601 SOUTHCREST PARKWAY,SOUTHAVEN,MS,South,38671,DE SOTO,Acute Care Hospitals,Proprietary,true,2,0,0,3,0,2,0,3,2,250141,BAPTIST MEMORIAL HOSPITAL DESOTO,3,828,14
260027,RESEARCH MEDICAL CENTER,2316 E MEYER BLVD,KANSAS CITY,MO,Midwest,64132,JACKSON,Acute Care Hospitals,Proprietary,true,2,0,1,3,0,2,0,4,2,260027,RESEARCH MEDICAL CENTER,2,560,16
260105,SSM HEALTH SAINT LOUIS UNIVERSITY HOSPITAL,1201 S GRAND BLVD,SAINT LOUIS,MO,Midwest,63104,ST. LOUIS CITY,Acute Care Hospitals,Voluntary non-profit - Church,true,1,0,0,2,0,2,0,2,2,260105,SSM HEALTH SAINT LOUIS UNIVERSITY HOSPITAL,2,718,16
270003,ST PETERS HEALTH,2475 BROADWAY,HELENA,MT,West,59601,LEWIS AND CLARK,Acute Care Hospitals,Voluntary non-profit - Private,true,4,1,0,0,0,1,1,1,2,270003,ST PETERS HEALTH,3,646,24
270057,BOZEMAN HEALTH DEACONESS HOSPITAL,915 HIGHLAND BLVD,BOZEMAN,MT,West,59715,GALLATIN,Acute Care Hospitals,Voluntary non-profit - Private,true,4,0,0,0,0,0,1,0,1,270057,BOZEMAN HEALTH DEACONESS HOSPITAL,4,584,23
320085,MOUNTAIN VIEW REGIONAL MEDICAL CENTER,4311 EAST LOHMAN AVENUE,LAS CRUCES,NM,West,88011,DONA ANA,Acute Care Hospitals,Proprietary,true,1,0,0,1,0,1,0,1,1,320085,MOUNTAIN VIEW REGIONAL MEDICAL CENTER,2,470,13
340051,WATAUGA MEDICAL CENTER,336 DEERFIELD ROAD,BOONE,NC,South,28607,WATAUGA,Acute Care Hospitals,Government - Local,true,4,0,0,0,0,1,0,0,1,340051,WATAUGA MEDICAL CENTER,4,515,24
340116,FRYE REGIONAL MEDICAL CENTER,420 N CENTER ST,HICKORY,NC,South,28601,CATAWBA,Acute Care Hospitals,Proprietary,true,2,1,0,0,0,1,0,1,1,340116,FRYE REGIONAL MEDICAL CENTER,2,1590,23
350006,TRINITY HOSPITALS,407 3RD ST SE,MINOT,ND,Midwest,58701,WARD,Acute Care Hospitals,Voluntary non-profit - Private,true,3,0,0,0,0,3,1,0,4,350006,TRINITY HOSPITALS,2,474,20
350015,SANFORD MEDICAL CENTER BISMARCK,300 N 7TH ST,BISMARCK,ND,Midwest,58506,BURLEIGH,Acute Care Hospitals,Voluntary non-profit - Private,true,4,0,0,0,1,2,2,0,5,350015,SANFORD MEDICAL CENTER BISMARCK,2,359,24
360009,LIMA MEMORIAL HEALTH SYSTEM,1001 BELLEFONTAINE AVENUE,LIMA,OH,Midwest,45804,ALLEN,Acute Care Hospitals,Voluntary non-profit - Other,true,4,0,0,0,0,1,1,0,2,360009,LIMA MEMORIAL HEALTH SYSTEM,3,584,25
360036,WOOSTER COMMUNITY HOSPITAL,1761 BEALL AVENUE,WOOSTER,OH,Midwest,44691,WAYNE,Acute Care Hospitals,Government - Local,true,4,0,0,1,0,0,2,1,2,360036,WOOSTER COMMUNITY HOSPITAL,4,579,27
360048,UNIVERSITY OF TOLEDO MEDICAL CENTER,3000 ARLINGTON AVENUE,TOLEDO,OH,Midwest,43614,LUCAS,Acute Care Hospitals,Government - State,true,3,0,0,0,0,1,0,0,1,360048,UNIVERSITY OF TOLEDO MEDICAL CENTER,3,990,21
360118,OHIOHEALTH MANSFIELD HOSPITAL,335 GLESSNER AVENUE,MANSFIELD,OH,Midwest,44903,RICHLAND,Acute Care Hospitals,Voluntary non-profit - Private,true,2,0,1,1,0,1,1,2,2,360118,OHIOHEALTH MANSFIELD HOSPITAL,3,451,25
360147,MARIETTA MEMORIAL HOSPITAL,401 MATTHEW STREET,MARIETTA,OH,Midwest,45750,WASHINGTON,Acute Care Hospitals,Voluntary non-profit - Other,true,3,0,0,0,0,1,0,0,1,360147,MARIETTA MEMORIAL HOSPITAL,4,657,18
360354,WEST CHESTER HOSPITAL,7700 UNIVERSITY DRIVE,WEST CHESTER,OH,Midwest,45069,BUTLER,Acute Care Hospitals,Voluntary non-profit - Private,true,3,0,0,2,0,1,0,2,1,360354,WEST CHESTER HOSPITAL,3,1158,18
370106,INTEGRIS SOUTHWEST MEDICAL CENTER,4401 SOUTH WESTERN AVENUE,OKLAHOMA CITY,OK,South,73109,OKLAHOMA,Acute Care Hospitals,Voluntary non-profit - Private,true,3,0,1,0,1,3,1,1,5,370106,INTEGRIS SOUTHWEST MEDICAL CENTER,3,574,13
380090,BAY AREA HOSPITAL,1775 THOMPSON ROAD,COOS BAY,OR,West,97420,COOS,Acute Care Hospitals,Government - Hospital District or Authority,true,2,0,1,0,0,0,0,1,0,380090,BAY AREA HOSPITAL,3,989,21
390066,WELLSPAN GOOD SAMARITAN HOSPITAL,252 SOUTH 4TH STREET,LEBANON,PA,Northeast,17042,LEBANON,Acute Care Hospitals,Voluntary non-profit - Private,true,5,0,0,0,0,1,0,0,1,390066,WELLSPAN GOOD SAMARITAN HOSPITAL,3,496,23
390096,PENN STATE HEALTH ST. JOSEPH,2500 BERNVILLE ROAD,READING,PA,Northeast,19605,BERKS,Acute Care Hospitals,Voluntary non-profit - Private,true,4,0,0,0,0,1,0,0,1,390096,PENN STATE HEALTH ST. JOSEPH,3,1580,25
390233,UPMC HANOVER,300 HIGHLAND AVE,HANOVER,PA,Northeast,17331,YORK,Acute Care Hospitals,Voluntary non-profit - Private,true,3,0,0,0,0,0,0,0,0,390233,UPMC HANOVER,4,408,30
410009,KENT COUNTY MEMORIAL HOSPITAL,455 TOLL GATE RD,WARWICK,RI,Northeast,2886,KENT,Acute Care Hospitals,Proprietary,true,2,0,0,3,0,1,0,3,1,410009,KENT COUNTY MEMORIAL HOSPITAL,3,1338,27
420091,MUSC HEALTH FLORENCE MEDICAL CENTER,805 PAMPLICO HWY BOX 100550,FLORENCE,SC,South,29505,FLORENCE,Acute Care Hospitals,Government - State,true,2,0,1,0,0,1,0,1,1,420091,MUSC HEALTH FLORENCE MEDICAL CENTER,3,854,14
440002,JACKSON-MADISON COUNTY GENERAL HOSPITAL,620 SKYLINE DRIVE,JACKSON,TN,South,38301,MADISON,Acute Care Hospitals,Government - Hospital District or Authority,true,3,1,1,1,1,3,1,3,5,440002,JACKSON-MADISON COUNTY GENERAL HOSPITAL,3,1827,19
450023,CITIZENS MEDICAL CENTER,2701 HOSPITAL DRIVE,VICTORIA,TX,South,77901,VICTORIA,Acute Care Hospitals,Voluntary non-profit - Other,true,3,1,0,0,0,2,0,1,2,450023,CITIZENS MEDICAL CENTER,3,802,17
450032,CHRISTUS GOOD SHEPHERD MEDICAL CENTER,700 E MARSHALL AVE,LONGVIEW,TX,South,75601,GREGG,Acute Care Hospitals,Voluntary non-profit - Private,true,3,0,0,0,0,2,0,0,2,450032,CHRISTUS GOOD SHEPHERD MEDICAL CENTER,3,458,14
450046,CHRISTUS SPOHN HOSPITAL CORPUS CHRISTI,600 ELIZABETH STREET,CORPUS CHRISTI,TX,South,78404,NUECES,Acute Care Hospitals,Voluntary non-profit - Private,true,3,0,0,0,0,2,0,0,2,450046,CHRISTUS SPOHN HOSPITAL CORPUS CHRISTI,3,361,10
450193,Baylor St Lukes Medical Center,"6720 BERTNER AVE, STE MC1-266",HOUSTON,TX,South,77030,HARRIS,Acute Care Hospitals,Voluntary non-profit - Church,true,3,0,0,2,1,2,0,2,3,450193,Baylor St Lukes Medical Center,3,517,14
450346,BAPTIST BEAUMONT HOSPITAL,3080 COLLEGE STREET,BEAUMONT,TX,South,77701,JEFFERSON,Acute Care Hospitals,Voluntary non-profit - Private,true,2,1,0,2,0,1,0,3,1,450346,BAPTIST BEAUMONT HOSPITAL,3,1397,13
450424,HOUSTON METHODIST BAYTOWN HOSPITAL,4401 GARTH ROAD,BAYTOWN,TX,South,77521,HARRIS,Acute Care Hospitals,Voluntary non-profit - Private,true,5,0,0,0,1,3,0,0,4,450424,HOUSTON METHODIST BAYTOWN HOSPITAL,4,1395,12
450537,METHODIST RICHARDSON MEDICAL CENTER,2831 E PRESIDENT GEORGE BUSH HIGHWAY,RICHARDSON,TX,South,75082,COLLIN,Acute Care Hospitals,Government - Hospital District or Authority,true,4,0,0,1,0,3,0,1,3,450537,METHODIST RICHARDSON MEDICAL CENTER,3,1022,17
490007,SENTARA NORFOLK GENERAL HOSPITAL,600 GRESHAM DR,NORFOLK,VA,South,23507,NORFOLK CITY,Acute Care Hospitals,Voluntary non-profit - Other,true,3,0,1,2,0,3,0,3,3,490007,SENTARA NORFOLK GENERAL HOSPITAL,3,876,19
500002,PROVIDENCE ST MARY MEDICAL CENTER,401 W POPLAR ST,WALLA WALLA,WA,West,99362,WALLA WALLA,Acute Care Hospitals,Voluntary non-profit - Private,true,3,0,0,0,0,1,0,0,1,500002,PROVIDENCE ST MARY MEDICAL CENTER,3,402,24
500036,YAKIMA VALLEY MEMORIAL,2811 TIETON DRIVE,YAKIMA,WA,West,98902,YAKIMA,Acute Care Hospitals,Voluntary non-profit - Private,true,1,4,0,0,0,1,0,4,1,500036,YAKIMA VALLEY MEMORIAL,2,565,16
510008,BERKELEY MEDICAL CENTER,2500 HOSPITAL DRIVE,MARTINSBURG,WV,South,25401,BERKELEY,Acute Care Hospitals,Voluntary non-profit - Private,true,1,0,1,1,0,0,0,2,0,510008,BERKELEY MEDICAL CENTER,2,524,17
520021,FROEDTERT SOUTH INC.,6308 EIGHTH AVE,KENOSHA,WI,Midwest,53143,KENOSHA,Acute Care Hospitals,Government - Local,true,1,2,0,2,0,0,0,4,0,520021,FROEDTERT SOUTH INC.,3,1155,22
520049,BELLIN MEMORIAL HOSPITAL,744 S WEBSTER AVE,GREEN BAY,WI,Midwest,54301,BROWN,Acute Care Hospitals,Voluntary non-profit - Private,true,5,0,0,0,0,2,1,0,3,520049,BELLIN MEMORIAL HOSPITAL,4,516,34
520075,ST VINCENT HOSPITAL,835 S VAN BUREN ST,GREEN BAY,WI,Midwest,54301,BROWN,Acute Care Hospitals,Voluntary non-profit - Church,true,4,0,1,0,0,4,0,1,4,520075,ST VINCENT HOSPITAL,3,625,27
270012,BENEFIS HOSPITALS INC,1101 26TH ST S,GREAT FALLS,MT,West,59405,CASCADE,Acute Care Hospitals,Voluntary non-profit - Private,true,2,3,0,0,0,0,2,3,2,270012,BENEFIS HOSPITALS INC,2,366,22
360064,ST ELIZABETH YOUNGSTOWN HOSPITAL,1044 BELMONT AVENUE,YOUNGSTOWN,OH,Midwest,44501,MAHONING,Acute Care Hospitals,Voluntary non-profit - Church,true,2,0,1,3,0,2,1,4,3,360064,ST ELIZABETH YOUNGSTOWN HOSPITAL,2,1070,25
360070,MERCY MEDICAL CENTER,1320 MERCY DRIVE NW,CANTON,OH,Midwest,44708,STARK,Acute Care Hospitals,Voluntary non-profit - Private,true,2,0,0,1,0,1,0,1,1,360070,MERCY MEDICAL CENTER,3,1835,22
380018,ASANTE ROGUE REGIONAL MEDICAL CENTER,2825 E BARNETT ROAD,MEDFORD,OR,West,97504,JACKSON,Acute Care Hospitals,Voluntary non-profit - Private,true,4,0,0,0,1,1,2,0,4,380018,ASANTE ROGUE REGIONAL MEDICAL CENTER,3,2844,40
390267,FORBES HOSPITAL,2570 HAYMAKER ROAD,MONROEVILLE,PA,Northeast,15146,ALLEGHENY,Acute Care Hospitals,Voluntary non-profit - Private,true,3,0,0,0,0,2,0,0,2,390267,FORBES HOSPITAL,3,344,25
420080,HILTON HEAD REGIONAL MEDICAL CENTER,25 HOSPITAL CENTER BLVD,HILTON HEAD ISLAND,SC,South,29926,BEAUFORT,Acute Care Hospitals,Voluntary non-profit - Other,true,3,0,0,0,0,1,0,0,1,420080,HILTON HEAD REGIONAL MEDICAL CENTER,2,731,27
50071,KAISER FOUNDATION HOSPITAL-SANTA CLARA,700 LAWRENCE EXPRESSWAY,SANTA CLARA,CA,West,95051,SANTA CLARA,Acute Care Hospitals,Voluntary non-profit - Private,true,3,,0,0,,1,0,,,50071,KAISER FOUNDATION HOSPITAL-SANTA CLARA,3,501,23
50073,KAISER FOUNDATION HOSPITAL AND REHAB CENTER,975 SERENO DR,VALLEJO,CA,West,94589,SOLANO,Acute Care Hospitals,Voluntary non-profit - Private,false,4,0,0,0,0,1,0,0,1,50073,KAISER FOUNDATION HOSPITAL AND REHAB CENTER,4,947,18
50411,KAISER FOUNDATION HOSPITAL - SOUTH BAY,25825 SOUTH VERMONT AVENUE,HARBOR CITY,CA,West,90710,LOS ANGELES,Acute Care Hospitals,Voluntary non-profit - Other,false,4,,0,0,,1,0,,,50411,KAISER FOUNDATION HOSPITAL - SOUTH BAY,4,513,18
50515,KAISER FOUNDATION HOSPITAL - SAN DIEGO,4647 ZION AVE,SAN DIEGO,CA,West,92120,SAN DIEGO,Acute Care Hospitals,Voluntary non-profit - Private,true,4,0,1,0,0,2,0,1,2,50515,KAISER FOUNDATION HOSPITAL - SAN DIEGO,4,1387,24
50604,KAISER FOUNDATION HOSPITAL-SAN JOSE,250 HOSPITAL PARKWAY,SAN JOSE,CA,West,95119,SANTA CLARA,Acute Care Hospitals,Voluntary non-profit - Private,true,4,0,0,0,0,1,0,0,1,50604,KAISER FOUNDATION HOSPITAL-SAN JOSE,3,1259,21
50760,KAISER FOUNDATION HOSPITAL - ANTIOCH,4501 SAND CREEK ROAD,ANTIOCH,CA,West,94531,CONTRA COSTA,Acute Care Hospitals,Voluntary non-profit - Private,true,3,0,0,0,0,2,0,0,2,50760,KAISER FOUNDATION HOSPITAL - ANTIOCH,3,1083,15
50777,KAISER FOUNDATION HOSPITAL - SAN LEANDRO,2500 MERCED STREET,SAN LEANDRO,CA,West,94577,ALAMEDA,Acute Care Hospitals,Voluntary non-profit - Private,true,2,,0,0,,1,0,,,50777,KAISER FOUNDATION HOSPITAL - SAN LEANDRO,3,518,16
100360,HCA FLORIDA UNIVERSITY HOSPITAL,3476 S UNIVERSITY DR.,DAVIE,FL,South,33328,BROWARD,Acute Care Hospitals,Proprietary,true,4,,0,0,,1,0,,,100360,HCA FLORIDA UNIVERSITY HOSPITAL,2,534,14
450674,"WOMANS HOSPITAL OF TEXAS,THE",7600 FANNIN,HOUSTON,TX,South,77054,HARRIS,Acute Care Hospitals,Proprietary,true,3,,0,0,,2,0,,,450674,"WOMANS HOSPITAL OF TEXAS,THE",3,494,8
30022,VALLEYWISE HEALTH MEDICAL CENTER,2601 EAST ROOSEVELT STREET,PHOENIX,AZ,West,85008,MARICOPA,Acute Care Hospitals,Government - Local,false,3,0,0,0,0,3,0,0,3,30022,VALLEYWISE HEALTH MEDICAL CENTER,2,660,7
50425,KAISER FOUNDATION HOSPITAL - SACRAMENTO,2025 MORSE AVENUE,SACRAMENTO,CA,West,95825,SACRAMENTO,Acute Care Hospitals,Voluntary non-profit - Private,true,3,0,0,0,0,1,0,0,1,50425,KAISER FOUNDATION HOSPITAL - SACRAMENTO,2,2007,21
50674,KAISER FOUNDATION HOSP SO SACRAMENTO,6600 BRUCEVILLE ROAD,SACRAMENTO,CA,West,95823,SACRAMENTO,Acute Care Hospitals,Voluntary non-profit - Private,true,3,0,0,0,0,1,0,0,1,50674,KAISER FOUNDATION HOSP SO SACRAMENTO,3,487,19
330199,METROPOLITAN HOSPITAL CENTER,1901 FIRST AVENUE,NEW YORK,NY,Northeast,10029,NEW YORK,Acute Care Hospitals,Government - Local,true,3,0,0,0,0,2,0,0,2,330199,METROPOLITAN HOSPITAL CENTER,2,297,7
50075,KAISER FOUNDATION HOSPITAL - OAKLAND/RICHMOND,275 WEST MACARTHUR BOULEVARD,OAKLAND,CA,West,94611,ALAMEDA,Acute Care Hospitals,Voluntary non-profit - Private,true,2,0,0,0,0,1,0,0,1,50075,KAISER FOUNDATION HOSPITAL - OAKLAND/RICHMOND,3,2655,20
50104,SAINT FRANCIS MEDICAL CENTER,3630 EAST IMPERIAL HIGHWAY,LYNWOOD,CA,West,90262,LOS ANGELES,Acute Care Hospitals,Voluntary non-profit - Church,false,4,0,0,0,0,3,1,0,4,50104,SAINT FRANCIS MEDICAL CENTER,2,542,32
50779,"MARTIN LUTHER KING, JR. COMMUNITY HOSPITAL",1680 EAST 120TH STREET,LOS ANGELES,CA,West,90059,LOS ANGELES,Acute Care Hospitals,Voluntary non-profit - Private,true,3,0,0,1,0,1,0,1,1,50779,"MARTIN LUTHER KING, JR. COMMUNITY HOSPITAL",3,537,7
110165,SOUTHERN REGIONAL MEDICAL CENTER,"11 UPPER RIVERDALE ROAD, SW",RIVERDALE,GA,South,30274,CLAYTON,Acute Care Hospitals,Voluntary non-profit - Private,true,1,1,0,1,0,1,0,2,1,110165,SOUTHERN REGIONAL MEDICAL CENTER,1,494,20
330202,KINGS COUNTY HOSPITAL CENTER,451 CLARKSON AVENUE,BROOKLYN,NY,Northeast,11203,KINGS,Acute Care Hospitals,Government - Local,true,1,0,0,1,0,2,0,1,2,330202,KINGS COUNTY HOSPITAL CENTER,2,343,8
330231,QUEENS HOSPITAL CENTER,82-68 164TH STREET,JAMAICA,NY,Northeast,11432,QUEENS,Acute Care Hospitals,Voluntary non-profit - Other,true,2,0,0,1,0,3,0,1,3,330231,QUEENS HOSPITAL CENTER,2,361,10
30111,BANNER-UNIVERSITY MEDICAL CENTER SOUTH CAMPUS,2800 EAST AJO WAY,TUCSON,AZ,West,85713,PIMA,Acute Care Hospitals,Voluntary non-profit - Private,true,3,0,0,0,0,0,0,0,0,30111,BANNER-UNIVERSITY MEDICAL CENTER SOUTH CAMPUS,2,553,19
50167,SAN JOAQUIN GENERAL HOSPITAL,500 W HOSPITAL ROAD,FRENCH CAMP,CA,West,95231,SAN JOAQUIN,Acute Care Hospitals,Government - Local,true,2,0,0,0,0,1,0,0,1,50167,SAN JOAQUIN GENERAL HOSPITAL,2,754,28
50390,HEMET GLOBAL MEDICAL CENTER,1117 EAST DEVONSHIRE,HEMET,CA,West,92543,RIVERSIDE,Acute Care Hospitals,Proprietary,true,1,0,0,0,0,1,0,0,1,50390,HEMET GLOBAL MEDICAL CENTER,1,393,12
50704,MISSION COMMUNITY HOSPITAL,14850 ROSCOE BLVD,PANORAMA CITY,CA,West,91402,LOS ANGELES,Acute Care Hospitals,Voluntary non-profit - Private,false,1,0,2,1,0,0,0,3,0,50704,MISSION COMMUNITY HOSPITAL,1,248,12
50739,CENTINELA HOSPITAL MEDICAL CENTER,555 EAST HARDY STREET,INGLEWOOD,CA,West,90301,LOS ANGELES,Acute Care Hospitals,Proprietary,false,2,0,0,2,2,2,0,2,4,50739,CENTINELA HOSPITAL MEDICAL CENTER,1,586,23
100230,MEMORIAL HOSPITAL PEMBROKE,7800 SHERIDAN ST,PEMBROKE PINES,FL,South,33024,BROWARD,Acute Care Hospitals,Government - Hospital District or Authority,true,3,0,0,1,0,1,0,1,1,100230,MEMORIAL HOSPITAL PEMBROKE,4,903,16
120011,KAISER FOUNDATION HOSPITAL,3288 MOANALUA RD,HONOLULU,HI,West,96819,HONOLULU,Acute Care Hospitals,Voluntary non-profit - Private,true,3,0,0,0,0,1,0,0,1,120011,KAISER FOUNDATION HOSPITAL,4,464,27
190128,WOMANS HOSPITAL,100 WOMAN'S WAY,BATON ROUGE,LA,South,70817,E. BATON ROUGE,Acute Care Hospitals,Voluntary non-profit - Private,true,3,,1,0,,1,0,,,190128,WOMANS HOSPITAL,4,369,8
230273,DETROIT RECEIVING HOSPITAL,4201 ST ANTOINE ST,DETROIT,MI,Midwest,48201,WAYNE,Acute Care Hospitals,Proprietary,true,1,0,1,2,0,2,0,3,2,230273,DETROIT RECEIVING HOSPITAL,1,379,7
330009,BRONXCARE HOSPITAL CENTER,1276 FULTON AVENUE,BRONX,NY,Northeast,10456,BRONX,Acute Care Hospitals,Voluntary non-profit - Private,true,1,0,0,1,0,2,0,1,2,330009,BRONXCARE HOSPITAL CENTER,2,560,7
330080,LINCOLN MEDICAL & MENTAL HEALTH CENTER,234 EAST 149TH STREET,BRONX,NY,Northeast,10451,BRONX,Acute Care Hospitals,Government - Local,true,1,0,0,0,0,3,0,0,3,330080,LINCOLN MEDICAL & MENTAL HEALTH CENTER,2,438,7
330193,FLUSHING HOSPITAL MEDICAL CENTER,45TH AVENUE AND PARSONS BOULEVARD,FLUSHING,NY,Northeast,11355,QUEENS,Acute Care Hospitals,Voluntary non-profit - Private,true,2,0,0,1,0,3,0,1,3,330193,FLUSHING HOSPITAL MEDICAL CENTER,3,1106,23
330240,HARLEM HOSPITAL CENTER,506 LENOX AVENUE,NEW YORK,NY,Northeast,10037,NEW YORK,Acute Care Hospitals,Government - Local,true,1,0,0,3,0,1,0,3,1,330240,HARLEM HOSPITAL CENTER,1,337,6
330399,ST BARNABAS HOSPITAL,4422 THIRD AVENUE,BRONX,NY,Northeast,10457,BRONX,Acute Care Hospitals,Voluntary non-profit - Private,true,1,0,1,0,0,2,0,1,2,330399,ST BARNABAS HOSPITAL,2,728,18
340027,UNC LENOIR HEALTH CARE,100 AIRPORT RD,KINSTON,NC,South,28501,LENOIR,Acute Care Hospitals,Voluntary non-profit - Private,true,3,0,0,0,0,1,0,0,1,340027,UNC LENOIR HEALTH CARE,3,505,16
440152,REGIONAL ONE HEALTH,877 JEFFERSON AVENUE,MEMPHIS,TN,South,38103,SHELBY,Acute Care Hospitals,Government - Hospital District or Authority,true,2,0,1,0,0,4,0,1,4,440152,REGIONAL ONE HEALTH,2,883,18
440197,TRISTAR SOUTHERN HILLS MEDICAL CENTER,391 WALLACE RD,NASHVILLE,TN,South,37211,DAVIDSON,Acute Care Hospitals,Proprietary,true,4,0,0,0,0,1,1,0,2,440197,TRISTAR SOUTHERN HILLS MEDICAL CENTER,2,475,16
450024,UNIVERSITY MEDICAL CENTER OF EL PASO,4815 ALAMEDA AVE,EL PASO,TX,South,79905,EL PASO,Acute Care Hospitals,Physician,true,1,1,0,1,0,2,0,2,2,450024,UNIVERSITY MEDICAL CENTER OF EL PASO,3,2472,25
10114,"MEDICAL WEST, AN AFFILIATE OF UAB HEALTH SYSTEM",995 9TH AVENUE SOUTHWEST,BESSEMER,AL,South,35022,JEFFERSON,Acute Care Hospitals,Government - Hospital District or Authority,true,2,0,0,1,0,1,0,1,1,10114,"MEDICAL WEST, AN AFFILIATE OF UAB HEALTH SYSTEM",3,693,13
50132,SAN GABRIEL VALLEY MEDICAL CENTER,438 W LAS TUNAS DRIVE,SAN GABRIEL,CA,West,91776,LOS ANGELES,Acute Care Hospitals,Proprietary,true,4,0,0,0,2,1,0,0,3,50132,SAN GABRIEL VALLEY MEDICAL CENTER,3,461,18
50191,ST MARY MEDICAL CENTER,1050 LINDEN AVE,LONG BEACH,CA,West,90813,LOS ANGELES,Acute Care Hospitals,Voluntary non-profit - Church,true,4,0,0,1,0,1,0,1,1,50191,ST MARY MEDICAL CENTER,2,520,10
50248,NATIVIDAD MEDICAL CENTER,1441 CONSTITUTION BOULEVARD,SALINAS,CA,West,93906,MONTEREY,Acute Care Hospitals,Government - Local,true,3,0,0,0,0,1,0,0,1,50248,NATIVIDAD MEDICAL CENTER,3,787,54
50336,ADVENTIST HEALTH LODI MEMORIAL,975 S FAIRMONT AVENUE,LODI,CA,West,95240,SAN JOAQUIN,Acute Care Hospitals,Voluntary non-profit - Other,true,3,0,0,0,0,2,1,0,3,50336,ADVENTIST HEALTH LODI MEMORIAL,3,392,15
50597,EMANATE HEALTH FOOTHILL PRESBYTERIAN HOSPITAL,250 S GRAND AVE,GLENDORA,CA,West,91740,LOS ANGELES,Acute Care Hospitals,Voluntary non-profit - Private,false,3,0,0,0,0,1,0,0,1,50597,EMANATE HEALTH FOOTHILL PRESBYTERIAN HOSPITAL,2,567,15
50740,CEDAR-SINAI MARINA DEL REY HOSPITAL,4650 LINCOLN BLVD,MARINA DEL REY,CA,West,90292,LOS ANGELES,Acute Care Hospitals,Proprietary,true,4,0,0,2,1,1,0,2,2,50740,CEDAR-SINAI MARINA DEL REY HOSPITAL,2,624,19
60065,HCA HEALTHONE MOUNTAIN RIDGE,9191 GRANT ST,THORNTON,CO,West,80229,ADAMS,Acute Care Hospitals,Voluntary non-profit - Private,true,2,0,0,0,0,1,0,0,1,60065,HCA HEALTHONE MOUNTAIN RIDGE,2,498,11
90003,HOWARD UNIVERSITY HOSPITAL CORP,2041 GEORGIA AVE NW,WASHINGTON,DC,South,20060,THE DISTRICT,Acute Care Hospitals,Voluntary non-profit - Other,false,1,0,1,2,1,0,0,3,1,90003,HOWARD UNIVERSITY HOSPITAL CORP,2,468,11
100224,UNIVERSITY HOSPITAL AND MEDICAL CENTER,7201 N UNIVERSITY DR,TAMARAC,FL,South,33321,BROWARD,Acute Care Hospitals,Proprietary,true,1,0,0,4,0,1,0,4,1,100224,UNIVERSITY HOSPITAL AND MEDICAL CENTER,2,605,15
150150,DUPONT HOSPITAL LLC,2520 E DUPONT RD,FORT WAYNE,IN,Midwest,46825,ALLEN,Acute Care Hospitals,Proprietary,true,3,0,0,0,0,1,1,0,2,150150,DUPONT HOSPITAL LLC,3,773,19
160146,ST LUKES REGIONAL MEDICAL CENTER,2720 STONE PARK BOULEVARD,SIOUX CITY,IA,Midwest,51104,WOODBURY,Acute Care Hospitals,Voluntary non-profit - Private,true,1,1,0,0,0,0,0,1,0,160146,ST LUKES REGIONAL MEDICAL CENTER,3,584,18
180001,ST ELIZABETH FT THOMAS,85 NORTH GRAND AVENUE,FORT THOMAS,KY,South,41075,CAMPBELL,Acute Care Hospitals,Voluntary non-profit - Private,true,3,0,0,0,0,1,0,0,1,180001,ST ELIZABETH FT THOMAS,4,617,19
180045,ST ELIZABETH FLORENCE,4900 HOUSTON ROAD,FLORENCE,KY,South,41042,BOONE,Acute Care Hospitals,Voluntary non-profit - Private,true,4,0,0,1,0,1,0,1,1,180045,ST ELIZABETH FLORENCE,4,833,18
210056,MEDSTAR GOOD SAMARITAN HOSPITAL,5601 LOCH RAVEN BOULEVARD,BALTIMORE,MD,South,21239,BALTIMORE CITY,Acute Care Hospitals,Voluntary non-profit - Other,true,3,0,0,0,1,1,0,0,2,210056,MEDSTAR GOOD SAMARITAN HOSPITAL,2,518,11
210065,HOLY CROSS GERMANTOWN HOSPITAL,19801 OBSERVATION DRIVE,GERMANTOWN,MD,South,20876,MONTGOMERY,Acute Care Hospitals,Voluntary non-profit - Private,true,2,0,0,0,0,0,0,0,0,210065,HOLY CROSS GERMANTOWN HOSPITAL,2,946,27
240214,MAPLE GROVE HOSPITAL,9875 HOSPITAL DRIVE,MAPLE GROVE,MN,Midwest,55369,HENNEPIN,Acute Care Hospitals,Voluntary non-profit - Private,true,4,0,0,0,1,1,0,0,2,240214,MAPLE GROVE HOSPITAL,4,820,24
260162,BARNES-JEWISH WEST COUNTY HOSPITAL,12634 OLIVE BOULEVARD,CREVE COEUR,MO,Midwest,63141,ST. LOUIS,Acute Care Hospitals,Voluntary non-profit - Private,true,4,0,0,0,0,1,1,0,2,260162,BARNES-JEWISH WEST COUNTY HOSPITAL,4,390,38
310092,CAPITAL HEALTH REGIONAL MEDICAL CENTER,750 BRUNSWICK AVE,TRENTON,NJ,Northeast,8638,MERCER,Acute Care Hospitals,Voluntary non-profit - Private,true,2,0,0,1,0,1,0,1,1,310092,CAPITAL HEALTH REGIONAL MEDICAL CENTER,2,574,13
320017,LOVELACE WOMEN'S HOSPITAL,4701 MONTGOMERY BOULEVARD NE,ALBUQUERQUE,NM,West,87109,BERNALILLO,Acute Care Hospitals,Proprietary,true,2,0,0,0,0,1,0,0,1,320017,LOVELACE WOMEN'S HOSPITAL,2,390,14
330014,JAMAICA HOSPITAL MEDICAL CENTER,89TH AVENUE AND VAN WYCK EXPRESSWAY,JAMAICA,NY,Northeast,11418,QUEENS,Acute Care Hospitals,Voluntary non-profit - Private,true,1,0,0,2,0,1,0,2,1,330014,JAMAICA HOSPITAL MEDICAL CENTER,2,2020,21
330065,NIAGARA FALLS MEMORIAL MEDICAL CENTER,621 TENTH STREET,NIAGARA FALLS,NY,Northeast,14302,NIAGARA,Acute Care Hospitals,Voluntary non-profit - Other,true,1,0,1,0,0,0,0,1,0,330065,NIAGARA FALLS MEMORIAL MEDICAL CENTER,2,301,16
330074,F F THOMPSON HOSPITAL,350 PARRISH STREET,CANANDAIGUA,NY,Northeast,14424,ONTARIO,Acute Care Hospitals,Voluntary non-profit - Private,true,2,0,1,2,0,0,0,3,0,330074,F F THOMPSON HOSPITAL,3,466,27
330127,JACOBI MEDICAL CENTER,1400 PELHAM PARKWAY SOUTH,BRONX,NY,Northeast,10461,BRONX,Acute Care Hospitals,Government - Local,true,1,0,1,1,0,1,0,2,1,330127,JACOBI MEDICAL CENTER,2,745,7
330204,BELLEVUE HOSPITAL CENTER,462 FIRST AVENUE,NEW YORK,NY,Northeast,10016,NEW YORK,Acute Care Hospitals,Government - Local,true,2,0,2,1,0,1,0,3,1,330204,BELLEVUE HOSPITAL CENTER,2,858,9
330221,WYCKOFF HEIGHTS MEDICAL CENTER,374 STOCKHOLM STREET,BROOKLYN,NY,Northeast,11237,KINGS,Acute Care Hospitals,Voluntary non-profit - Private,true,2,0,0,1,0,1,0,1,1,330221,WYCKOFF HEIGHTS MEDICAL CENTER,2,910,23
330233,BROOKDALE HOSPITAL MEDICAL CENTER,1 BROOKDALE PLAZA,BROOKLYN,NY,Northeast,11212,KINGS,Acute Care Hospitals,Voluntary non-profit - Private,true,1,0,1,2,0,1,0,3,1,330233,BROOKDALE HOSPITAL MEDICAL CENTER,1,730,7
330350,SUNY/DOWNSTATE UNIVERSITY HOSPITAL OF BROOKLYN,445 LENOX ROAD,BROOKLYN,NY,Northeast,11203,KINGS,Acute Care Hospitals,Government - State,true,1,0,0,2,0,1,0,2,1,330350,SUNY/DOWNSTATE UNIVERSITY HOSPITAL OF BROOKLYN,2,246,9
340003,NORTHERN REGIONAL HOSPITAL,830 ROCKFORD ST,MOUNT AIRY,NC,South,27030,SURRY,Acute Care Hospitals,Government - Hospital District or Authority,true,4,0,0,0,0,0,0,0,0,340003,NORTHERN REGIONAL HOSPITAL,4,475,24
340042,ONSLOW MEMORIAL HOSPITAL,317 WESTERN BOULEVARD,JACKSONVILLE,NC,South,28546,ONSLOW,Acute Care Hospitals,Government - Hospital District or Authority,true,1,1,1,2,0,1,0,4,1,340042,ONSLOW MEMORIAL HOSPITAL,2,542,13
340109,SENTARA ALBEMARLE MEDICAL CENTER,3050 HALSTEAD BLVD EXT,ELIZABETH CITY,NC,South,27909,PASQUOTANK,Acute Care Hospitals,Government - Hospital District or Authority,true,3,0,0,0,0,1,0,0,1,340109,SENTARA ALBEMARLE MEDICAL CENTER,4,752,20
340166,ATRIUM HEALTH UNIVERSITY CITY,8800 NORTH TYRON STREET,CHARLOTTE,NC,South,28262,MECKLENBURG,Acute Care Hospitals,Government - Hospital District or Authority,true,3,0,0,0,0,1,0,0,1,340166,ATRIUM HEALTH UNIVERSITY CITY,3,742,10
360236,MERCY HEALTH - CLERMONT HOSPITAL,3000 HOSPITAL DRIVE,BATAVIA,OH,Midwest,45103,CLERMONT,Acute Care Hospitals,Voluntary non-profit - Church,true,4,0,0,0,0,1,0,0,1,360236,MERCY HEALTH - CLERMONT HOSPITAL,3,661,19
380025,LEGACY MOUNT HOOD MEDICAL CENTER,24800 SE STARK STREET,GRESHAM,OR,West,97030,MULTNOMAH,Acute Care Hospitals,Voluntary non-profit - Private,true,3,0,1,0,0,1,1,1,2,380025,LEGACY MOUNT HOOD MEDICAL CENTER,3,691,19
390334,AHN WEXFORD HOSPITAL,12351 PERRY HIGHWAY,WEXFORD,PA,Northeast,15090,ALLEGHENY,Acute Care Hospitals,Voluntary non-profit - Private,true,5,0,0,0,0,1,0,0,1,390334,AHN WEXFORD HOSPITAL,4,1094,27
420015,PRISMA HEALTH BAPTIST EASLEY HOSPITAL,200 FLEETWOOD DRIVE,EASLEY,SC,South,29640,PICKENS,Acute Care Hospitals,Voluntary non-profit - Private,true,2,0,0,0,0,1,0,0,1,420015,PRISMA HEALTH BAPTIST EASLEY HOSPITAL,3,563,15
420033,PRISMA HEALTH GREER MEMORIAL HOSPITAL,1413 JOHN B WHITE SR BLVD SUITE D,SPARTANBURG,SC,South,29306,SPARTANBURG,Acute Care Hospitals,Voluntary non-profit - Private,true,5,0,0,0,0,1,0,0,1,420033,PRISMA HEALTH GREER MEMORIAL HOSPITAL,4,657,16
420036,MUSC HEALTH LANCASTER MEDICAL CENTER,800 W MEETING ST,LANCASTER,SC,South,29720,LANCASTER,Acute Care Hospitals,Proprietary,true,2,1,0,0,0,1,0,1,1,420036,MUSC HEALTH LANCASTER MEDICAL CENTER,2,522,14
420070,PRISMA HEALTH TUOMEY HOSPITAL,129 N WASHINGTON ST,SUMTER,SC,South,29150,SUMTER,Acute Care Hospitals,Voluntary non-profit - Private,true,2,1,0,1,0,1,0,2,1,420070,PRISMA HEALTH TUOMEY HOSPITAL,3,706,13
440050,GREENEVILLE COMMUNITY HOSPITAL,1420 TUSCULUM BOULEVARD,GREENEVILLE,TN,South,37745,GREENE,Acute Care Hospitals,Voluntary non-profit - Private,true,3,0,0,0,0,1,0,0,1,440050,GREENEVILLE COMMUNITY HOSPITAL,3,528,17
450035,ST JOSEPH MEDICAL CENTER,1401 ST. JOSEPH PARKWAY,HOUSTON,TX,South,77002,HARRIS,Acute Care Hospitals,Physician,true,2,0,0,0,0,1,0,0,1,450035,ST JOSEPH MEDICAL CENTER,2,251,5
450064,TEXAS HEALTH ARLINGTON MEMORIAL HOSPITAL,800 W RANDOL MILL RD,ARLINGTON,TX,South,76012,TARRANT,Acute Care Hospitals,Voluntary non-profit - Private,true,2,0,0,0,0,1,0,0,1,450064,TEXAS HEALTH ARLINGTON MEMORIAL HOSPITAL,3,819,14
450638,HCA HOUSTON HEALTHCARE NORTHWEST,710 CYPRESS CREEK PARKWAY,HOUSTON,TX,South,77090,HARRIS,Acute Care Hospitals,Proprietary,true,3,0,0,0,0,1,0,0,1,450638,HCA HOUSTON HEALTHCARE NORTHWEST,2,593,7
500064,HARBORVIEW MEDICAL CENTER,325 9TH AVENUE,SEATTLE,WA,West,98104,KING,Acute Care Hospitals,Government - Local,true,1,1,3,2,0,0,0,6,0,500064,HARBORVIEW MEDICAL CENTER,2,1709,16
500152,SWEDISH ISSAQUAH,751 NE BLAKELY DR,ISSAQUAH,WA,West,98029,KING,Acute Care Hospitals,Voluntary non-profit - Private,true,5,0,0,0,1,1,1,0,3,500152,SWEDISH ISSAQUAH,3,525,18
520189,AURORA MEDICAL CENTER KENOSHA,10400 75TH ST,KENOSHA,WI,Midwest,53142,KENOSHA,Acute Care Hospitals,Voluntary non-profit - Private,true,4,0,0,0,0,0,1,0,1,520189,AURORA MEDICAL CENTER KENOSHA,4,1050,23
670047,THE HOSPITALS OF PROVIDENCE - EAST CAMPUS,3280 JOE BATTLE BLVD,EL PASO,TX,South,79938,EL PASO,Acute Care Hospitals,Proprietary,true,2,0,0,1,0,2,1,1,3,670047,THE HOSPITALS OF PROVIDENCE - EAST CAMPUS,2,839,11
10079,ATHENS LIMESTONE HOSPITAL,700 WEST MARKET STREET,ATHENS,AL,South,35611,LIMESTONE,Acute Care Hospitals,Government - Hospital District or Authority,true,3,1,0,2,0,0,1,3,1,10079,ATHENS LIMESTONE HOSPITAL,4,414,17
10087,USA HEALTH UNIVERSITY HOSPITAL,2451 FILLINGIM STREET,MOBILE,AL,South,36617,MOBILE,Acute Care Hospitals,Government - State,true,2,0,1,2,0,2,0,3,2,10087,USA HEALTH UNIVERSITY HOSPITAL,3,1340,17
30016,BANNER CASA GRANDE MEDICAL CENTER,1800 EAST FLORENCE BOULEVARD,CASA GRANDE,AZ,West,85122,PINAL,Acute Care Hospitals,Voluntary non-profit - Other,true,2,0,0,1,0,1,0,1,1,30016,BANNER CASA GRANDE MEDICAL CENTER,2,568,18
30110,ABRAZO WEST CAMPUS,13677 WEST MCDOWELL ROAD,GOODYEAR,AZ,West,85395,MARICOPA,Acute Care Hospitals,Proprietary,true,2,0,0,0,0,1,0,0,1,30110,ABRAZO WEST CAMPUS,1,926,14
50124,USC VERDUGO HILLS HOSPITAL,1812 VERDUGO BLVD,GLENDALE,CA,West,91208,LOS ANGELES,Acute Care Hospitals,Voluntary non-profit - Private,true,3,0,0,1,1,0,1,1,2,50124,USC VERDUGO HILLS HOSPITAL,3,384,20
50129,ST BERNARDINE MEDICAL CENTER,2101 N WATERMAN AVE,SAN BERNARDINO,CA,West,92404,SAN BERNARDINO,Acute Care Hospitals,Voluntary non-profit - Private,true,3,0,0,0,0,3,1,0,4,50129,ST BERNARDINE MEDICAL CENTER,2,585,11
50152,UCSF HEALTH SAINT FRANCIS HOSPITAL,900 HYDE ST,SAN FRANCISCO,CA,West,94109,SAN FRANCISCO,Acute Care Hospitals,Voluntary non-profit - Private,true,2,0,0,1,0,1,0,1,1,50152,UCSF HEALTH SAINT FRANCIS HOSPITAL,2,171,11
50272,REDLANDS COMMUNITY HOSPITAL,350 TERRACINA BLVD,REDLANDS,CA,West,92373,SAN BERNARDINO,Acute Care Hospitals,Voluntary non-profit - Private,true,3,1,0,0,0,1,1,1,2,50272,REDLANDS COMMUNITY HOSPITAL,3,1201,20
50373,LOS ANGELES GENERAL MEDICAL CENTER,"2051 MARENGO ST, ROOM C2K100",LOS ANGELES,CA,West,90033,LOS ANGELES,Acute Care Hospitals,Government - Local,true,2,0,0,0,0,3,0,0,3,50373,LOS ANGELES GENERAL MEDICAL CENTER,2,515,10
50523,SUTTER DELTA MEDICAL CENTER,3901 LONE TREE WAY,ANTIOCH,CA,West,94509,CONTRA COSTA,Acute Care Hospitals,Voluntary non-profit - Private,true,3,0,0,0,0,0,0,0,0,50523,SUTTER DELTA MEDICAL CENTER,2,554,12
50551,UCI HEALTH - LOS ALAMITOS,3751 KATELLA AVENUE,LOS ALAMITOS,CA,West,90720,ORANGE,Acute Care Hospitals,Proprietary,true,3,0,0,0,0,0,0,0,0,50551,UCI HEALTH - LOS ALAMITOS,2,511,24
50581,UCI HEALTH-LAKEWOOD,3700 SOUTH ST,LAKEWOOD,CA,West,90712,LOS ANGELES,Acute Care Hospitals,Proprietary,true,2,0,0,2,0,2,0,2,2,50581,UCI HEALTH-LAKEWOOD,1,333,14
50603,MEMORIALCARE SADDLEBACK MEDICAL CENTER,24451 HEALTH CENTER DRIVE,LAGUNA HILLS,CA,West,92653,ORANGE,Acute Care Hospitals,Voluntary non-profit - Private,true,4,0,0,0,0,1,0,0,1,50603,MEMORIALCARE SADDLEBACK MEDICAL CENTER,3,1667,23
50770,LOMA LINDA UNIVERSITY MEDICAL CENTER-MURRIETA,28062 BAXTER ROAD,MURRIETA,CA,West,92563,RIVERSIDE,Acute Care Hospitals,Voluntary non-profit - Private,true,2,0,0,3,0,1,0,3,1,50770,LOMA LINDA UNIVERSITY MEDICAL CENTER-MURRIETA,2,1052,16
60104,CENTURA HEALTH-ST ANTHONY NORTH HEALTH CAMPUS,14300 ORCHARD PKWY,WESTMINSTER,CO,West,80023,BROOMFIELD,Acute Care Hospitals,Voluntary non-profit - Private,true,4,0,0,0,0,1,2,0,3,60104,CENTURA HEALTH-ST ANTHONY NORTH HEALTH CAMPUS,3,808,16
100045,ADVENTHEALTH DELAND,701 W PLYMOUTH AVE,DELAND,FL,South,32720,VOLUSIA,Acute Care Hospitals,Voluntary non-profit - Church,true,4,0,0,0,0,1,0,0,1,100045,ADVENTHEALTH DELAND,3,1376,19
100063,MORTON PLANT NORTH BAY HOSPITAL,6600 MADISON STREET,NEW PORT RICHEY,FL,South,34652,PASCO,Acute Care Hospitals,Voluntary non-profit - Private,true,3,0,0,0,0,4,0,0,4,100063,MORTON PLANT NORTH BAY HOSPITAL,4,1290,19
100072,ADVENTHEALTH FISH MEMORIAL,1055 SAXON BLVD,ORANGE CITY,FL,South,32763,VOLUSIA,Acute Care Hospitals,Voluntary non-profit - Church,true,5,0,0,0,2,1,0,0,3,100072,ADVENTHEALTH FISH MEMORIAL,4,1730,18
100124,SANTA ROSA MEDICAL CENTER,6002 BERRYHILL RD,MILTON,FL,South,32570,SANTA ROSA,Acute Care Hospitals,Proprietary,true,4,0,0,0,0,0,0,0,0,100124,SANTA ROSA MEDICAL CENTER,3,422,17
100156,HCA FLORIDA LAKE CITY HOSPITAL,340 NW COMMERCE DR,LAKE CITY,FL,South,32055,COLUMBIA,Acute Care Hospitals,Proprietary,true,2,0,0,1,0,1,1,1,2,100156,HCA FLORIDA LAKE CITY HOSPITAL,2,442,15
100246,HCA FLORIDA LAWNWOOD HOSPITAL,1700 S 23RD ST,FORT PIERCE,FL,South,34950,ST. LUCIE,Acute Care Hospitals,Proprietary,true,1,0,0,3,0,2,0,3,2,100246,HCA FLORIDA LAWNWOOD HOSPITAL,2,649,16
100268,WEST BOCA MEDICAL CENTER,21644 STATE RD 7,BOCA RATON,FL,South,33428,PALM BEACH,Acute Care Hospitals,Proprietary,true,2,0,0,0,0,1,0,0,1,100268,WEST BOCA MEDICAL CENTER,1,665,14
110003,Memorial Satilla Health,1900 TEBEAU STREET,WAYCROSS,GA,South,31501,WARE,Acute Care Hospitals,Voluntary non-profit - Private,true,3,1,0,0,0,1,0,1,1,110003,Memorial Satilla Health,4,463,14
110042,WELLSTAR PAULDING MEDICAL CENTER,2518 JIMMY LEE SMITH PARKWAY,HIRAM,GA,South,30141,PAULDING,Acute Care Hospitals,Voluntary non-profit - Other,false,4,0,0,1,1,1,0,1,2,110042,WELLSTAR PAULDING MEDICAL CENTER,3,554,20
110125,FAIRVIEW PARK HOSPITAL,200 INDUSTRIAL BOULEVARD,DUBLIN,GA,South,31021,LAURENS,Acute Care Hospitals,Proprietary,true,4,0,0,0,0,3,0,0,3,110125,FAIRVIEW PARK HOSPITAL,4,555,15
110184,WELLSTAR DOUGLAS MEDICAL CENTER,8954 HOSPITAL DRIVE,DOUGLASVILLE,GA,South,30134,DOUGLAS,Acute Care Hospitals,Voluntary non-profit - Private,true,3,0,0,0,0,0,1,0,1,110184,WELLSTAR DOUGLAS MEDICAL CENTER,3,439,13
110192,PIEDMONT EASTSIDE MEDICAL CENTER,1700 MEDICAL WAY,SNELLVILLE,GA,South,30078,GWINNETT,Acute Care Hospitals,Proprietary,true,1,0,0,1,0,1,0,1,1,110192,PIEDMONT EASTSIDE MEDICAL CENTER,2,551,11
110198,WELLSTAR NORTH FULTON MEDICAL CENTER,3000 HOSPITAL BOULEVARD,ROSWELL,GA,South,30076,FULTON,Acute Care Hospitals,Proprietary,false,2,0,1,1,0,2,0,2,2,110198,WELLSTAR NORTH FULTON MEDICAL CENTER,2,519,16
110200,PIEDMONT COLUMBUS REGIONAL NORTHSIDE,100 FRIST COURT,COLUMBUS,GA,South,31909,MUSCOGEE,Acute Care Hospitals,Proprietary,false,5,0,0,0,0,2,0,0,2,110200,PIEDMONT COLUMBUS REGIONAL NORTHSIDE,4,632,19
130002,ST LUKES MAGIC VALLEY MEDICAL CENTER,801 POLE LINE ROAD WEST,TWIN FALLS,ID,West,83301,TWIN FALLS,Acute Care Hospitals,Voluntary non-profit - Private,true,5,0,0,0,0,1,1,0,2,130002,ST LUKES MAGIC VALLEY MEDICAL CENTER,3,608,23
140011,HERRIN HOSPITAL,201 S 14TH ST,HERRIN,IL,Midwest,62948,WILLIAMSON,Acute Care Hospitals,Voluntary non-profit - Private,true,2,1,0,2,0,1,0,3,1,140011,HERRIN HOSPITAL,2,347,18
140018,MT SINAI HOSPITAL MEDICAL CENTER,15TH STREET AT CALIFORNIA,CHICAGO,IL,Midwest,60608,COOK,Acute Care Hospitals,Voluntary non-profit - Private,true,1,0,1,0,0,1,0,1,1,140018,MT SINAI HOSPITAL MEDICAL CENTER,1,431,6
150009,NORTON CLARK HOSPITAL,1220 MISSOURI AVE,JEFFERSONVILLE,IN,Midwest,47130,CLARK,Acute Care Hospitals,Voluntary non-profit - Other,true,3,0,1,0,0,1,0,1,1,150009,NORTON CLARK HOSPITAL,2,835,17
160069,MERCYONE DUBUQUE MEDICAL CENTER,250 MERCY DRIVE,DUBUQUE,IA,Midwest,52001,DUBUQUE,Acute Care Hospitals,Voluntary non-profit - Church,true,5,0,0,0,0,2,2,0,4,160069,MERCYONE DUBUQUE MEDICAL CENTER,4,1013,35
160117,FINLEY HOSPITAL,350 NORTH GRANDVIEW AVENUE,DUBUQUE,IA,Midwest,52001,DUBUQUE,Acute Care Hospitals,Voluntary non-profit - Private,true,4,0,0,0,0,0,0,0,0,160117,FINLEY HOSPITAL,4,537,29
190005,UNIVERSITY MEDICAL CENTER NEW ORLEANS,2000 CANAL STREET,NEW ORLEANS,LA,South,70112,ORLEANS,Acute Care Hospitals,Voluntary non-profit - Private,true,2,0,2,0,0,2,1,2,3,190005,UNIVERSITY MEDICAL CENTER NEW ORLEANS,4,1520,19
200001,ST JOSEPH HOSPITAL,360 BROADWAY,BANGOR,ME,Northeast,4401,PENOBSCOT,Acute Care Hospitals,Voluntary non-profit - Church,true,3,0,0,1,0,0,0,1,0,200001,ST JOSEPH HOSPITAL,4,1073,28
200021,MAINEHEALTH MID COAST HOSPITAL,123 MEDICAL CENTER DRIVE,BRUNSWICK,ME,Northeast,4011,CUMBERLAND,Acute Care Hospitals,Voluntary non-profit - Private,true,2,0,1,0,0,0,0,1,0,200021,MAINEHEALTH MID COAST HOSPITAL,3,381,29
210043,UNIVERSITY OF MD BALTIMORE WASHINGTON MEDICAL CENTER,301 HOSPITAL DRIVE,GLEN BURNIE,MD,South,21061,ANNE ARUNDEL,Acute Care Hospitals,Voluntary non-profit - Other,true,4,0,0,0,0,1,1,0,2,210043,UNIVERSITY OF MD BALTIMORE WASHINGTON MEDICAL CENTER,3,866,17
230176,COREWELL HEALTH TRENTON HOSPITAL,5450 FORT STREET,TRENTON,MI,Midwest,48183,WAYNE,Acute Care Hospitals,Voluntary non-profit - Private,true,1,0,1,2,1,1,0,3,2,230176,COREWELL HEALTH TRENTON HOSPITAL,3,609,24
230193,MCLAREN LAPEER REGION,1375 N MAIN ST,LAPEER,MI,Midwest,48446,LAPEER,Acute Care Hospitals,Voluntary non-profit - Private,true,2,0,0,0,0,1,0,0,1,230193,MCLAREN LAPEER REGION,1,507,26
230244,GARDEN CITY HOSPITAL,6245 INKSTER RD,GARDEN CITY,MI,Midwest,48135,WAYNE,Acute Care Hospitals,Voluntary non-profit - Private,true,2,0,0,1,1,2,0,1,3,230244,GARDEN CITY HOSPITAL,1,402,24
240056,RIDGEVIEW MEDICAL CENTER,500 SOUTH MAPLE STREET,WACONIA,MN,Midwest,55387,CARVER,Acute Care Hospitals,Voluntary non-profit - Private,true,5,0,0,0,1,0,0,0,1,240056,RIDGEVIEW MEDICAL CENTER,3,365,32
240207,M HEALTH FAIRVIEW RIDGES HOSPITAL,201 EAST NICOLLET BOULEVARD,BURNSVILLE,MN,Midwest,55337,DAKOTA,Acute Care Hospitals,Voluntary non-profit - Church,true,4,0,0,0,1,2,0,0,3,240207,M HEALTH FAIRVIEW RIDGES HOSPITAL,3,491,23
250138,MERIT HEALTH RIVER OAKS,1030 RIVER OAKS DRIVE,FLOWOOD,MS,South,39232,RANKIN,Acute Care Hospitals,Proprietary,true,1,0,0,1,0,0,0,1,0,250138,MERIT HEALTH RIVER OAKS,1,517,13
260005,SSM ST JOSEPH HEALTH CENTER,300 1ST CAPITOL DR,SAINT CHARLES,MO,Midwest,63301,ST. CHARLES,Acute Care Hospitals,Voluntary non-profit - Private,true,2,0,0,2,0,1,0,2,1,260005,SSM ST JOSEPH HEALTH CENTER,2,473,25
280081,CHI HEALTH IMMANUEL,6901 NORTH 72ND ST,OMAHA,NE,Midwest,68122,DOUGLAS,Acute Care Hospitals,Voluntary non-profit - Private,true,3,0,0,1,0,2,0,1,2,280081,CHI HEALTH IMMANUEL,3,805,17
310006,ST MARY'S GENERAL HOSPITAL,350 BOULEVARD,PASSAIC,NJ,Northeast,7055,PASSAIC,Acute Care Hospitals,Proprietary,true,3,0,0,0,0,1,0,0,1,310006,ST MARY'S GENERAL HOSPITAL,3,492,26
310024,ROBERT WOOD JOHNSON UNIVERSITY HOSPITAL AT RAHWAY,865 STONE ST,RAHWAY,NJ,Northeast,7065,UNION,Acute Care Hospitals,Voluntary non-profit - Private,true,3,1,0,1,0,1,0,2,1,310024,ROBERT WOOD JOHNSON UNIVERSITY HOSPITAL AT RAHWAY,3,441,15
310032,INSPIRA MEDICAL CENTER VINELAND,1505 W SHERMAN AVE,VINELAND,NJ,Northeast,8360,CUMBERLAND,Acute Care Hospitals,Voluntary non-profit - Private,true,2,0,0,3,0,3,0,3,3,310032,INSPIRA MEDICAL CENTER VINELAND,3,1166,15
310039,RARITAN BAY MEDICAL CENTER,530 NEW BRUNSWICK AVE,PERTH AMBOY,NJ,Northeast,8861,MIDDLESEX,Acute Care Hospitals,Voluntary non-profit - Private,true,3,0,0,1,0,2,0,1,2,310039,RARITAN BAY MEDICAL CENTER,2,988,14
310119,THE UNIVERSITY HOSPITAL,150 BERGEN ST,NEWARK,NJ,Northeast,7103,ESSEX,Acute Care Hospitals,Government - State,true,1,1,1,1,0,1,0,3,1,310119,THE UNIVERSITY HOSPITAL,2,759,7
330058,GENEVA GENERAL HOSPITAL,196 -198 NORTH STREET,GENEVA,NY,Northeast,14456,ONTARIO,Acute Care Hospitals,Voluntary non-profit - Other,true,1,0,0,2,0,0,0,2,0,330058,GENEVA GENERAL HOSPITAL,2,413,22
330102,KENMORE MERCY HOSPITAL,2950 ELMWOOD AVENUE,KENMORE,NY,Northeast,14217,ERIE,Acute Care Hospitals,Voluntary non-profit - Private,true,2,0,0,1,0,3,0,1,3,330102,KENMORE MERCY HOSPITAL,3,978,31
330128,ELMHURST HOSPITAL CENTER,79-01 BROADWAY,ELMHURST,NY,Northeast,11373,QUEENS,Acute Care Hospitals,Government - Local,true,2,0,0,0,0,2,0,0,2,330128,ELMHURST HOSPITAL CENTER,2,675,11
330184,MONTEFIORE NEW ROCHELLE HOSPITAL,16 GUION PLACE,NEW ROCHELLE,NY,Northeast,10802,WESTCHESTER,Acute Care Hospitals,Voluntary non-profit - Private,true,1,0,0,2,0,1,0,2,1,330184,MONTEFIORE NEW ROCHELLE HOSPITAL,2,340,14
330196,SOUTH BROOKLYN HEALTH,2601 OCEAN PARKWAY,BROOKLYN,NY,Northeast,11235,KINGS,Acute Care Hospitals,Voluntary non-profit - Other,true,1,0,0,3,0,2,0,3,2,330196,SOUTH BROOKLYN HEALTH,2,634,12
340010,UNC HEALTH CARE WAYNE,2700 WAYNE MEMORIAL DR,GOLDSBORO,NC,South,27534,WAYNE,Acute Care Hospitals,Voluntary non-profit - Private,true,3,0,0,0,0,1,0,0,1,340010,UNC HEALTH CARE WAYNE,3,598,15
340041,CALDWELL MEMORIAL HOSPITAL,321 MULBERRY ST SW,LENOIR,NC,South,28645,CALDWELL,Acute Care Hospitals,Voluntary non-profit - Other,true,1,0,0,1,0,0,1,1,1,340041,CALDWELL MEMORIAL HOSPITAL,3,495,19
340096,LEXINGTON MEMORIAL HOSPITAL INC,250 HOSPITAL DRIVE PO BOX 1817,LEXINGTON,NC,South,27293,DAVIDSON,Acute Care Hospitals,Voluntary non-profit - Private,true,3,0,0,0,0,0,0,0,0,340096,LEXINGTON MEMORIAL HOSPITAL INC,4,509,18
360055,INSIGHT HOSPITAL AND MEDICAL CENTER TRUMBULL,1350 EAST MARKET STREET,WARREN,OH,Midwest,44482,TRUMBULL,Acute Care Hospitals,Proprietary,true,2,0,0,1,0,1,0,1,1,360055,INSIGHT HOSPITAL AND MEDICAL CENTER TRUMBULL,2,446,25
360076,ATRIUM MEDICAL CENTER,ONE MEDICAL CENTER DRIVE,FRANKLIN,OH,Midwest,45005,WARREN,Acute Care Hospitals,Voluntary non-profit - Private,true,4,0,0,0,0,2,1,0,3,360076,ATRIUM MEDICAL CENTER,3,367,17
360078,UNIVERSITY HOSPITALS PORTAGE MEDICAL CENTER,6847 N CHESTNUT,RAVENNA,OH,Midwest,44266,PORTAGE,Acute Care Hospitals,Voluntary non-profit - Private,true,3,0,1,0,0,0,0,1,0,360078,UNIVERSITY HOSPITALS PORTAGE MEDICAL CENTER,3,962,22
360082,EUCLID HOSPITAL,18901 LAKE SHORE BOULEVARD,EUCLID,OH,Midwest,44119,CUYAHOGA,Acute Care Hospitals,Voluntary non-profit - Other,false,3,0,0,1,0,1,0,1,1,360082,EUCLID HOSPITAL,3,392,12
360174,UPPER VALLEY MEDICAL CENTER,3130 N DIXIE HIGHWAY,TROY,OH,Midwest,45373,MIAMI,Acute Care Hospitals,Voluntary non-profit - Private,true,4,0,0,0,0,1,0,0,1,360174,UPPER VALLEY MEDICAL CENTER,3,985,25
360360,SOIN MEDICAL CENTER,3535 PENTAGON PARK BLVD,BEAVER CREEK,OH,Midwest,45431,GREENE,Acute Care Hospitals,Voluntary non-profit - Private,true,4,0,0,1,0,2,0,1,2,360360,SOIN MEDICAL CENTER,4,1333,19
380027,MERCY MEDICAL CENTER,2700 NW STEWART PARKWAY,ROSEBURG,OR,West,97471,DOUGLAS,Acute Care Hospitals,Government - Hospital District or Authority,true,4,1,0,0,0,1,4,1,5,380027,MERCY MEDICAL CENTER,3,723,20
390068,UPMC LITITZ,1500 HIGHLANDS DRIVE,LITITZ,PA,Northeast,17543,LANCASTER,Acute Care Hospitals,Voluntary non-profit - Other,true,3,0,0,2,0,0,0,2,0,390068,UPMC LITITZ,3,464,31
390147,PENN HIGHLANDS MON VALLEY,1163 COUNTRY CLUB ROAD,MONONGAHELA,PA,Northeast,15063,WASHINGTON,Acute Care Hospitals,Voluntary non-profit - Private,true,2,0,0,1,0,0,0,1,0,390147,PENN HIGHLANDS MON VALLEY,2,366,25
390335,ST LUKE'S HOSPITAL - CARBON CAMPUS,500 ST LUKE'S DRIVE,LEHIGHTON,PA,Northeast,18235,CARBON,Acute Care Hospitals,Voluntary non-profit - Private,true,4,0,0,1,0,1,1,1,2,390335,ST LUKE'S HOSPITAL - CARBON CAMPUS,4,757,29
410006,NEWPORT HOSPITAL,11 FRIENDSHIP STREET,NEWPORT,RI,Northeast,2840,NEWPORT,Acute Care Hospitals,Voluntary non-profit - Private,true,4,0,0,0,0,1,0,0,1,410006,NEWPORT HOSPITAL,3,468,24
440003,HIGHPOINT HEALTH-SUMNER WITH ASCENSION SAINT THOMA,555 HARTSVILLE PIKE,GALLATIN,TN,South,37066,SUMNER,Acute Care Hospitals,Proprietary,true,2,0,1,0,0,1,1,1,2,440003,HIGHPOINT HEALTH-SUMNER WITH ASCENSION SAINT THOMA,2,774,18
440035,TENNOVA HEALTHCARE-CLARKSVILLE,651 DUNLOP LANE,CLARKSVILLE,TN,South,37040,MONTGOMERY,Acute Care Hospitals,Proprietary,true,1,2,0,1,0,1,0,3,1,440035,TENNOVA HEALTHCARE-CLARKSVILLE,2,640,14
450079,BAYLOR SCOTT & WHITE MEDICAL CENTER AT IRVING,1901 N MACARTHUR BLVD,IRVING,TX,South,75061,DALLAS,Acute Care Hospitals,Voluntary non-profit - Private,true,5,0,0,0,0,2,0,0,2,450079,BAYLOR SCOTT & WHITE MEDICAL CENTER AT IRVING,3,765,11
450104,GUADALUPE REGIONAL MEDICAL CENTER,1215 E COURT ST,SEGUIN,TX,South,78155,GUADALUPE,Acute Care Hospitals,Government - Local,true,2,0,0,1,0,0,0,1,0,450104,GUADALUPE REGIONAL MEDICAL CENTER,5,308,16
450176,MISSION REGIONAL MEDICAL CENTER,900 SOUTH BRYAN ROAD,MISSION,TX,South,78572,HIDALGO,Acute Care Hospitals,Voluntary non-profit - Private,true,3,0,0,1,1,1,0,1,2,450176,MISSION REGIONAL MEDICAL CENTER,3,508,40
450389,UT HEALTH EAST TEXAS ATHENS HOSPITAL,2000 SOUTH PALESTINE ST,ATHENS,TX,South,75751,HENDERSON,Acute Care Hospitals,Proprietary,true,3,0,0,0,0,1,0,0,1,450389,UT HEALTH EAST TEXAS ATHENS HOSPITAL,4,280,15
450643,DOCTORS HOSPITAL OF LAREDO,10700 MCPHERSON ROAD,LAREDO,TX,South,78041,WEBB,Acute Care Hospitals,Proprietary,true,3,0,1,1,0,1,1,2,2,450643,DOCTORS HOSPITAL OF LAREDO,3,416,6
450677,TEXAS HEALTH HUGULEY HOSPITAL FORT WORTH SOUTH,11801 SOUTH FREEWAY,FORT WORTH,TX,South,76115,TARRANT,Acute Care Hospitals,Voluntary non-profit - Church,true,3,0,0,1,1,1,0,1,2,450677,TEXAS HEALTH HUGULEY HOSPITAL FORT WORTH SOUTH,3,1349,13
450711,RIO GRANDE REGIONAL HOSPITAL,101 E RIDGE RD,MCALLEN,TX,South,78503,HIDALGO,Acute Care Hospitals,Proprietary,true,4,0,0,1,0,1,0,1,1,450711,RIO GRANDE REGIONAL HOSPITAL,2,497,10
450867,ASCENSION SETON NORTHWEST,11113 RESEARCH BOULEVARD,AUSTIN,TX,South,78759,TRAVIS,Acute Care Hospitals,Voluntary non-profit - Private,true,4,0,0,0,0,1,0,0,1,450867,ASCENSION SETON NORTHWEST,3,212,12
460041,HOLY CROSS HOSPITAL-DAVIS,1600 WEST ANTELOPE DRIVE,LAYTON,UT,West,84041,DAVIS,Acute Care Hospitals,Voluntary non-profit - Private,true,4,0,0,0,0,0,1,0,1,460041,HOLY CROSS HOSPITAL-DAVIS,3,306,16
490067,BON SECOURS SOUTHSIDE MEDICAL CENTER,200 MEDICAL PARK BOULEVARD,PETERSBURG,VA,South,23805,PETERSBURG CITY,Acute Care Hospitals,Proprietary,true,1,0,1,2,0,1,0,3,1,490067,BON SECOURS SOUTHSIDE MEDICAL CENTER,3,846,15
490093,SENTARA CAREPLEX HOSPITAL,3000 COLISEUM DRIVE,HAMPTON,VA,South,23666,HAMPTON CITY,Acute Care Hospitals,Voluntary non-profit - Private,true,4,0,0,1,0,1,0,1,1,490093,SENTARA CAREPLEX HOSPITAL,3,670,17
490113,SENTARA NORTHERN VIRGINIA MEDICAL CENTER,2300 OPITZ BOULEVARD,WOODBRIDGE,VA,South,22191,PRINCE WILLIAM,Acute Care Hospitals,Voluntary non-profit - Private,true,3,0,0,1,0,1,0,1,1,490113,SENTARA NORTHERN VIRGINIA MEDICAL CENTER,3,845,16
490122,INOVA MOUNT VERNON HOSPITAL,2501 PARKERS LANE,ALEXANDRIA,VA,South,22306,FAIRFAX,Acute Care Hospitals,Voluntary non-profit - Private,true,3,0,0,1,0,0,0,1,0,490122,INOVA MOUNT VERNON HOSPITAL,3,375,19
500015,MULTICARE AUBURN MEDICAL CENTER,202 NORTH DIVISION STREET PLAZA ONE,AUBURN,WA,West,98001,KING,Acute Care Hospitals,Voluntary non-profit - Private,true,2,0,0,1,0,1,0,1,1,500015,MULTICARE AUBURN MEDICAL CENTER,2,652,13
500021,ST CLARE HOSPITAL,11315 BRIDGEPORT WAY S W,LAKEWOOD,WA,West,98499,PIERCE,Acute Care Hospitals,Voluntary non-profit - Church,true,5,0,0,0,0,2,1,0,3,500021,ST CLARE HOSPITAL,3,660,15
500026,SWEDISH EDMONDS HOSPITAL,21601 76TH AVENUE WEST,EDMONDS,WA,West,98026,SNOHOMISH,Acute Care Hospitals,Voluntary non-profit - Private,true,2,0,0,0,0,1,1,0,2,500026,SWEDISH EDMONDS HOSPITAL,2,374,16
500119,MULTICARE VALLEY HOSPITAL,12606 EAST MISSION AVENUE,SPOKANE VALLEY,WA,West,99216,SPOKANE,Acute Care Hospitals,Voluntary non-profit - Private,true,5,0,0,0,0,2,1,0,3,500119,MULTICARE VALLEY HOSPITAL,3,813,22
500141,ST FRANCIS COMMUNITY HOSPITAL,34515 9TH AVENUE SOUTH,FEDERAL WAY,WA,West,98003,KING,Acute Care Hospitals,Voluntary non-profit - Church,true,3,0,0,0,0,0,0,0,0,500141,ST FRANCIS COMMUNITY HOSPITAL,2,651,13
520045,THEDACARE REGIONAL MED CTR - NEENAH,130 2ND ST,NEENAH,WI,Midwest,54956,WINNEBAGO,Acute Care Hospitals,Voluntary non-profit - Private,true,5,0,0,0,0,0,0,0,0,520045,THEDACARE REGIONAL MED CTR - NEENAH,3,1432,27
10083,BALDWIN HEALTH,1613 NORTH MCKENZIE STREET,FOLEY,AL,South,36535,BALDWIN,Acute Care Hospitals,Proprietary,true,4,0,0,0,0,2,2,0,4,10083,BALDWIN HEALTH,3,750,22
30010,ST. MARY'S HOSPITAL,1601 WEST ST MARY'S ROAD,TUCSON,AZ,West,85745,PIMA,Acute Care Hospitals,Voluntary non-profit - Private,true,3,0,0,1,0,0,1,1,1,30010,ST. MARY'S HOSPITAL,2,1077,20
30088,BANNER BAYWOOD MEDICAL CENTER,6644 EAST BAYWOOD AVENUE,MESA,AZ,West,85206,MARICOPA,Acute Care Hospitals,Voluntary non-profit - Private,true,2,1,0,0,0,1,0,1,1,30088,BANNER BAYWOOD MEDICAL CENTER,2,526,21
30114,ORO VALLEY HOSPITAL,1551 EAST TANGERINE ROAD,ORO VALLEY,AZ,West,85755,PIMA,Acute Care Hospitals,Proprietary,true,3,0,0,0,0,0,0,0,0,30114,ORO VALLEY HOSPITAL,2,687,30
40041,ST MARYS REGIONAL MEDICAL CENTER,1808 WEST MAIN STREET,RUSSELLVILLE,AR,South,72801,POPE,Acute Care Hospitals,Proprietary,true,3,0,1,0,0,1,0,1,1,40041,ST MARYS REGIONAL MEDICAL CENTER,3,544,16
50084,ST JOSEPH'S MEDICAL CENTER OF STOCKTON,1800 N CALIFORNIA ST,STOCKTON,CA,West,95204,SAN JOAQUIN,Acute Care Hospitals,Voluntary non-profit - Private,true,4,0,0,1,0,1,0,1,1,50084,ST JOSEPH'S MEDICAL CENTER OF STOCKTON,3,614,14
50122,DAMERON HOSPITAL,525 WEST ACACIA STREET,STOCKTON,CA,West,95203,SAN JOAQUIN,Acute Care Hospitals,Voluntary non-profit - Other,true,3,0,0,0,0,0,0,0,0,50122,DAMERON HOSPITAL,2,315,15
50197,SEQUOIA HOSPITAL,170 ALAMEDA DE LAS PULGAS,REDWOOD CITY,CA,West,94062,SAN MATEO,Acute Care Hospitals,Voluntary non-profit - Private,true,5,0,0,1,1,1,5,1,7,50197,SEQUOIA HOSPITAL,4,721,26
50376,LAC/HARBOR-UCLA MED CENTER,1000 W CARSON ST,TORRANCE,CA,West,90509,LOS ANGELES,Acute Care Hospitals,Government - Local,true,1,0,2,0,0,1,0,2,1,50376,LAC/HARBOR-UCLA MED CENTER,2,838,14
50464,DOCTORS MEDICAL CENTER,1441 FLORIDA AVENUE,MODESTO,CA,West,95350,STANISLAUS,Acute Care Hospitals,Proprietary,true,1,1,0,3,0,3,0,4,3,50464,DOCTORS MEDICAL CENTER,2,995,15
50709,DESERT VALLEY HOSPITAL,16850 BEAR VALLEY RD,VICTORVILLE,CA,West,92395,SAN BERNARDINO,Acute Care Hospitals,Proprietary,true,3,0,0,0,0,1,0,0,1,50709,DESERT VALLEY HOSPITAL,2,409,34
50737,GARFIELD MEDICAL CENTER,525 N GARFIELD AVE,MONTEREY PARK,CA,West,91754,LOS ANGELES,Acute Care Hospitals,Proprietary,true,1,1,0,3,0,1,0,4,1,50737,GARFIELD MEDICAL CENTER,3,504,19
60011,DENVER HEALTH & HOSPITAL AUTHORITY,777 BANNOCK ST,DENVER,CO,West,80204,DENVER,Acute Care Hospitals,Government - State,true,3,0,0,0,0,1,0,0,1,60011,DENVER HEALTH & HOSPITAL AUTHORITY,3,2909,23
60015,CENTURA HEALTH-ST ANTHONY HOSPITAL,11600 W 2ND PL,LAKEWOOD,CO,West,80228,JEFFERSON,Acute Care Hospitals,Voluntary non-profit - Church,true,4,0,1,1,0,4,1,2,5,60015,CENTURA HEALTH-ST ANTHONY HOSPITAL,3,379,19
60116,GOOD SAMARITAN MEDICAL CENTER LLC,200 EXEMPLA CIR,LAFAYETTE,CO,West,80026,BOULDER,Acute Care Hospitals,Voluntary non-profit - Private,true,4,0,1,0,0,1,0,1,1,60116,GOOD SAMARITAN MEDICAL CENTER LLC,3,926,23
60132,UCHEALTH HIGHLANDS RANCH HOSPITAL,1500 PARK CENTRAL DR,HIGHLANDS RANCH,CO,West,80129,DOUGLAS,Acute Care Hospitals,Voluntary non-profit - Private,true,5,0,0,0,2,1,0,0,3,60132,UCHEALTH HIGHLANDS RANCH HOSPITAL,3,1331,22
70005,WATERBURY HOSPITAL,64 ROBBINS ST,WATERBURY,CT,Northeast,6721,NEW HAVEN,Acute Care Hospitals,Proprietary,true,3,0,0,0,1,2,0,0,3,70005,WATERBURY HOSPITAL,3,459,17
70011,CHARLOTTE HUNGERFORD HOSPITAL,540 LITCHFIELD ST,TORRINGTON,CT,Northeast,6790,LITCHFIELD,Acute Care Hospitals,Voluntary non-profit - Private,true,3,0,0,1,0,1,0,1,1,70011,CHARLOTTE HUNGERFORD HOSPITAL,3,530,22
100029,NORTH SHORE MEDICAL CENTER,1100 NW 95TH ST,MIAMI,FL,South,33150,MIAMI-DADE,Acute Care Hospitals,Proprietary,true,1,0,1,1,0,2,0,2,2,100029,NORTH SHORE MEDICAL CENTER,1,408,7
100030,ORLANDO HEALTH-HEALTH CENTRAL HOSPITAL,10000 W COLONIAL DR,OCOEE,FL,South,34761,ORANGE,Acute Care Hospitals,Government - State,true,3,0,0,1,0,1,0,1,1,100030,ORLANDO HEALTH-HEALTH CENTRAL HOSPITAL,3,1474,14
100046,Adventhealth Zephyrhills,7050 GALL BLVD,ZEPHYRHILLS,FL,South,33541,PASCO,Acute Care Hospitals,Voluntary non-profit - Church,true,5,0,0,0,1,1,1,0,3,100046,Adventhealth Zephyrhills,3,1604,20
100092,ORLANDO HEALTH ROCKLEDGE HOSPITAL,110 LONGWOOD AVE,ROCKLEDGE,FL,South,32955,BREVARD,Acute Care Hospitals,Voluntary non-profit - Private,true,5,0,0,0,0,2,0,0,2,100092,ORLANDO HEALTH ROCKLEDGE HOSPITAL,2,593,18
100217,ORLANDO HEALTH SEBASTIAN RIVER HOSPITAL,13695 US HWY 1,SEBASTIAN,FL,South,32958,INDIAN RIVER,Acute Care Hospitals,Voluntary non-profit - Private,true,3,0,0,0,1,1,0,0,2,100217,ORLANDO HEALTH SEBASTIAN RIVER HOSPITAL,2,534,26
100228,WESTSIDE REGIONAL MEDICAL CENTER,8201 W BROWARD BLVD,PLANTATION,FL,South,33324,BROWARD,Acute Care Hospitals,Proprietary,false,2,1,0,1,1,3,0,2,4,100228,WESTSIDE REGIONAL MEDICAL CENTER,2,583,16
100232,HCA FLORIDA PUTNAM HOSPITAL,611 ZEAGLER DR,PALATKA,FL,South,32177,PUTNAM,Acute Care Hospitals,Proprietary,true,1,0,0,0,0,1,0,0,1,100232,HCA FLORIDA PUTNAM HOSPITAL,2,470,17
100248,HCA FLORIDA LARGO HOSPITAL,201 14TH ST SW,LARGO,FL,South,33770,PINELLAS,Acute Care Hospitals,Proprietary,true,1,0,0,3,0,2,0,3,2,100248,HCA FLORIDA LARGO HOSPITAL,1,538,20
100249,TAMPA GENERAL HOSPITAL CRYSTAL RIVER,6201 N SUNCOAST BLVD,CRYSTAL RIVER,FL,South,34428,CITRUS,Acute Care Hospitals,Voluntary non-profit - Private,false,2,0,0,0,0,0,0,0,0,100249,TAMPA GENERAL HOSPITAL CRYSTAL RIVER,2,734,28
100316,PALM BAY HOSPITAL,"1425 MALABAR RD, NE",PALM BAY,FL,South,32907,BREVARD,Acute Care Hospitals,Proprietary,true,4,0,0,0,0,1,0,0,1,100316,PALM BAY HOSPITAL,2,447,20
110023,ADVENTHEALTH GORDON,1035 RED BUD ROAD,CALHOUN,GA,South,30701,GORDON,Acute Care Hospitals,Voluntary non-profit - Church,false,3,0,2,0,0,1,0,2,1,110023,ADVENTHEALTH GORDON,4,484,12
120026,PALI MOMI MEDICAL CENTER,98-1079 MOANALUA ROAD,AIEA,HI,West,96701,HONOLULU,Acute Care Hospitals,Proprietary,true,4,1,0,2,1,1,0,3,2,120026,PALI MOMI MEDICAL CENTER,4,477,30
140008,LOYOLA GOTTLIEB MEMORIAL HOSPITAL,701 WEST NORTH AVE,MELROSE PARK,IL,Midwest,60160,COOK,Acute Care Hospitals,Voluntary non-profit - Private,true,2,0,0,3,0,1,0,3,1,140008,LOYOLA GOTTLIEB MEMORIAL HOSPITAL,3,526,19
140209,CARLE HEALTH METHODIST HOSPITAL,221 N E GLEN OAK AVE,PEORIA,IL,Midwest,61636,PEORIA,Acute Care Hospitals,Voluntary non-profit - Private,true,1,0,0,1,0,1,0,1,1,140209,CARLE HEALTH METHODIST HOSPITAL,2,610,21
150008,ST CATHERINE HOSPITAL INC,4321 FIR STREET,EAST CHICAGO,IN,Midwest,46312,LAKE,Acute Care Hospitals,Voluntary non-profit - Private,true,3,0,1,0,0,1,0,1,1,150008,ST CATHERINE HOSPITAL INC,3,302,13
150017,LUTHERAN HOSPITAL OF INDIANA,7950 W JEFFERSON BLVD,FORT WAYNE,IN,Midwest,46804,ALLEN,Acute Care Hospitals,Proprietary,true,2,1,0,0,0,4,0,1,4,150017,LUTHERAN HOSPITAL OF INDIANA,3,1571,26
150024,ESKENAZI HEALTH,720 ESKENAZI AVENUE,INDIANAPOLIS,IN,Midwest,46202,MARION,Acute Care Hospitals,Government - Local,true,3,0,1,0,0,2,0,1,2,150024,ESKENAZI HEALTH,3,749,6
160047,METHODIST JENNIE EDMUNDSON,933 EAST PIERCE STREET,COUNCIL BLUFFS,IA,Midwest,51503,POTTAWATTAMIE,Acute Care Hospitals,Voluntary non-profit - Private,true,4,1,0,0,0,0,0,1,0,160047,METHODIST JENNIE EDMUNDSON,4,914,23
170142,"ASCENSION VIA CHRISTI HOSPITAL MANHATTAN, INC",1823 COLLEGE AVENUE,MANHATTAN,KS,Midwest,66502,RILEY,Acute Care Hospitals,Voluntary non-profit - Private,true,4,0,0,0,0,0,2,0,2,170142,"ASCENSION VIA CHRISTI HOSPITAL MANHATTAN, INC",3,214,23
190026,RAPIDES REGIONAL MEDICAL CENTER,211 4TH STREET,ALEXANDRIA,LA,South,71301,RAPIDES,Acute Care Hospitals,Proprietary,true,2,0,0,2,1,2,0,2,3,190026,RAPIDES REGIONAL MEDICAL CENTER,2,594,15
190027,CHRISTUS OCHSNER ST PATRICK HOSPITAL,524 DR MICHAEL DEBAKEY DRIVE,LAKE CHARLES,LA,South,70601,CALCASIEU,Acute Care Hospitals,Voluntary non-profit - Private,true,4,0,0,0,0,1,2,0,3,190027,CHRISTUS OCHSNER ST PATRICK HOSPITAL,3,420,18
190098,OCHSNER LSU HEALTH SHREVEPORT,1541 KINGS HIGHWAY,SHREVEPORT,LA,South,71130,CADDO,Acute Care Hospitals,Voluntary non-profit - Private,true,2,0,0,0,0,2,1,0,3,190098,OCHSNER LSU HEALTH SHREVEPORT,3,518,14
200039,MAINE GENERAL MEDICAL CENTER,35 MEDICAL CENTER PARKWAY,AUGUSTA,ME,Northeast,4330,KENNEBEC,Acute Care Hospitals,Voluntary non-profit - Other,true,4,0,0,0,0,2,1,0,3,200039,MAINE GENERAL MEDICAL CENTER,4,550,25
210003,UNIVERSITY OF MD CAPITAL REGION MEDICAL CENTER,901 NORTH HARRY S TRUMAN DRIVE,UPPER MARLBORO,MD,South,20774,PRINCE GEORGES,Acute Care Hospitals,Voluntary non-profit - Private,true,3,0,1,1,0,3,0,2,3,210003,UNIVERSITY OF MD CAPITAL REGION MEDICAL CENTER,2,646,10
210024,MEDSTAR UNION MEMORIAL HOSPITAL,201 EAST UNIVERSITY PARKWAY,BALTIMORE,MD,South,21218,BALTIMORE CITY,Acute Care Hospitals,Voluntary non-profit - Other,true,5,0,0,0,1,2,0,0,3,210024,MEDSTAR UNION MEMORIAL HOSPITAL,3,1039,18
220024,HOLYOKE MEDICAL CENTER,575 BEECH STREET,HOLYOKE,MA,Northeast,1040,HAMPDEN,Acute Care Hospitals,Voluntary non-profit - Private,true,2,0,0,0,0,0,0,0,0,220024,HOLYOKE MEDICAL CENTER,3,764,19
230207,MCLAREN OAKLAND,50 N PERRY ST,PONTIAC,MI,Midwest,48342,OAKLAND,Acute Care Hospitals,Voluntary non-profit - Private,true,2,0,0,0,0,1,0,0,1,230207,MCLAREN OAKLAND,2,470,15
230227,MCLAREN MACOMB,1000 HARRINGTON ST,MOUNT CLEMENS,MI,Midwest,48043,MACOMB,Acute Care Hospitals,Voluntary non-profit - Private,true,1,1,1,1,0,1,0,3,1,230227,MCLAREN MACOMB,2,596,19
240004,HENNEPIN COUNTY MEDICAL CENTER,701 PARK AVENUE,MINNEAPOLIS,MN,Midwest,55415,HENNEPIN,Acute Care Hospitals,Government - Local,true,3,0,0,0,0,2,0,0,2,240004,HENNEPIN COUNTY MEDICAL CENTER,3,1045,11
250034,BAPTIST MEMORIAL HOSPITAL NORTH MS,1100 BELK BLVD,OXFORD,MS,South,38655,LAFAYETTE,Acute Care Hospitals,Voluntary non-profit - Private,true,3,0,0,0,1,2,0,0,3,250034,BAPTIST MEMORIAL HOSPITAL NORTH MS,4,580,17
280132,BELLEVUE MEDICAL CENTER,2500 BELLEVUE MEDICAL CENTER DR,BELLEVUE,NE,Midwest,68123,SARPY,Acute Care Hospitals,Proprietary,true,5,0,0,0,2,0,0,0,2,280132,BELLEVUE MEDICAL CENTER,4,980,29
290053,SAINT ROSE DOMINICAN HOSPITALS - SAN MARTIN CAMPUS,8280 W WARM SPRINGS ROAD,LAS VEGAS,NV,West,89113,CLARK,Acute Care Hospitals,Voluntary non-profit - Private,true,3,0,1,0,0,1,0,1,1,290053,SAINT ROSE DOMINICAN HOSPITALS - SAN MARTIN CAMPUS,4,519,18
310025,CAREPOINT HEALTH - BAYONNE MEDICAL CENTER,29 EAST 29TH ST,BAYONNE,NJ,Northeast,7002,HUDSON,Acute Care Hospitals,Voluntary non-profit - Private,false,2,0,0,1,0,0,0,1,0,310025,CAREPOINT HEALTH - BAYONNE MEDICAL CENTER,2,268,11
310029,VIRTUA OUR LADY OF LOURDES HOSPITAL,1600 HADDON AVENUE,CAMDEN,NJ,Northeast,8103,CAMDEN,Acute Care Hospitals,Government - State,true,2,0,0,1,0,3,0,1,3,310029,VIRTUA OUR LADY OF LOURDES HOSPITAL,2,492,19
310096,SAINT MICHAEL'S MEDICAL CENTER,111 CENTRAL AVENUE,NEWARK,NJ,Northeast,7102,ESSEX,Acute Care Hospitals,Voluntary non-profit - Private,true,4,0,0,0,1,1,0,0,2,310096,SAINT MICHAEL'S MEDICAL CENTER,3,405,32
310112,BAYSHORE MEDICAL CENTER,727 N BEERS ST,HOLMDEL,NJ,Northeast,7733,MONMOUTH,Acute Care Hospitals,Voluntary non-profit - Private,true,3,0,0,2,0,2,0,2,2,310112,BAYSHORE MEDICAL CENTER,3,802,18
330044,WYNN HOSPITAL,1656 CHAMPLIN AVENUE,UTICA,NY,Northeast,13503,ONEIDA,Acute Care Hospitals,Voluntary non-profit - Private,true,1,1,1,1,0,1,0,3,1,330044,WYNN HOSPITAL,2,866,24
330224,HEALTHALLIANCE HOSPITAL MARYS AVENUE CAMPUS,105 MARY'S AVENUE,KINGSTON,NY,Northeast,12401,ULSTER,Acute Care Hospitals,Voluntary non-profit - Private,true,2,0,0,0,0,0,0,0,0,330224,HEALTHALLIANCE HOSPITAL MARYS AVENUE CAMPUS,1,688,17
330279,MERCY HOSPITAL OF BUFFALO,565 ABBOTT ROAD,BUFFALO,NY,Northeast,14220,ERIE,Acute Care Hospitals,Voluntary non-profit - Private,true,2,0,0,2,0,3,0,2,3,330279,MERCY HOSPITAL OF BUFFALO,3,2788,30
340075,"BLUE RIDGE HEALTHCARE HOSPITALS, INC",2201 S STERLING ST,MORGANTON,NC,South,28655,BURKE,Acute Care Hospitals,Proprietary,true,2,0,0,0,0,0,0,0,0,340075,"BLUE RIDGE HEALTHCARE HOSPITALS, INC",3,538,17
340132,MARIA PARHAM MEDICAL CENTER,PO BOX 59,HENDERSON,NC,South,27536,VANCE,Acute Care Hospitals,Proprietary,true,2,1,0,1,0,1,0,2,1,340132,MARIA PARHAM MEDICAL CENTER,2,354,13
360144,SOUTH POINTE HOSPITAL,20000 HARVARD ROAD,WARRENSVILLE HEIGHTS,OH,Midwest,44122,CUYAHOGA,Acute Care Hospitals,Voluntary non-profit - Other,false,4,0,0,1,2,2,0,1,4,360144,SOUTH POINTE HOSPITAL,3,626,13
370078,OKLAHOMA STATE UNIVERSITY MEDICAL CENTER,744 WEST 9TH STREET,TULSA,OK,South,74127,TULSA,Acute Care Hospitals,Voluntary non-profit - Other,true,2,0,1,0,0,1,0,1,1,370078,OKLAHOMA STATE UNIVERSITY MEDICAL CENTER,3,693,13
380002,ASANTE THREE RIVERS MEDICAL CENTER,500 SW RAMSEY AVENUE,GRANTS PASS,OR,West,97527,JOSEPHINE,Acute Care Hospitals,Voluntary non-profit - Other,true,5,0,0,0,0,1,1,0,2,380002,ASANTE THREE RIVERS MEDICAL CENTER,4,1800,38
380007,LEGACY EMANUEL MEDICAL CENTER,2801 N GANTENBEIN AVENUE,PORTLAND,OR,West,97227,MULTNOMAH,Acute Care Hospitals,Voluntary non-profit - Private,true,3,1,0,1,0,2,0,2,2,380007,LEGACY EMANUEL MEDICAL CENTER,3,879,19
380060,ADVENTIST HEALTH PORTLAND,10123 SE MARKET STREET,PORTLAND,OR,West,97216,MULTNOMAH,Acute Care Hospitals,Voluntary non-profit - Church,true,4,0,0,1,0,1,1,1,2,380060,ADVENTIST HEALTH PORTLAND,3,630,17
390028,UPMC MERCY,1400 LOCUST STREET,PITTSBURGH,PA,Northeast,15219,ALLEGHENY,Acute Care Hospitals,Voluntary non-profit - Private,true,3,0,0,0,0,2,0,0,2,390028,UPMC MERCY,4,515,22
390110,CONEMAUGH MEMORIAL MEDICAL CENTER,1086 FRANKLIN STREET,JOHNSTOWN,PA,Northeast,15905,CAMBRIA,Acute Care Hospitals,Proprietary,true,2,0,0,1,0,1,0,1,1,390110,CONEMAUGH MEMORIAL MEDICAL CENTER,2,2010,27
390151,WELLSPAN CHAMBERSBURG HOSPITAL,112 NORTH SEVENTH STREET,CHAMBERSBURG,PA,Northeast,17201,FRANKLIN,Acute Care Hospitals,Voluntary non-profit - Private,true,3,0,0,0,0,2,1,0,3,390151,WELLSPAN CHAMBERSBURG HOSPITAL,3,721,21
390156,MERCY CATHOLIC MEDICAL CENTER- MERCY FITZGERALD,1500 LANSDOWNE  AVE,DARBY,PA,Northeast,19023,DELAWARE,Acute Care Hospitals,Voluntary non-profit - Private,true,2,0,1,2,0,1,0,3,1,390156,MERCY CATHOLIC MEDICAL CENTER- MERCY FITZGERALD,2,505,10
410004,ROGER WILLIAMS MEDICAL CENTER,825 CHALKSTONE AVENUE,PROVIDENCE,RI,Northeast,2908,PROVIDENCE,Acute Care Hospitals,Proprietary,true,3,0,0,0,0,1,1,0,2,410004,ROGER WILLIAMS MEDICAL CENTER,3,366,17
450002,THE HOSPITALS OF PROVIDENCE - MEMORIAL CAMPUS,2001 N OREGON ST,EL PASO,TX,South,79902,EL PASO,Acute Care Hospitals,Proprietary,true,2,0,0,1,0,4,0,1,4,450002,THE HOSPITALS OF PROVIDENCE - MEMORIAL CAMPUS,1,532,10
450087,MEDICAL CITY NORTH HILLS,4401 BOOTH CALLOWAY ROAD,NORTH RICHLAND HILLS,TX,South,76180,TARRANT,Acute Care Hospitals,Proprietary,true,2,0,0,1,0,2,0,1,2,450087,MEDICAL CITY NORTH HILLS,3,432,14
450119,SOUTH TEXAS HEALTH SYSTEM,1102 W TRENTON ROAD,EDINBURG,TX,South,78539,HIDALGO,Acute Care Hospitals,Proprietary,true,4,0,0,0,0,1,0,0,1,450119,SOUTH TEXAS HEALTH SYSTEM,2,1428,10
450133,MIDLAND MEMORIAL HOSPITAL,400 ROSALIND REDFERN GROVER PARKWAY,MIDLAND,TX,South,79701,MIDLAND,Acute Care Hospitals,Government - Hospital District or Authority,true,1,3,0,2,0,2,1,5,3,450133,MIDLAND MEMORIAL HOSPITAL,3,701,21
450211,CHI ST LUKES HEALTH MEMORIAL LUFKIN,1201 WEST FRANK STREET,LUFKIN,TX,South,75901,ANGELINA,Acute Care Hospitals,Voluntary non-profit - Private,true,3,0,0,1,0,1,0,1,1,450211,CHI ST LUKES HEALTH MEMORIAL LUFKIN,3,500,16
450718,ROUND ROCK MEDICAL CENTER,2400 ROUND ROCK AVE,ROUND ROCK,TX,South,78681,WILLIAMSON,Acute Care Hospitals,Proprietary,true,3,0,0,1,0,3,0,1,3,450718,ROUND ROCK MEDICAL CENTER,3,753,16
450743,TEXAS HEALTH PRESBYTERIAN HOSPITAL DENTON,3000 N I-35,DENTON,TX,South,76201,DENTON,Acute Care Hospitals,Voluntary non-profit - Private,true,5,0,0,0,0,1,1,0,2,450743,TEXAS HEALTH PRESBYTERIAN HOSPITAL DENTON,4,952,16
460051,HOLY CROSS HOSPITAL-JORDAN VALLEY,3580 WEST 9000 SOUTH,WEST JORDAN,UT,West,84088,SALT LAKE,Acute Care Hospitals,Voluntary non-profit - Private,true,3,0,0,0,0,1,0,0,1,460051,HOLY CROSS HOSPITAL-JORDAN VALLEY,2,635,13
490057,SENTARA VIRGINIA BEACH GENERAL HOSPITAL,1060 FIRST COLONIAL ROAD,VIRGINIA BEACH,VA,South,23454,VIRGINIA BEACH CITY,Acute Care Hospitals,Voluntary non-profit - Other,true,4,0,0,2,0,2,0,2,2,490057,SENTARA VIRGINIA BEACH GENERAL HOSPITAL,3,913,26
490066,SENTARA WILLIAMSBURG REGIONAL MEDICAL CENTER,100 SENTARA CIRCLE,WILLIAMSBURG,VA,South,23185,JAMES CITY,Acute Care Hospitals,Voluntary non-profit - Private,true,4,0,0,1,1,1,1,1,3,490066,SENTARA WILLIAMSBURG REGIONAL MEDICAL CENTER,4,812,27
490141,SPOTSYLVANIA REGIONAL MEDICAL CENTER,4600 SPOTSYLVANIA PARKWAY,FREDERICKSBURG,VA,South,22408,SPOTSYLVANIA,Acute Care Hospitals,Proprietary,true,3,0,0,1,0,1,0,1,1,490141,SPOTSYLVANIA REGIONAL MEDICAL CENTER,2,419,14
500011,HIGHLINE MEDICAL CENTER,16251 SYLVESTER ROAD SW,BURIEN,WA,West,98166,KING,Acute Care Hospitals,Voluntary non-profit - Private,true,2,0,0,0,0,1,0,0,1,500011,HIGHLINE MEDICAL CENTER,2,533,15
500139,CAPITAL MEDICAL CENTER,3900 CAPITAL MALL DR SW,OLYMPIA,WA,West,98502,THURSTON,Acute Care Hospitals,Voluntary non-profit - Private,true,4,0,0,0,0,1,0,0,1,500139,CAPITAL MEDICAL CENTER,3,895,22
520035,AURORA MEDICAL CENTER SHEBOYGAN COUNTY,2629 N 7TH ST,SHEBOYGAN,WI,Midwest,53083,SHEBOYGAN,Acute Care Hospitals,Voluntary non-profit - Private,true,5,0,0,0,0,1,1,0,2,520035,AURORA MEDICAL CENTER SHEBOYGAN COUNTY,4,1066,30
520088,SSM HEALTH ST AGNES HOSPITAL-FOND DU LAC,430 E DIVISION ST,FOND DU LAC,WI,Midwest,54935,FOND DU LAC,Acute Care Hospitals,Voluntary non-profit - Private,true,4,0,0,0,0,1,1,0,2,520088,SSM HEALTH ST AGNES HOSPITAL-FOND DU LAC,4,504,33
670041,ASCENSION SETON WILLIAMSON,201 SETON PARKWAY,ROUND ROCK,TX,South,78664,WILLIAMSON,Acute Care Hospitals,Voluntary non-profit - Private,true,4,0,0,0,1,3,1,0,5,670041,ASCENSION SETON WILLIAMSON,3,200,16
670056,ASCENSION  SETON HAYS,6001 KYLE PKWY,KYLE,TX,South,78640,HAYS,Acute Care Hospitals,Voluntary non-profit - Private,true,5,0,0,0,1,1,0,0,2,670056,ASCENSION  SETON HAYS,2,184,12
50101,SUTTER SOLANO MEDICAL CENTER,300 HOSPITAL DR,VALLEJO,CA,West,94589,SOLANO,Acute Care Hospitals,Voluntary non-profit - Private,true,3,0,0,0,0,1,0,0,1,50101,SUTTER SOLANO MEDICAL CENTER,3,376,16
50128,TRI-CITY MEDICAL CENTER,4002 VISTA WAY,OCEANSIDE,CA,West,92056,SAN DIEGO,Acute Care Hospitals,Government - Hospital District or Authority,true,2,0,0,0,0,0,1,0,1,50128,TRI-CITY MEDICAL CENTER,2,382,22
50179,EMANUEL MEDICAL CENTER,825 DELBON AVE,TURLOCK,CA,West,95382,STANISLAUS,Acute Care Hospitals,Proprietary,true,2,0,0,2,0,1,0,2,1,50179,EMANUEL MEDICAL CENTER,2,654,13
50232,FRENCH HOSPITAL MEDICAL CENTER,1911 JOHNSON AVE,SAN LUIS OBISPO,CA,West,93401,SAN LUIS OBISPO,Acute Care Hospitals,Voluntary non-profit - Private,true,5,0,0,0,0,2,1,0,3,50232,FRENCH HOSPITAL MEDICAL CENTER,3,772,27
50243,DESERT REGIONAL MEDICAL CENTER,1150 NORTH INDIAN CANYON DRIVE,PALM SPRINGS,CA,West,92262,RIVERSIDE,Acute Care Hospitals,Proprietary,true,2,0,0,2,0,2,0,2,2,50243,DESERT REGIONAL MEDICAL CENTER,2,983,13
50305,ALTA BATES SUMMIT MEDICAL CENTER - ALTA BATES CAMP,2450 ASHBY AVENUE,BERKELEY,CA,West,94705,ALAMEDA,Acute Care Hospitals,Voluntary non-profit - Private,true,3,0,0,0,0,1,1,0,2,50305,ALTA BATES SUMMIT MEDICAL CENTER - ALTA BATES CAMP,2,775,13
50320,HIGHLAND HOSPITAL,1411 EAST 31ST STREET,OAKLAND,CA,West,94602,ALAMEDA,Acute Care Hospitals,Government - Hospital District or Authority,true,1,0,2,1,0,0,0,3,0,50320,HIGHLAND HOSPITAL,2,1979,27
50444,MERCY MEDICAL CENTER,333 MERCY AVENUE,MERCED,CA,West,95340,MERCED,Acute Care Hospitals,Voluntary non-profit - Private,true,2,1,0,1,0,2,0,2,2,50444,MERCY MEDICAL CENTER,3,429,11
50455,ADVENTIST HEALTH BAKERSFIELD,2615 CHESTER AVENUE,BAKERSFIELD,CA,West,93301,KERN,Acute Care Hospitals,Voluntary non-profit - Private,true,1,2,0,0,0,1,0,2,1,50455,ADVENTIST HEALTH BAKERSFIELD,2,963,15
50764,SHASTA REGIONAL MEDICAL CENTER,1100 BUTTE ST,REDDING,CA,West,96001,SHASTA,Acute Care Hospitals,Proprietary,true,1,0,0,1,0,1,0,1,1,50764,SHASTA REGIONAL MEDICAL CENTER,2,430,40
60009,LUTHERAN MEDICAL CENTER,8300 W 38TH AVE,WHEAT RIDGE,CO,West,80033,JEFFERSON,Acute Care Hospitals,Voluntary non-profit - Private,true,4,0,0,0,0,2,1,0,3,60009,LUTHERAN MEDICAL CENTER,3,1130,22
70016,SAINT MARY'S HOSPITAL,56 FRANKLIN STREET,WATERBURY,CT,Northeast,6706,NEW HAVEN,Acute Care Hospitals,Voluntary non-profit - Church,true,3,0,0,0,0,1,2,0,3,70016,SAINT MARY'S HOSPITAL,2,476,16
70034,NORWALK HOSPITAL,24 STEVENS STREET,NORWALK,CT,Northeast,6856,FAIRFIELD,Acute Care Hospitals,Voluntary non-profit - Private,true,3,0,0,2,1,2,0,2,3,70034,NORWALK HOSPITAL,3,1981,38
70036,JOHN DEMPSEY HOSPITAL OF THE UNIVERSITY OF CONNECT,263 FARMINGTON AVE,FARMINGTON,CT,Northeast,6032,HARTFORD,Acute Care Hospitals,Government - Local,true,3,0,0,1,1,1,0,1,2,70036,JOHN DEMPSEY HOSPITAL OF THE UNIVERSITY OF CONNECT,4,815,23
80009,"BAYHEALTH HOSPITAL, SUSSEX CAMPUS",100 WELLNESS WAY,MILFORD,DE,South,19963,SUSSEX,Acute Care Hospitals,Voluntary non-profit - Private,true,3,0,0,0,0,1,1,0,2,80009,"BAYHEALTH HOSPITAL, SUSSEX CAMPUS",3,984,20
100014,ADVENTHEALTH NEW SMYRNA BEACH,401 PALMETTO ST,NEW SMYRNA BEACH,FL,South,32170,VOLUSIA,Acute Care Hospitals,Voluntary non-profit - Church,true,4,0,0,0,0,0,1,0,1,100014,ADVENTHEALTH NEW SMYRNA BEACH,3,1439,24
100026,ASCENSION SACRED HEART BAY,615 N BONITA AVE,PANAMA CITY,FL,South,32401,BAY,Acute Care Hospitals,Voluntary non-profit - Private,true,3,0,1,0,0,1,0,1,1,100026,ASCENSION SACRED HEART BAY,3,222,18
100062,ADVENTHEALTH OCALA,1500 SW 1ST AVE,OCALA,FL,South,34474,MARION,Acute Care Hospitals,Government - Hospital District or Authority,true,4,0,0,0,0,4,1,0,5,100062,ADVENTHEALTH OCALA,3,2402,19
100067,ST ANTHONYS HOSPITAL,1200 SEVENTH AVE N,SAINT PETERSBURG,FL,South,33705,PINELLAS,Acute Care Hospitals,Voluntary non-profit - Church,true,3,0,0,1,0,1,0,1,1,100067,ST ANTHONYS HOSPITAL,4,2258,19
100122,NORTH OKALOOSA MEDICAL CENTER,151 REDSTONE AVE SE,CRESTVIEW,FL,South,32539,OKALOOSA,Acute Care Hospitals,Voluntary non-profit - Private,true,3,0,0,0,0,1,1,0,2,100122,NORTH OKALOOSA MEDICAL CENTER,2,414,14
100132,SOUTH FLORIDA BAPTIST HOSPITAL,301 N ALEXANDER ST,PLANT CITY,FL,South,33563,HILLSBOROUGH,Acute Care Hospitals,Voluntary non-profit - Private,true,4,0,0,0,0,1,0,0,1,100132,SOUTH FLORIDA BAPTIST HOSPITAL,3,806,15
100238,HCA FLORIDA NORTHSIDE HOSPITAL,6000 49TH ST N,SAINT PETERSBURG,FL,South,33709,PINELLAS,Acute Care Hospitals,Proprietary,true,1,0,0,1,1,2,0,1,3,100238,HCA FLORIDA NORTHSIDE HOSPITAL,2,565,17
110011,TANNER MEDICAL CENTER - CARROLLTON,705 DIXIE STREET,CARROLLTON,GA,South,30117,CARROLL,Acute Care Hospitals,Government - Hospital District or Authority,false,3,0,1,2,0,1,0,3,1,110011,TANNER MEDICAL CENTER - CARROLLTON,4,899,17
110016,WELLSTAR WEST GEORGIA MEDICAL CENTER,1514 VERNON ROAD,LAGRANGE,GA,South,30240,TROUP,Acute Care Hospitals,Voluntary non-profit - Private,true,2,0,1,0,0,1,0,1,1,110016,WELLSTAR WEST GEORGIA MEDICAL CENTER,4,473,16
110095,TIFT REGIONAL MEDICAL CENTER,901 E 18TH STREET,TIFTON,GA,South,31794,TIFT,Acute Care Hospitals,Government - Hospital District or Authority,false,2,0,0,1,0,0,0,1,0,110095,TIFT REGIONAL MEDICAL CENTER,3,704,11
120002,MAUI MEMORIAL MEDICAL CENTER,221 MAHALANI STREET,WAILUKU,HI,West,96793,MAUI,Acute Care Hospitals,Government - State,false,3,0,0,0,0,1,0,0,1,120002,MAUI MEMORIAL MEDICAL CENTER,3,1216,19
120005,HILO BENIOFF MEDICAL CENTER,1190 WAIANUENUE AVENUE,HILO,HI,West,96720,HAWAII,Acute Care Hospitals,Government - State,true,2,0,1,2,0,2,0,3,2,120005,HILO BENIOFF MEDICAL CENTER,3,666,21
140048,ADVOCATE TRINITY HOSPITAL,2320 E 93RD ST,CHICAGO,IL,Midwest,60617,COOK,Acute Care Hospitals,Voluntary non-profit - Church,true,2,0,1,3,1,1,0,4,2,140048,ADVOCATE TRINITY HOSPITAL,2,917,12
140054,MACNEAL  HOSPITAL,3249 SOUTH OAK PARK AVENUE,BERWYN,IL,Midwest,60402,COOK,Acute Care Hospitals,Proprietary,true,3,0,0,0,0,1,0,0,1,140054,MACNEAL  HOSPITAL,2,423,12
140080,SAINT FRANCIS HOSPITAL-EVANSTON,355 RIDGE AVE,EVANSTON,IL,Midwest,60202,COOK,Acute Care Hospitals,Voluntary non-profit - Church,true,2,0,0,2,0,2,0,2,2,140080,SAINT FRANCIS HOSPITAL-EVANSTON,2,353,26
140160,FHN MEMORIAL HOSPITAL,1045 WEST STEPHENSON STREET,FREEPORT,IL,Midwest,61032,STEPHENSON,Acute Care Hospitals,Voluntary non-profit - Private,true,3,0,0,0,0,0,0,0,0,140160,FHN MEMORIAL HOSPITAL,4,409,26
140286,NORTHWESTERN MEDICINE KISHWAUKEE HOSPITAL,ONE  KISH HOSPITAL DRIVE,DEKALB,IL,Midwest,60115,DE KALB,Acute Care Hospitals,Voluntary non-profit - Private,true,4,0,1,0,1,1,0,1,2,140286,NORTHWESTERN MEDICINE KISHWAUKEE HOSPITAL,3,487,23
150088,ASCENSION ST VINCENT ANDERSON,2015 JACKSON ST,ANDERSON,IN,Midwest,46016,MADISON,Acute Care Hospitals,Voluntary non-profit - Private,true,2,0,0,2,0,0,0,2,0,150088,ASCENSION ST VINCENT ANDERSON,2,196,17
150113,COMMUNITY HOSPITAL OF ANDERSON AND MADISON COUNTY,1515 N MADISON AVE,ANDERSON,IN,Midwest,46011,MADISON,Acute Care Hospitals,Voluntary non-profit - Private,true,4,0,0,0,0,1,1,0,2,150113,COMMUNITY HOSPITAL OF ANDERSON AND MADISON COUNTY,4,321,20
180048,EPHRAIM MCDOWELL REGIONAL MEDICAL CENTER,217 SOUTH THIRD STREET,DANVILLE,KY,South,40422,BOYLE,Acute Care Hospitals,Voluntary non-profit - Private,true,2,1,0,0,0,2,0,1,2,180048,EPHRAIM MCDOWELL REGIONAL MEDICAL CENTER,3,911,22
190044,ACADIA GENERAL HOSPITAL,1305 CROWLEY RAYNE HIGHWAY,CROWLEY,LA,South,70526,ACADIA,Acute Care Hospitals,Voluntary non-profit - Private,true,3,0,0,0,0,0,0,0,0,190044,ACADIA GENERAL HOSPITAL,4,247,19
190202,OCHSNER MEDICAL CENTER - BATON ROUGE,17000 MEDICAL CENTER DR,BATON ROUGE,LA,South,70816,E. BATON ROUGE,Acute Care Hospitals,Voluntary non-profit - Private,true,3,0,0,0,0,1,0,0,1,190202,OCHSNER MEDICAL CENTER - BATON ROUGE,3,467,14
190274,OCHSNER MEDICAL CENTER-KENNER,180 WEST ESPLANADE AVENUE,KENNER,LA,South,70065,JEFFERSON,Acute Care Hospitals,Voluntary non-profit - Private,true,4,0,0,1,0,1,0,1,1,190274,OCHSNER MEDICAL CENTER-KENNER,3,547,17
210032,UNION HOSPITAL OF CECIL COUNTY,106 BOW STREET,ELKTON,MD,South,21921,CECIL,Acute Care Hospitals,Voluntary non-profit - Private,false,3,0,0,0,0,0,0,0,0,210032,UNION HOSPITAL OF CECIL COUNTY,3,1006,25
220008,STURDY MEMORIAL HOSPITAL,211 PARK STREET,ATTLEBORO,MA,Northeast,2703,BRISTOL,Acute Care Hospitals,Voluntary non-profit - Other,true,3,0,0,1,0,1,0,1,1,220008,STURDY MEMORIAL HOSPITAL,3,452,22
220011,CAMBRIDGE HEALTH ALLIANCE,1493 CAMBRIDGE STREET,CAMBRIDGE,MA,Northeast,2139,MIDDLESEX,Acute Care Hospitals,Government - Local,true,4,0,0,1,0,1,0,1,1,220011,CAMBRIDGE HEALTH ALLIANCE,3,439,11
220119,BRIGHAM AND WOMEN FAULKNER HOSPITAL,1153 CENTRE STREET,JAMAICA PLAIN,MA,Northeast,2130,SUFFOLK,Acute Care Hospitals,Voluntary non-profit - Private,true,5,0,0,0,4,0,1,0,5,220119,BRIGHAM AND WOMEN FAULKNER HOSPITAL,3,493,17
230024,SINAI-GRACE HOSPITAL,6071 W OUTER DRIVE,DETROIT,MI,Midwest,48235,WAYNE,Acute Care Hospitals,Proprietary,true,1,0,2,1,0,2,0,3,2,230024,SINAI-GRACE HOSPITAL,1,358,6
230099,PROMEDICA MONROE REGIONAL HOSPITAL,718 N MACOMB ST,MONROE,MI,Midwest,48162,MONROE,Acute Care Hospitals,Voluntary non-profit - Other,true,2,0,1,2,0,0,0,3,0,230099,PROMEDICA MONROE REGIONAL HOSPITAL,2,408,19
230104,HARPER UNIVERSITY HOSPITAL,3990 JOHN R STREET,DETROIT,MI,Midwest,48201,WAYNE,Acute Care Hospitals,Proprietary,true,1,0,1,1,1,1,0,2,2,230104,HARPER UNIVERSITY HOSPITAL,1,513,8
240100,SANFORD BEMIDJI MEDICAL CENTER,1300 ANNE ST NW,BEMIDJI,MN,Midwest,56601,BELTRAMI,Acute Care Hospitals,Voluntary non-profit - Private,true,4,0,0,1,0,0,0,1,0,240100,SANFORD BEMIDJI MEDICAL CENTER,3,360,23
240104,ST FRANCIS REGIONAL MEDICAL CENTER,1455 ST FRANCIS AVENUE,SHAKOPEE,MN,Midwest,55379,SCOTT,Acute Care Hospitals,Voluntary non-profit - Church,true,4,0,0,0,0,1,0,0,1,240104,ST FRANCIS REGIONAL MEDICAL CENTER,3,1145,24
240213,M HEALTH FAIRVIEW WOODWINDS HOSPITAL,1925 WOODWINDS DRIVE,WOODBURY,MN,Midwest,55125,WASHINGTON,Acute Care Hospitals,Voluntary non-profit - Private,true,5,0,0,0,0,1,0,0,1,240213,M HEALTH FAIRVIEW WOODWINDS HOSPITAL,3,472,24
250097,SOUTHWEST MS REGIONAL MEDICAL CENTER,215 MARION AV BOX 1307,MCCOMB,MS,South,39649,PIKE,Acute Care Hospitals,Government - Local,true,1,1,0,2,0,1,0,3,1,250097,SOUTHWEST MS REGIONAL MEDICAL CENTER,3,562,23
260119,POPLAR BLUFF REGIONAL MEDICAL CENTER,3100 OAK GROVE ROAD,POPLAR BLUFF,MO,Midwest,63901,BUTLER,Acute Care Hospitals,Proprietary,true,2,2,0,0,0,1,0,2,1,260119,POPLAR BLUFF REGIONAL MEDICAL CENTER,3,550,16
280134,KEARNEY REGIONAL MEDICAL CENTER,804 22ND AVENUE,KEARNEY,NE,Midwest,68845,BUFFALO,Acute Care Hospitals,Proprietary,true,4,0,1,0,0,1,1,1,2,280134,KEARNEY REGIONAL MEDICAL CENTER,4,785,34
300019,CHESHIRE MEDICAL CENTER,580 COURT STREET,KEENE,NH,Northeast,3431,CHESHIRE,Acute Care Hospitals,Voluntary non-profit - Private,true,4,0,0,0,0,1,1,0,2,300019,CHESHIRE MEDICAL CENTER,3,428,20
310069,INSPIRA MEDICAL CENTER MULLICA HILL,501 WEST FRONT STREET,ELMER,NJ,Northeast,8318,SALEM,Acute Care Hospitals,Voluntary non-profit - Private,true,3,0,0,3,0,2,0,3,2,310069,INSPIRA MEDICAL CENTER MULLICA HILL,4,1655,18
310108,JFK UNIVERSITY MEDICAL CENTER,65 JAMES STREET,EDISON,NJ,Northeast,8818,MIDDLESEX,Acute Care Hospitals,Voluntary non-profit - Private,true,3,0,0,1,1,2,0,1,3,310108,JFK UNIVERSITY MEDICAL CENTER,2,2012,14
310113,SOUTHERN OCEAN MEDICAL CENTER,1140 RT 72 W,MANAHAWKIN,NJ,Northeast,8050,OCEAN,Acute Care Hospitals,Voluntary non-profit - Private,true,4,0,0,0,0,1,0,0,1,310113,SOUTHERN OCEAN MEDICAL CENTER,3,1399,24
320002,CHRISTUS ST VINCENT REGIONAL MEDICAL CENTER,455 ST MICHAEL'S DRIVE,SANTA FE,NM,West,87505,SANTA FE,Acute Care Hospitals,Voluntary non-profit - Private,true,5,0,0,0,0,0,5,0,5,320002,CHRISTUS ST VINCENT REGIONAL MEDICAL CENTER,3,427,21
330049,NORTHERN DUTCHESS HOSPITAL,6511 SPRINGBROOK AVENUE,RHINEBECK,NY,Northeast,12572,DUTCHESS,Acute Care Hospitals,Voluntary non-profit - Private,true,4,0,0,1,0,1,0,1,1,330049,NORTHERN DUTCHESS HOSPITAL,4,1619,43
330073,UNITED MEMORIAL MEDICAL CENTER,127 NORTH STREET,BATAVIA,NY,Northeast,14020,GENESEE,Acute Care Hospitals,Voluntary non-profit - Private,true,3,0,0,1,0,0,0,1,0,330073,UNITED MEMORIAL MEDICAL CENTER,3,816,26
330094,COLUMBIA MEMORIAL HOSPITAL,71 PROSPECT AVENUE,HUDSON,NY,Northeast,12534,COLUMBIA,Acute Care Hospitals,Voluntary non-profit - Private,true,2,0,1,0,0,0,0,1,0,330094,COLUMBIA MEMORIAL HOSPITAL,2,306,21
330169,MOUNT SINAI BETH ISRAEL,281 1ST AVE,NEW YORK,NY,Northeast,10003,NEW YORK,Acute Care Hospitals,Voluntary non-profit - Private,true,2,0,0,2,3,2,0,2,5,330169,MOUNT SINAI BETH ISRAEL,2,204,11
330180,"SAMARITAN HOSPITAL OF TROY, NEW YORK",2215 BURDETT AVENUE,TROY,NY,Northeast,12180,RENSSELAER,Acute Care Hospitals,Voluntary non-profit - Private,true,3,0,0,0,0,2,0,0,2,330180,"SAMARITAN HOSPITAL OF TROY, NEW YORK",2,515,19
330191,GLENS FALLS HOSPITAL,100 PARK STREET,GLENS FALLS,NY,Northeast,12801,WARREN,Acute Care Hospitals,Voluntary non-profit - Private,true,2,1,1,1,0,1,0,3,1,330191,GLENS FALLS HOSPITAL,3,1799,23
330239,UPMC CHAUTAUQUA AT WCA,207 FOOTE AVENUE,JAMESTOWN,NY,Northeast,14701,CHAUTAUQUA,Acute Care Hospitals,Voluntary non-profit - Private,true,3,0,0,0,0,0,0,0,0,330239,UPMC CHAUTAUQUA AT WCA,3,525,24
340016,HARRIS REGIONAL HOSPITAL,68 HOSPITAL RD,SYLVA,NC,South,28779,JACKSON,Acute Care Hospitals,Proprietary,true,3,0,0,0,0,0,0,0,0,340016,HARRIS REGIONAL HOSPITAL,3,347,18
340050,SOUTHEASTERN REGIONAL MEDICAL CENTER,300 W 27 ST  PO BOX 1408,LUMBERTON,NC,South,28359,ROBESON,Acute Care Hospitals,Voluntary non-profit - Private,true,2,0,0,2,0,1,0,2,1,340050,SOUTHEASTERN REGIONAL MEDICAL CENTER,3,583,12
340151,ECU HEALTH NORTH HOSPITAL,250 SMITH CHURCH ROAD,ROANOKE RAPIDS,NC,South,27870,HALIFAX,Acute Care Hospitals,Voluntary non-profit - Private,true,2,0,0,2,0,0,0,2,0,340151,ECU HEALTH NORTH HOSPITAL,2,354,12
340158,NOVANT HEALTH BRUNSWICK MEDICAL CENTER,1 MEDICAL CENTER DR  PO BOX 139,SUPPLY,NC,South,28462,BRUNSWICK,Acute Care Hospitals,Voluntary non-profit - Other,true,4,1,0,1,0,1,0,2,1,340158,NOVANT HEALTH BRUNSWICK MEDICAL CENTER,4,515,24
340184,HAYWOOD REGIONAL MEDICAL CENTER,262 LEROY GEORGE DRIVE,CLYDE,NC,South,28721,HAYWOOD,Acute Care Hospitals,Government - Hospital District or Authority,true,3,0,0,1,0,1,0,1,1,340184,HAYWOOD REGIONAL MEDICAL CENTER,3,716,20
360075,UH REGIONAL HOSPITALS,13207 RAVENNA ROAD,CHARDON,OH,Midwest,44024,GEAUGA,Acute Care Hospitals,Proprietary,true,4,0,0,1,0,0,0,1,0,360075,UH REGIONAL HOSPITALS,4,1434,29
360132,FORT HAMILTON HUGHES MEMORIAL HOSPITAL,630 EATON AVENUE,HAMILTON,OH,Midwest,45013,BUTLER,Acute Care Hospitals,Voluntary non-profit - Private,true,3,0,0,0,0,1,0,0,1,360132,FORT HAMILTON HUGHES MEMORIAL HOSPITAL,3,640,16
360161,MH ST JOSEPH WARREN HOSPITAL,667 EASTLAND AVE SE,WARREN,OH,Midwest,44484,TRUMBULL,Acute Care Hospitals,Voluntary non-profit - Private,true,2,0,1,0,0,2,0,1,2,360161,MH ST JOSEPH WARREN HOSPITAL,2,562,22
370020,MERCY HOSPITAL ADA,430 NORTH MONTE VISTA,ADA,OK,South,74820,PONTOTOC,Acute Care Hospitals,Voluntary non-profit - Private,true,4,0,0,0,1,1,0,0,2,370020,MERCY HOSPITAL ADA,3,576,17
380020,MCKENZIE-WILLAMETTE MEDICAL CENTER,1460 G STREET,SPRINGFIELD,OR,West,97477,LANE,Acute Care Hospitals,Voluntary non-profit - Private,true,4,0,1,0,0,0,1,1,1,380020,MCKENZIE-WILLAMETTE MEDICAL CENTER,4,1267,25
390030,SCHUYLKILL MEDICAL CENTER - SOUTH JACKSON STREET,420 SOUTH JACKSON STREET,POTTSVILLE,PA,Northeast,17901,SCHUYLKILL,Acute Care Hospitals,Voluntary non-profit - Private,true,3,0,0,1,0,1,0,1,1,390030,SCHUYLKILL MEDICAL CENTER - SOUTH JACKSON STREET,4,276,23
390041,UNIONTOWN HOSPITAL,500 WEST BERKELEY STREET,UNIONTOWN,PA,Northeast,15401,FAYETTE,Acute Care Hospitals,Voluntary non-profit - Private,true,2,0,0,0,0,0,0,0,0,390041,UNIONTOWN HOSPITAL,3,873,25
390065,GETTYSBURG HOSPITAL,147 GETTYS STREET,GETTYSBURG,PA,Northeast,17325,ADAMS,Acute Care Hospitals,Voluntary non-profit - Private,true,4,0,0,0,0,0,4,0,4,390065,GETTYSBURG HOSPITAL,3,391,24
390127,PHOENIXVILLE HOSPITAL,140 NUTT ROAD,PHOENIXVILLE,PA,Northeast,19460,CHESTER,Acute Care Hospitals,Voluntary non-profit - Private,true,3,0,0,1,0,1,0,1,1,390127,PHOENIXVILLE HOSPITAL,3,663,24
390180,CROZER CHESTER MEDICAL CENTER,ONE MEDICAL CENTER BOULEVARD,UPLAND,PA,Northeast,19013,DELAWARE,Acute Care Hospitals,Voluntary non-profit - Other,true,2,0,1,0,0,3,0,1,3,390180,CROZER CHESTER MEDICAL CENTER,2,682,12
390185,LEHIGH VALLEY HOSPITAL - HAZLETON,700 EAST BROAD STREET,HAZLETON,PA,Northeast,18201,LUZERNE,Acute Care Hospitals,Voluntary non-profit - Other,true,1,0,1,1,0,0,0,2,0,390185,LEHIGH VALLEY HOSPITAL - HAZLETON,2,329,20
420048,KERSHAWHEALTH,1315 ROBERTS STREET,CAMDEN,SC,South,29020,KERSHAW,Acute Care Hospitals,Proprietary,true,3,0,0,0,0,0,1,0,1,420048,KERSHAWHEALTH,2,369,17
430014,AVERA ST LUKES,305 S STATE ST  POST OFFICE BOX 4450,ABERDEEN,SD,Midwest,57401,BROWN,Acute Care Hospitals,Voluntary non-profit - Church,true,5,0,0,0,0,0,1,0,1,430014,AVERA ST LUKES,4,584,32
440011,BLOUNT MEMORIAL HOSPITAL,907 E LAMAR ALEXANDER PARKWAY,MARYVILLE,TN,South,37804,BLOUNT,Acute Care Hospitals,Government - Local,true,4,0,0,0,0,2,0,0,2,440011,BLOUNT MEMORIAL HOSPITAL,3,945,34
440030,MORRISTOWN HAMBLEN HOSPITAL ASSOCIATION,908 W 4TH NORTH ST,MORRISTOWN,TN,South,37814,HAMBLEN,Acute Care Hospitals,Government - Local,true,2,0,0,0,0,2,0,0,2,440030,MORRISTOWN HAMBLEN HOSPITAL ASSOCIATION,3,568,16
440193,VANDERBILT WILSON COUNTY HOSPITAL,1411 BADDOUR PARKWAY,LEBANON,TN,South,37087,WILSON,Acute Care Hospitals,Voluntary non-profit - Private,true,4,0,0,0,0,1,0,0,1,440193,VANDERBILT WILSON COUNTY HOSPITAL,3,530,20
450029,LAREDO MEDICAL CENTER,1700 EAST SAUNDERS,LAREDO,TX,South,78044,WEBB,Acute Care Hospitals,Proprietary,true,2,0,0,0,0,1,0,0,1,450029,LAREDO MEDICAL CENTER,2,390,7
450147,DE TAR HOSPITAL NAVARRO,506 E SAN ANTONIO ST,VICTORIA,TX,South,77901,VICTORIA,Acute Care Hospitals,Proprietary,true,4,0,0,0,0,0,1,0,1,450147,DE TAR HOSPITAL NAVARRO,3,487,16
450484,WOODLAND HEIGHTS MEDICAL CENTER,505 SOUTH JOHN REDDITT DRIVE,LUFKIN,TX,South,75904,ANGELINA,Acute Care Hospitals,Proprietary,true,3,0,0,0,0,1,0,0,1,450484,WOODLAND HEIGHTS MEDICAL CENTER,2,465,14
450656,NACOGDOCHES MEDICAL CENTER,4920 NE STALLINGS DRIVE,NACOGDOCHES,TX,South,75965,NACOGDOCHES,Acute Care Hospitals,Voluntary non-profit - Other,true,3,0,0,0,0,1,0,0,1,450656,NACOGDOCHES MEDICAL CENTER,3,591,13
450709,HOUSTON METHODIST CLEAR LAKE HOSPITAL,18300 ST JOHN DRIVE,NASSAU BAY,TX,South,77058,HARRIS,Acute Care Hospitals,Voluntary non-profit - Private,true,5,0,0,0,1,2,0,0,3,450709,HOUSTON METHODIST CLEAR LAKE HOSPITAL,4,1126,20
490042,CARILION NEW RIVER VALLEY MEDICAL CENTER,2900 LAMB CIRCLE,CHRISTIANSBURG,VA,South,24073,MONTGOMERY,Acute Care Hospitals,Voluntary non-profit - Private,true,4,0,0,0,0,1,0,0,1,490042,CARILION NEW RIVER VALLEY MEDICAL CENTER,3,813,19
490053,JOHNSTON MEMORIAL HOSPITAL,16000 JOHNSTON MEMORIAL DRIVE,ABINGDON,VA,South,24211,WASHINGTON,Acute Care Hospitals,Voluntary non-profit - Private,true,3,0,0,1,0,1,0,1,1,490053,JOHNSTON MEMORIAL HOSPITAL,3,736,18
500019,PROVIDENCE CENTRALIA HOSPITAL,914 S SCHEUBER ROAD,CENTRALIA,WA,West,98531,LEWIS,Acute Care Hospitals,Voluntary non-profit - Other,true,4,0,0,0,0,1,0,0,1,500019,PROVIDENCE CENTRALIA HOSPITAL,3,466,18
510023,"WEIRTON MEDICAL CENTER, INC",601 COLLIERS WAY,WEIRTON,WV,South,26062,HANCOCK,Acute Care Hospitals,Government - Local,true,2,0,0,0,0,0,0,0,0,510023,"WEIRTON MEDICAL CENTER, INC",2,476,20
520004,MAYO CLINIC HEALTH SYSTEM-FRANCISCAN MEDICAL CENTER INC,700 WEST AVENUE SOUTH,LA CROSSE,WI,Midwest,54601,LA CROSSE,Acute Care Hospitals,Voluntary non-profit - Private,true,5,0,0,1,0,1,2,1,3,520004,MAYO CLINIC HEALTH SYSTEM-FRANCISCAN MEDICAL CENTER INC,4,1007,32
670023,METHODIST MANSFIELD MEDICAL CENTER,2700 E BROAD STREET,MANSFIELD,TX,South,76063,TARRANT,Acute Care Hospitals,Voluntary non-profit - Private,true,2,0,1,1,0,1,0,2,1,670023,METHODIST MANSFIELD MEDICAL CENTER,4,1214,16
50139,KAISER FOUNDATION HOSPITAL - DOWNEY,9333 IMPERIAL HIGHWAY,DOWNEY,CA,West,90242,LOS ANGELES,Acute Care Hospitals,Voluntary non-profit - Other,false,2,,0,0,,1,0,,,50139,KAISER FOUNDATION HOSPITAL - DOWNEY,3,593,17
50609,KAISER FOUNDATION HOSPITAL - ORANGE COUNTY - ANAHEIM,3440 E LA PALMA AVE,ANAHEIM,CA,West,92806,ORANGE,Acute Care Hospitals,Voluntary non-profit - Private,true,4,,0,0,,2,0,,,50609,KAISER FOUNDATION HOSPITAL - ORANGE COUNTY - ANAHEIM,4,1646,22
10078,NORTHEAST ALABAMA REGIONAL MEDICAL CENTER,400 EAST 10TH STREET,ANNISTON,AL,South,36207,CALHOUN,Acute Care Hospitals,Government - Local,true,1,1,0,2,0,0,0,3,0,10078,NORTHEAST ALABAMA REGIONAL MEDICAL CENTER,2,590,20
30002,BANNER - UNIVERSITY MEDICAL CENTER PHOENIX,1111 EAST MCDOWELL ROAD,PHOENIX,AZ,West,85006,MARICOPA,Acute Care Hospitals,Voluntary non-profit - Other,true,3,0,1,1,1,2,1,2,4,30002,BANNER - UNIVERSITY MEDICAL CENTER PHOENIX,3,721,20
30036,CHANDLER REGIONAL MEDICAL CENTER,1955 WEST FRYE ROAD,CHANDLER,AZ,West,85224,MARICOPA,Acute Care Hospitals,Voluntary non-profit - Private,true,4,0,0,0,0,4,0,0,4,30036,CHANDLER REGIONAL MEDICAL CENTER,3,492,18
30055,KINGMAN REGIONAL MEDICAL CENTER,3269 STOCKTON HILL ROAD,KINGMAN,AZ,West,86401,MOHAVE,Acute Care Hospitals,Government - Hospital District or Authority,true,4,0,0,0,1,2,0,0,3,30055,KINGMAN REGIONAL MEDICAL CENTER,3,544,19
30064,BANNER - UNIVERSITY MEDICAL CENTER TUCSON CAMPUS,1625 NORTH CAMPBELL AVENUE,TUCSON,AZ,West,85719,PIMA,Acute Care Hospitals,Voluntary non-profit - Private,true,3,0,0,0,0,2,0,0,2,30064,BANNER - UNIVERSITY MEDICAL CENTER TUCSON CAMPUS,2,746,19
30089,BANNER THUNDERBIRD MEDICAL CENTER,5555 WEST THUNDERBIRD ROAD,GLENDALE,AZ,West,85306,MARICOPA,Acute Care Hospitals,Government - Hospital District or Authority,false,3,0,0,0,0,2,0,0,2,30089,BANNER THUNDERBIRD MEDICAL CENTER,2,766,20
30093,BANNER DEL E. WEBB MEDICAL CENTER,14502 WEST MEEKER BOULEVARD,SUN CITY WEST,AZ,West,85375,MARICOPA,Acute Care Hospitals,Voluntary non-profit - Private,true,3,0,0,2,0,2,1,2,3,30093,BANNER DEL E. WEBB MEDICAL CENTER,2,562,18
40071,JEFFERSON REGIONAL MEDICAL CENTER,1600 WEST 40TH AVENUE,PINE BLUFF,AR,South,71603,JEFFERSON,Acute Care Hospitals,Voluntary non-profit - Private,true,2,0,0,3,0,1,0,3,1,40071,JEFFERSON REGIONAL MEDICAL CENTER,3,819,18
40119,WHITE RIVER MEDICAL CENTER,1710 HARRISON STREET,BATESVILLE,AR,South,72503,INDEPENDENCE,Acute Care Hospitals,Voluntary non-profit - Private,true,3,0,1,0,0,1,0,1,1,40119,WHITE RIVER MEDICAL CENTER,3,377,21
50030,OROVILLE HOSPITAL,2767 OLIVE HIGHWAY,OROVILLE,CA,West,95966,BUTTE,Acute Care Hospitals,Voluntary non-profit - Private,true,1,0,0,6,3,1,0,6,4,50030,OROVILLE HOSPITAL,1,680,13
50060,COMMUNITY REGIONAL MEDICAL CENTER,2823 FRESNO STREET,FRESNO,CA,West,93721,FRESNO,Acute Care Hospitals,Voluntary non-profit - Private,true,1,1,0,4,0,0,0,5,0,50060,COMMUNITY REGIONAL MEDICAL CENTER,3,540,27
50112,SANTA MONICA - UCLA MED CTR & ORTHOPAEDIC HOSPITAL,1250 16TH STREET,SANTA MONICA,CA,West,90404,LOS ANGELES,Acute Care Hospitals,Voluntary non-profit - Private,true,4,0,1,1,2,1,1,2,4,50112,SANTA MONICA - UCLA MED CTR & ORTHOPAEDIC HOSPITAL,3,674,16
50116,NORTHRIDGE HOSPITAL MEDICAL CENTER,18300 ROSCOE BLVD,NORTHRIDGE,CA,West,91325,LOS ANGELES,Acute Care Hospitals,Voluntary non-profit - Private,true,4,0,0,3,2,1,0,3,3,50116,NORTHRIDGE HOSPITAL MEDICAL CENTER,3,696,14
50224,HOAG MEMORIAL HOSPITAL PRESBYTERIAN,ONE HOAG DRIVE,NEWPORT BEACH,CA,West,92663,ORANGE,Acute Care Hospitals,Voluntary non-profit - Private,true,5,0,0,0,1,2,1,0,4,50224,HOAG MEMORIAL HOSPITAL PRESBYTERIAN,4,2235,21
50291,SUTTER SANTA ROSA REGIONAL HOSPITAL,30 MARK WEST SPRINGS ROAD,SANTA ROSA,CA,West,95403,SONOMA,Acute Care Hospitals,Voluntary non-profit - Other,true,4,0,0,1,0,2,1,1,3,50291,SUTTER SANTA ROSA REGIONAL HOSPITAL,3,933,20
50327,LOMA LINDA UNIVERSITY MEDICAL CENTER,11234 ANDERSON ST,LOMA LINDA,CA,West,92354,SAN BERNARDINO,Acute Care Hospitals,Voluntary non-profit - Private,true,3,0,0,1,0,5,1,1,6,50327,LOMA LINDA UNIVERSITY MEDICAL CENTER,4,2789,19
50492,CLOVIS COMMUNITY MEDICAL CENTER,2755 HERNDON AVE,CLOVIS,CA,West,93611,FRESNO,Acute Care Hospitals,Voluntary non-profit - Private,true,2,1,0,1,0,1,1,2,2,50492,CLOVIS COMMUNITY MEDICAL CENTER,3,584,28
60010,POUDRE VALLEY HOSPITAL,1024 S LEMAY AVE,FORT COLLINS,CO,West,80524,LARIMER,Acute Care Hospitals,Voluntary non-profit - Private,true,5,0,0,0,1,4,2,0,7,60010,POUDRE VALLEY HOSPITAL,4,1311,20
70007,LAWRENCE & MEMORIAL HOSPITAL,365 MONTAUK AVE,NEW LONDON,CT,Northeast,6320,NEW LONDON,Acute Care Hospitals,Voluntary non-profit - Private,true,3,0,0,2,0,2,0,2,2,70007,LAWRENCE & MEMORIAL HOSPITAL,3,775,20
70018,GREENWICH HOSPITAL ASSOCIATION -,5 PERRYRIDGE RD,GREENWICH,CT,Northeast,6830,FAIRFIELD,Acute Care Hospitals,Voluntary non-profit - Private,true,4,0,0,2,2,2,1,2,5,70018,GREENWICH HOSPITAL ASSOCIATION -,3,388,20
100001,SHANDS JACKSONVILLE,655 W 8TH ST,JACKSONVILLE,FL,South,32209,DUVAL,Acute Care Hospitals,Voluntary non-profit - Private,true,3,0,0,0,0,1,0,0,1,100001,SHANDS JACKSONVILLE,3,3676,18
100008,BAPTIST HOSPITAL OF MIAMI,8900 N KENDALL DR,MIAMI,FL,South,33176,MIAMI-DADE,Acute Care Hospitals,Voluntary non-profit - Private,true,4,0,1,2,2,3,0,3,5,100008,BAPTIST HOSPITAL OF MIAMI,3,1027,16
100039,BROWARD HEALTH MEDICAL CENTER,1600 S ANDREWS AVE,FORT LAUDERDALE,FL,South,33316,BROWARD,Acute Care Hospitals,Government - Hospital District or Authority,true,3,0,0,1,1,4,0,1,5,100039,BROWARD HEALTH MEDICAL CENTER,2,766,11
100051,ORLANDO HEALTH SOUTH LAKE HOSPITAL,1900 DON WICKHAM DR,CLERMONT,FL,South,34711,LAKE,Acute Care Hospitals,Government - Hospital District or Authority,true,3,0,0,2,0,2,0,2,2,100051,ORLANDO HEALTH SOUTH LAKE HOSPITAL,3,2055,21
100075,ST JOSEPHS HOSPITAL,3001 W MARTIN LUTHER KING JR BLVD,TAMPA,FL,South,33607,HILLSBOROUGH,Acute Care Hospitals,Voluntary non-profit - Church,true,4,0,0,1,1,3,0,1,4,100075,ST JOSEPHS HOSPITAL,3,5864,15
100086,BROWARD HEALTH NORTH,201 E SAMPLE RD,DEERFIELD BEACH,FL,South,33064,BROWARD,Acute Care Hospitals,Government - Hospital District or Authority,true,2,0,0,3,0,2,0,3,2,100086,BROWARD HEALTH NORTH,2,597,15
100307,ASCENSION ST VINCENT'S SOUTHSIDE,4201 BELFORT RD,JACKSONVILLE,FL,South,32216,DUVAL,Acute Care Hospitals,Voluntary non-profit - Private,true,4,0,0,0,0,1,0,0,1,100307,ASCENSION ST VINCENT'S SOUTHSIDE,2,198,13
110034,"WELLSTAR MCG HEALTH, AFFILIATED WITH MED COL",1120 15TH STREET,AUGUSTA,GA,South,30912,RICHMOND,Acute Care Hospitals,Voluntary non-profit - Other,true,1,1,2,1,0,1,0,4,1,110034,"WELLSTAR MCG HEALTH, AFFILIATED WITH MED COL",2,733,12
110038,ARCHBOLD MEMORIAL HOSPITAL,915 GORDON AVENUE & MIMOSA DRIVE,THOMASVILLE,GA,South,31792,THOMAS,Acute Care Hospitals,Voluntary non-profit - Private,true,3,0,0,1,0,1,0,1,1,110038,ARCHBOLD MEMORIAL HOSPITAL,3,405,15
110069,EMORY HOUSTON HOSPITAL WARNER ROBINS,1601 WATSON BOULEVARD,WARNER ROBINS,GA,South,31093,HOUSTON,Acute Care Hospitals,Voluntary non-profit - Private,true,2,0,0,1,0,0,0,1,0,110069,EMORY HOUSTON HOSPITAL WARNER ROBINS,2,1023,14
110074,PIEDMONT ATHENS REGIONAL MEDICAL CENTER,1199 PRINCE AVENUE,ATHENS,GA,South,30606,CLARKE,Acute Care Hospitals,Voluntary non-profit - Other,false,4,0,1,1,0,3,2,2,5,110074,PIEDMONT ATHENS REGIONAL MEDICAL CENTER,3,1419,17
110122,SGMC HEALTH,"2501 NORTH PATTERSON STREET, PO BOX 1727",VALDOSTA,GA,South,31602,LOWNDES,Acute Care Hospitals,Government - Hospital District or Authority,true,2,2,0,2,0,2,0,4,2,110122,SGMC HEALTH,3,1180,19
110229,"PIEDMONT NEWNAN HOSPITAL, INC",745 POPLAR ROAD,NEWNAN,GA,South,30265,COWETA,Acute Care Hospitals,Voluntary non-profit - Private,true,2,0,0,1,0,1,0,1,1,110229,"PIEDMONT NEWNAN HOSPITAL, INC",3,741,16
120006,ADVENTIST HEALTH CASTLE,640 ULUKAHIKI ST,KAILUA,HI,West,96734,HONOLULU,Acute Care Hospitals,Voluntary non-profit - Church,true,5,0,0,0,0,1,0,0,1,120006,ADVENTIST HEALTH CASTLE,4,665,23
130013,SAINT ALPHONSUS MEDICAL CENTER - NAMPA,4300 E FLAMINGO AVE,NAMPA,ID,West,83687,CANYON,Acute Care Hospitals,Voluntary non-profit - Church,true,4,0,0,0,0,0,1,0,1,130013,SAINT ALPHONSUS MEDICAL CENTER - NAMPA,3,722,20
140002,ALTON MEMORIAL HOSPITAL,ONE MEMORIAL DRIVE,ALTON,IL,Midwest,62002,MADISON,Acute Care Hospitals,Voluntary non-profit - Private,true,4,0,0,1,0,0,0,1,0,140002,ALTON MEMORIAL HOSPITAL,4,745,34
140030,ADVOCATE SHERMAN HOSPITAL,1425 NORTH RANDALL ROAD,ELGIN,IL,Midwest,60123,KANE,Acute Care Hospitals,Voluntary non-profit - Private,true,5,0,0,0,2,2,0,0,4,140030,ADVOCATE SHERMAN HOSPITAL,4,1328,22
140088,THE UNIVERSITY OF CHICAGO MEDICAL CENTER,5841 SOUTH MARYLAND,CHICAGO,IL,Midwest,60637,COOK,Acute Care Hospitals,Voluntary non-profit - Private,true,4,0,0,3,2,4,0,3,6,140088,THE UNIVERSITY OF CHICAGO MEDICAL CENTER,3,1727,14
140114,SWEDISH HOSPITAL,5145 N CALIFORNIA AVE,CHICAGO,IL,Midwest,60625,COOK,Acute Care Hospitals,Voluntary non-profit - Church,true,2,0,0,1,0,1,0,1,1,140114,SWEDISH HOSPITAL,2,835,13
140135,DECATUR MEMORIAL HOSPITAL,2300 NORTH EDWARD STREET,DECATUR,IL,Midwest,62526,MACON,Acute Care Hospitals,Voluntary non-profit - Other,true,3,0,0,1,1,1,0,1,2,140135,DECATUR MEMORIAL HOSPITAL,3,818,18
140172,FRANCISCAN HEALTH OLYMPIA & CHICAGO HEIGHTS,20201 S CRAWFORD AVENUE,OLYMPIA FIELDS,IL,Midwest,60461,COOK,Acute Care Hospitals,Voluntary non-profit - Church,true,2,0,0,2,1,0,0,2,1,140172,FRANCISCAN HEALTH OLYMPIA & CHICAGO HEIGHTS,2,460,12
140179,OSF LITTLE COMPANY OF MARY MEDICAL CENTER,2800 W 95TH ST,EVERGREEN PARK,IL,Midwest,60805,COOK,Acute Care Hospitals,Voluntary non-profit - Other,true,2,0,0,4,3,1,0,4,4,140179,OSF LITTLE COMPANY OF MARY MEDICAL CENTER,3,494,12
140189,SARAH BUSH LINCOLN HEALTH CENTER,1000 HEALTH CENTER DRIVE P O BOX 372,MATTOON,IL,Midwest,61938,COLES,Acute Care Hospitals,Voluntary non-profit - Private,true,2,0,1,2,0,0,0,3,0,140189,SARAH BUSH LINCOLN HEALTH CENTER,4,1339,24
140211,NORTHWESTERN MEDICINE DELNOR COMMUNITY HOSPITAL,300 RANDALL RD,GENEVA,IL,Midwest,60134,KANE,Acute Care Hospitals,Voluntary non-profit - Private,true,5,0,0,1,1,1,0,1,2,140211,NORTHWESTERN MEDICINE DELNOR COMMUNITY HOSPITAL,4,606,26
140228,UW HEALTH,1401 EAST STATE STREET,ROCKFORD,IL,Midwest,61104,WINNEBAGO,Acute Care Hospitals,Voluntary non-profit - Private,true,3,1,0,1,0,3,1,2,4,140228,UW HEALTH,3,1412,17
150005,HENDRICKS REGIONAL HEALTH,1000 E MAIN ST,DANVILLE,IN,Midwest,46122,HENDRICKS,Acute Care Hospitals,Government - Local,true,5,0,0,0,0,0,0,0,0,150005,HENDRICKS REGIONAL HEALTH,4,605,27
150015,FRANCISCAN HEALTH MICHIGAN CITY,3500 FRANCISCAN WAY,MICHIGAN CITY,IN,Midwest,46360,LA PORTE,Acute Care Hospitals,Voluntary non-profit - Church,true,3,0,0,1,0,1,0,1,1,150015,FRANCISCAN HEALTH MICHIGAN CITY,3,398,19
150021,PARKVIEW REGIONAL MEDICAL CENTER,11109 PARKVIEW PLAZA DRIVE,FORT WAYNE,IN,Midwest,46845,ALLEN,Acute Care Hospitals,Voluntary non-profit - Private,true,3,1,0,2,0,2,1,3,3,150021,PARKVIEW REGIONAL MEDICAL CENTER,4,362,20
150158,IU HEALTH WEST HOSPITAL,1111 N RONALD REAGAN PKWY,AVON,IN,Midwest,46123,HENDRICKS,Acute Care Hospitals,Proprietary,true,4,0,1,0,0,1,1,1,2,150158,IU HEALTH WEST HOSPITAL,3,368,18
160030,MARY GREELEY MEDICAL CENTER,1111 DUFF AVENUE,AMES,IA,Midwest,50010,STORY,Acute Care Hospitals,Government - Local,true,4,0,0,0,0,0,0,0,0,160030,MARY GREELEY MEDICAL CENTER,4,919,33
160057,SOUTHEAST IOWA REGIONAL MEDICAL CENTER,1221 SOUTH GEAR AVENUE,WEST BURLINGTON,IA,Midwest,52655,DES MOINES,Acute Care Hospitals,Voluntary non-profit - Private,true,2,0,1,0,0,0,1,1,1,160057,SOUTHEAST IOWA REGIONAL MEDICAL CENTER,2,671,27
170040,UNIVERSITY OF KANSAS HOSPITAL,4000 CAMBRIDGE STREET,KANSAS CITY,KS,Midwest,66160,WYANDOTTE,Acute Care Hospitals,Government - Hospital District or Authority,true,5,0,1,0,3,2,1,1,6,170040,UNIVERSITY OF KANSAS HOSPITAL,4,2721,19
170182,MENORAH MEDICAL CENTER,5721 WEST 119TH STREET,OVERLAND PARK,KS,Midwest,66209,JOHNSON,Acute Care Hospitals,Proprietary,true,4,0,0,0,0,1,1,0,2,170182,MENORAH MEDICAL CENTER,3,622,26
180011,SAINT JOSEPH LONDON,1001 SAINT JOSEPH LANE,LONDON,KY,South,40741,LAUREL,Acute Care Hospitals,Voluntary non-profit - Private,true,3,0,0,1,1,1,1,1,3,180011,SAINT JOSEPH LONDON,4,588,13
180012,BAPTIST HEALTH HARDIN,913 NORTH DIXIE AVENUE,ELIZABETHTOWN,KY,South,42701,HARDIN,Acute Care Hospitals,Government - Local,true,2,0,0,1,0,1,0,1,1,180012,BAPTIST HEALTH HARDIN,4,947,20
180029,HAZARD ARH REGIONAL MEDICAL CENTER,100 MEDICAL CENTER DRIVE,HAZARD,KY,South,41701,PERRY,Acute Care Hospitals,Voluntary non-profit - Private,true,2,0,1,2,0,1,0,3,1,180029,HAZARD ARH REGIONAL MEDICAL CENTER,3,265,17
180067,UNIVERSITY OF KENTUCKY HOSPITAL,800 ROSE STREET,LEXINGTON,KY,South,40536,FAYETTE,Acute Care Hospitals,Government - State,true,4,0,1,0,1,2,0,1,3,180067,UNIVERSITY OF KENTUCKY HOSPITAL,4,1302,17
190019,CHRISTUS ST FRANCES CABRINI HOSPITAL,3330 MASONIC DRIVE,ALEXANDRIA,LA,South,71301,RAPIDES,Acute Care Hospitals,Voluntary non-profit - Private,true,2,0,1,1,0,1,0,2,1,190019,CHRISTUS ST FRANCES CABRINI HOSPITAL,3,468,17
190054,IBERIA MEDICAL CENTER,2315 E MAIN STREET,NEW IBERIA,LA,South,70560,IBERIA,Acute Care Hospitals,Voluntary non-profit - Private,true,3,0,0,0,0,1,1,0,2,190054,IBERIA MEDICAL CENTER,3,389,16
190125,ST FRANCIS MEDICAL CENTER,309 JACKSON STREET,MONROE,LA,South,71201,OUACHITA,Acute Care Hospitals,Voluntary non-profit - Private,true,3,1,0,0,0,1,0,1,1,190125,ST FRANCIS MEDICAL CENTER,4,565,20
210002,UNIVERSITY OF MARYLAND MEDICAL CENTER,22 SOUTH  GREENE STREET,BALTIMORE,MD,South,21201,BALTIMORE CITY,Acute Care Hospitals,Voluntary non-profit - Private,true,2,0,1,1,0,1,0,2,1,210002,UNIVERSITY OF MARYLAND MEDICAL CENTER,3,1370,16
210009,"JOHNS HOPKINS HOSPITAL, THE",600 NORTH  WOLFE STREET,BALTIMORE,MD,South,21287,BALTIMORE CITY,Acute Care Hospitals,Voluntary non-profit - Private,true,4,0,3,1,3,2,0,4,5,210009,"JOHNS HOPKINS HOSPITAL, THE",4,3117,17
210011,SAINT AGNES HOSPITAL,900 CATON AVENUE,BALTIMORE,MD,South,21229,BALTIMORE CITY,Acute Care Hospitals,Voluntary non-profit - Church,true,3,0,0,1,0,2,0,1,2,210011,SAINT AGNES HOSPITAL,2,142,13
210029,JOHNS HOPKINS BAYVIEW MEDICAL CENTER,4940 EASTERN AVENUE,BALTIMORE,MD,South,21224,BALTIMORE CITY,Acute Care Hospitals,Voluntary non-profit - Private,true,3,0,1,0,1,1,1,1,3,210029,JOHNS HOPKINS BAYVIEW MEDICAL CENTER,3,1001,15
210037,UNIVERSITY OF MD SHORE MEDICAL CENTER AT EASTON,219 SOUTH  WASHINGTON STREET,EASTON,MD,South,21601,TALBOT,Acute Care Hospitals,Voluntary non-profit - Private,true,2,0,1,1,0,2,2,2,4,210037,UNIVERSITY OF MD SHORE MEDICAL CENTER AT EASTON,2,799,20
210040,NORTHWEST HOSPITAL CENTER,5401 OLD COURT ROAD,RANDALLSTOWN,MD,South,21133,BALTIMORE,Acute Care Hospitals,Voluntary non-profit - Private,true,2,0,0,1,0,1,0,1,1,210040,NORTHWEST HOSPITAL CENTER,2,429,12
220020,SAINT ANNE'S HOSPITAL,795 MIDDLE STREET,FALL RIVER,MA,Northeast,2721,BRISTOL,Acute Care Hospitals,Proprietary,true,3,0,1,3,0,1,0,4,1,220020,SAINT ANNE'S HOSPITAL,4,652,24
220033,NORTHEAST HOSPITAL CORPORATION,85 HERRICK STREET,BEVERLY,MA,Northeast,1915,ESSEX,Acute Care Hospitals,Voluntary non-profit - Private,true,3,0,0,0,2,1,0,0,3,220033,NORTHEAST HOSPITAL CORPORATION,3,1295,22
220035,NORTH SHORE MEDICAL CENTER -,81 HIGHLAND AVENUE,SALEM,MA,Northeast,1970,ESSEX,Acute Care Hospitals,Voluntary non-profit - Private,true,4,0,1,2,3,1,1,3,5,220035,NORTH SHORE MEDICAL CENTER -,4,633,21
220060,BETH ISRAEL DEACONESS HOSPITAL PLYMOUTH,275 SANDWICH STREET,PLYMOUTH,MA,Northeast,2360,PLYMOUTH,Acute Care Hospitals,Voluntary non-profit - Private,true,4,0,0,1,1,1,0,1,2,220060,BETH ISRAEL DEACONESS HOSPITAL PLYMOUTH,3,1042,26
220063,LOWELL GENERAL HOSPITAL,295 VARNUM AVENUE,LOWELL,MA,Northeast,1854,MIDDLESEX,Acute Care Hospitals,Voluntary non-profit - Private,true,2,0,1,2,0,1,0,3,1,220063,LOWELL GENERAL HOSPITAL,3,717,19
230002,ST JOE MERCY HOSPITAL SYSTEM LIVONIA,36475 FIVE MILE ROAD,LIVONIA,MI,Midwest,48154,WAYNE,Acute Care Hospitals,Voluntary non-profit - Private,true,2,0,0,3,0,1,0,3,1,230002,ST JOE MERCY HOSPITAL SYSTEM LIVONIA,2,638,22
230053,HENRY FORD HEALTH HOSPITAL,2799 W GRAND BLVD,DETROIT,MI,Midwest,48202,WAYNE,Acute Care Hospitals,Voluntary non-profit - Private,true,3,0,0,3,0,3,0,3,3,230053,HENRY FORD HEALTH HOSPITAL,3,1146,16
230151,BEAUMONT HOSPITAL - FARMINGTON HILLS,28050 GRAND RIVER AVENUE,FARMINGTON HILLS,MI,Midwest,48336,OAKLAND,Acute Care Hospitals,Voluntary non-profit - Private,true,2,0,1,0,0,1,0,1,1,230151,BEAUMONT HOSPITAL - FARMINGTON HILLS,2,503,17
230230,EDWARD W SPARROW HOSPITAL,1215 E MICHIGAN AVENUE,LANSING,MI,Midwest,48912,INGHAM,Acute Care Hospitals,Voluntary non-profit - Other,true,3,0,1,0,0,4,1,1,5,230230,EDWARD W SPARROW HOSPITAL,3,1092,35
230236,UNIVERSITY OF MICHIGAN HEALTH - WEST,"5900 BYRON CENTER AVENUE, SW",WYOMING,MI,Midwest,49519,KENT,Acute Care Hospitals,Voluntary non-profit - Private,true,4,0,1,0,0,2,0,1,2,230236,UNIVERSITY OF MICHIGAN HEALTH - WEST,4,693,22
230277,HURON VALLEY-SINAI HOSPITAL,ONE WILLIAM CARLS DRIVE,COMMERCE TOWNSHIP,MI,Midwest,48382,OAKLAND,Acute Care Hospitals,Proprietary,true,2,0,0,0,1,0,0,0,1,230277,HURON VALLEY-SINAI HOSPITAL,2,999,21
240093,MAYO CLINIC HEALTH SYSTEM - MANKATO,1025 MARSH STREET,MANKATO,MN,Midwest,56002,BLUE EARTH,Acute Care Hospitals,Voluntary non-profit - Private,true,5,0,0,0,2,1,3,0,6,240093,MAYO CLINIC HEALTH SYSTEM - MANKATO,4,973,27
250058,SOUTH CENTRAL REG MED CTR,1220 JEFFERSON ST BOX 607,LAUREL,MS,South,39440,JONES,Acute Care Hospitals,Government - Local,true,1,1,1,2,0,1,1,4,2,250058,SOUTH CENTRAL REG MED CTR,3,789,23
260001,MERCY HOSPITAL JOPLIN,100 MERCY WAY,JOPLIN,MO,Midwest,64804,JASPER,Acute Care Hospitals,Voluntary non-profit - Church,true,1,2,0,0,0,1,0,2,1,260001,MERCY HOSPITAL JOPLIN,3,436,20
260017,PHELPS COUNTY REGIONAL MEDICAL CENTER,1000 W 10TH ST,ROLLA,MO,Midwest,65401,PHELPS,Acute Care Hospitals,Government - Local,true,2,1,1,1,0,2,0,3,2,260017,PHELPS COUNTY REGIONAL MEDICAL CENTER,3,529,17
260191,BARNES-JEWISH ST PETERS HOSPITAL,10 HOSPITAL DR,SAINT PETERS,MO,Midwest,63376,ST. CHARLES,Acute Care Hospitals,Voluntary non-profit - Other,true,4,0,0,0,0,3,1,0,4,260191,BARNES-JEWISH ST PETERS HOSPITAL,3,616,36
280060,CHI HEALTH BERGAN MERCY,7500 MERCY RD,OMAHA,NE,Midwest,68124,DOUGLAS,Acute Care Hospitals,Voluntary non-profit - Private,true,3,0,0,1,0,2,0,1,2,280060,CHI HEALTH BERGAN MERCY,3,647,18
290001,RENOWN REGIONAL MEDICAL CENTER,1155 MILL STREET,RENO,NV,West,89502,WASHOE,Acute Care Hospitals,Voluntary non-profit - Private,true,3,2,0,2,0,4,0,4,4,290001,RENOWN REGIONAL MEDICAL CENTER,3,1508,32
290041,SUMMERLIN HOSPITAL MEDICAL CENTER,657 TOWN CENTER DRIVE,LAS VEGAS,NV,West,89144,CLARK,Acute Care Hospitals,Proprietary,true,3,0,0,1,0,3,0,1,3,290041,SUMMERLIN HOSPITAL MEDICAL CENTER,2,512,13
300011,ST JOSEPH HOSPITAL,172 KINSLEY ST,NASHUA,NH,Northeast,3060,HILLSBOROUGH,Acute Care Hospitals,Voluntary non-profit - Other,true,4,0,0,0,0,1,0,0,1,300011,ST JOSEPH HOSPITAL,3,1118,24
300018,WENTWORTH-DOUGLASS HOSPITAL,789 CENTRAL AVE,DOVER,NH,Northeast,3820,STRAFFORD,Acute Care Hospitals,Voluntary non-profit - Private,true,4,0,0,1,0,1,0,1,1,300018,WENTWORTH-DOUGLASS HOSPITAL,4,642,23
300023,EXETER HOSPITAL INC,5 ALUMNI DRIVE,EXETER,NH,Northeast,3833,ROCKINGHAM,Acute Care Hospitals,Voluntary non-profit - Private,true,5,0,0,0,0,1,1,0,2,300023,EXETER HOSPITAL INC,4,376,24
310002,NEWARK BETH ISRAEL MEDICAL CENTER,201 LYONS AVE,NEWARK,NJ,Northeast,7112,ESSEX,Acute Care Hospitals,Voluntary non-profit - Private,true,2,0,0,3,0,1,0,3,1,310002,NEWARK BETH ISRAEL MEDICAL CENTER,2,768,8
310017,CHILTON MEDICAL CENTER,97 WEST PARKWAY,POMPTON PLAINS,NJ,Northeast,7444,MORRIS,Acute Care Hospitals,Voluntary non-profit - Private,true,4,0,0,0,1,1,2,0,4,310017,CHILTON MEDICAL CENTER,3,1232,26
310028,NEWTON MEDICAL CENTER,175 HIGH ST,NEWTON,NJ,Northeast,7860,SUSSEX,Acute Care Hospitals,Voluntary non-profit - Private,true,4,0,0,0,0,1,0,0,1,310028,NEWTON MEDICAL CENTER,3,983,23
310034,RIVERVIEW MEDICAL CENTER,ONE RIVERVIEW PLAZA,RED BANK,NJ,Northeast,7701,MONMOUTH,Acute Care Hospitals,Voluntary non-profit - Private,true,4,0,0,1,0,1,2,1,3,310034,RIVERVIEW MEDICAL CENTER,3,1402,20
310048,ROBERT WOOD JOHNSON UNIVERSITY HOSPITAL - SOMERSET,110 REHILL AVE,SOMERVILLE,NJ,Northeast,8876,SOMERSET,Acute Care Hospitals,Voluntary non-profit - Private,true,3,1,0,2,0,1,0,3,1,310048,ROBERT WOOD JOHNSON UNIVERSITY HOSPITAL - SOMERSET,3,1659,20
310052,OCEAN MEDICAL CENTER,425 JACK MARTIN BLVD,BRICK,NJ,Northeast,8724,OCEAN,Acute Care Hospitals,Voluntary non-profit - Other,true,3,0,0,1,0,0,0,1,0,310052,OCEAN MEDICAL CENTER,3,2291,22
310054,HACKENSACK MERIDIAN MOUNTAINSIDE MEDICAL,1 BAY AVENUE,MONTCLAIR,NJ,Northeast,7042,ESSEX,Acute Care Hospitals,Proprietary,true,3,0,0,0,1,1,0,0,2,310054,HACKENSACK MERIDIAN MOUNTAINSIDE MEDICAL,2,444,17
310074,JERSEY CITY MEDICAL CENTER,355 GRAND STREET,JERSEY CITY,NJ,Northeast,7302,HUDSON,Acute Care Hospitals,Voluntary non-profit - Private,true,2,0,1,1,0,2,0,2,2,310074,JERSEY CITY MEDICAL CENTER,3,1102,10
310110,ROBERT WOOD JOHNSON UNIVERSITY HOSPITAL AT HAMILTON,ONE HAMILTON HEALTH PLACE,HAMILTON,NJ,Northeast,8690,MERCER,Acute Care Hospitals,Voluntary non-profit - Private,true,3,0,0,1,0,1,0,1,1,310110,ROBERT WOOD JOHNSON UNIVERSITY HOSPITAL AT HAMILTON,3,948,19
320005,SAN JUAN REGIONAL MEDICAL CENTER INC,801 WEST MAPLE STREET,FARMINGTON,NM,West,87401,SAN JUAN,Acute Care Hospitals,Voluntary non-profit - Private,true,2,0,0,0,0,1,0,0,1,320005,SAN JUAN REGIONAL MEDICAL CENTER INC,2,362,13
330023,VASSAR BROTHERS MEDICAL CENTER,45 READE PLACE,POUGHKEEPSIE,NY,Northeast,12601,DUTCHESS,Acute Care Hospitals,Voluntary non-profit - Private,true,3,0,0,2,1,3,0,2,4,330023,VASSAR BROTHERS MEDICAL CENTER,3,2155,41
330028,RICHMOND UNIVERSITY MEDICAL CENTER,355 BARD AVENUE,STATEN ISLAND,NY,Northeast,10310,RICHMOND,Acute Care Hospitals,Voluntary non-profit - Private,true,1,0,0,1,0,0,0,1,0,330028,RICHMOND UNIVERSITY MEDICAL CENTER,2,411,12
330055,NEW YORK-PRESBYTERIAN/QUEENS,56-45 MAIN STREET,FLUSHING,NY,Northeast,11355,QUEENS,Acute Care Hospitals,Voluntary non-profit - Private,true,4,0,0,2,3,4,0,2,7,330055,NEW YORK-PRESBYTERIAN/QUEENS,2,1219,15
330090,ARNOT OGDEN MEDICAL CENTER,600 ROE AVENUE,ELMIRA,NY,Northeast,14905,CHEMUNG,Acute Care Hospitals,Voluntary non-profit - Private,true,1,0,1,1,0,1,0,2,1,330090,ARNOT OGDEN MEDICAL CENTER,2,589,22
330103,OLEAN GENERAL HOSPITAL,515 MAIN STREET,OLEAN,NY,Northeast,14760,CATTARAUGUS,Acute Care Hospitals,Proprietary,true,1,1,0,1,0,1,0,2,1,330103,OLEAN GENERAL HOSPITAL,2,592,21
330104,NYACK HOSPITAL,160 NORTH MIDLAND AVENUE,NYACK,NY,Northeast,10960,ROCKLAND,Acute Care Hospitals,Voluntary non-profit - Other,false,2,0,0,2,0,1,0,2,1,330104,NYACK HOSPITAL,2,878,15
330222,SARATOGA HOSPITAL,211 CHURCH STREET,SARATOGA SPRINGS,NY,Northeast,12866,SARATOGA,Acute Care Hospitals,Voluntary non-profit - Private,true,3,1,0,1,0,1,0,2,1,330222,SARATOGA HOSPITAL,3,587,28
330226,UNITY HOSPITAL,1555 LONG POND ROAD,ROCHESTER,NY,Northeast,14626,MONROE,Acute Care Hospitals,Voluntary non-profit - Private,true,1,0,0,3,0,3,0,3,3,330226,UNITY HOSPITAL,2,2318,24
330250,CHAMPLAIN VALLEY PHYSICIANS HOSPITAL MEDICAL CTR,75 BEEKMAN STREET,PLATTSBURGH,NY,Northeast,12901,CLINTON,Acute Care Hospitals,Voluntary non-profit - Private,true,2,0,1,1,1,1,0,2,2,330250,CHAMPLAIN VALLEY PHYSICIANS HOSPITAL MEDICAL CTR,3,424,21
330285,STRONG MEMORIAL HOSPITAL,601 ELMWOOD AVE,ROCHESTER,NY,Northeast,14642,MONROE,Acute Care Hospitals,Voluntary non-profit - Private,true,2,0,2,2,0,1,1,4,2,330285,STRONG MEMORIAL HOSPITAL,3,846,24
330307,CAYUGA MEDICAL CENTER AT ITHACA,101 DATES DRIVE,ITHACA,NY,Northeast,14850,TOMPKINS,Acute Care Hospitals,Voluntary non-profit - Private,true,3,0,0,1,0,1,2,1,3,330307,CAYUGA MEDICAL CENTER AT ITHACA,3,582,23
340015,NOVANT HEALTH ROWAN MEDICAL CENTER,612 MOCKSVILLE AVE,SALISBURY,NC,South,28144,ROWAN,Acute Care Hospitals,Voluntary non-profit - Private,true,2,1,0,1,0,2,0,2,2,340015,NOVANT HEALTH ROWAN MEDICAL CENTER,3,389,18
340017,PARDEE HOSPITAL HENDERSON COUNTY,800 N JUSTICE ST,HENDERSONVILLE,NC,South,28791,HENDERSON,Acute Care Hospitals,Government - Local,true,5,0,0,0,1,0,1,0,2,340017,PARDEE HOSPITAL HENDERSON COUNTY,4,1241,29
340070,ALAMANCE REGIONAL MEDICAL CENTER,1240 HUFFMAN MILL RD,BURLINGTON,NC,South,27216,ALAMANCE,Acute Care Hospitals,Voluntary non-profit - Private,true,2,0,0,1,0,1,0,1,1,340070,ALAMANCE REGIONAL MEDICAL CENTER,2,548,18
340090,JOHNSTON HEALTH,509 BRIGHT LEAF BLVD,SMITHFIELD,NC,South,27577,JOHNSTON,Acute Care Hospitals,Government - Hospital District or Authority,true,3,0,0,0,0,1,0,0,1,340090,JOHNSTON HEALTH,4,1620,18
340147,UNC HEALTH NASH,2460 CURTIS ELLIS DRIVE,ROCKY MOUNT,NC,South,27804,NASH,Acute Care Hospitals,Government - Hospital District or Authority,true,3,0,0,0,0,1,0,0,1,340147,UNC HEALTH NASH,3,1340,17
360003,"UNIVERSITY OF CINCINNATI MEDICAL CENTER, LLC",3188 BELLEVUE AVENUE,CINCINNATI,OH,Midwest,45219,HAMILTON,Acute Care Hospitals,Voluntary non-profit - Private,true,3,0,1,2,1,2,0,3,3,360003,"UNIVERSITY OF CINCINNATI MEDICAL CENTER, LLC",3,1456,15
360020,SUMMA HEALTH SYSTEM,525 EAST MARKET STREET,AKRON,OH,Midwest,44309,SUMMIT,Acute Care Hospitals,Voluntary non-profit - Private,true,2,0,0,2,0,1,0,2,1,360020,SUMMA HEALTH SYSTEM,3,3603,17
360025,FIRELANDS REGIONAL MEDICAL CENTER,1111 HAYES AVENUE,SANDUSKY,OH,Midwest,44870,ERIE,Acute Care Hospitals,Voluntary non-profit - Private,true,3,0,0,0,0,1,0,0,1,360025,FIRELANDS REGIONAL MEDICAL CENTER,3,467,22
360039,GENESIS HOSPITAL,2951 MAPLE AVENUE,ZANESVILLE,OH,Midwest,43701,MUSKINGUM,Acute Care Hospitals,Voluntary non-profit - Private,true,4,0,0,0,0,1,2,0,3,360039,GENESIS HOSPITAL,4,1843,29
360084,AULTMAN HOSPITAL,2600 SIXTH STREET SW,CANTON,OH,Midwest,44710,STARK,Acute Care Hospitals,Voluntary non-profit - Other,true,3,0,1,0,0,3,0,1,3,360084,AULTMAN HOSPITAL,3,1784,26
360086,SPRINGFIELD REGIONAL MEDICAL CENTER,100 MEDICAL CENTER DRIVE,SPRINGFIELD,OH,Midwest,45504,CLARK,Acute Care Hospitals,Voluntary non-profit - Private,true,3,0,0,1,1,1,0,1,2,360086,SPRINGFIELD REGIONAL MEDICAL CENTER,2,1595,17
360123,UH ST JOHN MEDICAL CENTER,29000 CENTER RIDGE ROAD,WESTLAKE,OH,Midwest,44145,CUYAHOGA,Acute Care Hospitals,Voluntary non-profit - Private,true,4,0,0,0,0,0,0,0,0,360123,UH ST JOHN MEDICAL CENTER,3,1351,28
360133,KETTERING HEALTH DAYTON,405 GRAND AVENUE,DAYTON,OH,Midwest,45405,MONTGOMERY,Acute Care Hospitals,Voluntary non-profit - Other,false,2,0,1,0,0,2,1,1,3,360133,KETTERING HEALTH DAYTON,3,1410,15
360218,LICKING MEMORIAL HOSPITAL,1320 WEST MAIN STREET,NEWARK,OH,Midwest,43055,LICKING,Acute Care Hospitals,Voluntary non-profit - Private,true,2,0,1,0,0,0,0,1,0,360218,LICKING MEMORIAL HOSPITAL,3,633,22
360276,HMHP ST ELIZABETH BOARDMAN HEALTH CENTER,8401 MARKET STREET,BOARDMAN,OH,Midwest,44512,MAHONING,Acute Care Hospitals,Voluntary non-profit - Church,true,3,0,1,1,1,1,1,2,3,360276,HMHP ST ELIZABETH BOARDMAN HEALTH CENTER,3,921,22
370025,SAINT FRANCIS HOSPITAL MUSKOGEE,300 ROCKEFELLER DRIVE,MUSKOGEE,OK,South,74401,MUSKOGEE,Acute Care Hospitals,Voluntary non-profit - Private,true,4,0,0,1,2,1,0,1,3,370025,SAINT FRANCIS HOSPITAL MUSKOGEE,3,704,32
370049,STILLWATER MEDICAL CENTER,1323 WEST 6TH STREET,STILLWATER,OK,South,74076,PAYNE,Acute Care Hospitals,Government - Hospital District or Authority,true,4,0,0,1,0,0,0,1,0,370049,STILLWATER MEDICAL CENTER,4,463,19
370114,ASCENSION ST JOHN MEDICAL CENTER,1923 SOUTH UTICA AVENUE,TULSA,OK,South,74104,TULSA,Acute Care Hospitals,Voluntary non-profit - Private,true,2,1,1,0,0,2,0,2,2,370114,ASCENSION ST JOHN MEDICAL CENTER,2,205,16
380050,SKY LAKES MEDICAL CENTER,2865 DAGGETT AVENUE,KLAMATH FALLS,OR,West,97601,KLAMATH,Acute Care Hospitals,Voluntary non-profit - Private,true,3,1,1,0,0,2,2,2,4,380050,SKY LAKES MEDICAL CENTER,3,933,28
380061,PROVIDENCE PORTLAND MEDICAL CENTER,4805 NE GLISAN STREET,PORTLAND,OR,West,97213,MULTNOMAH,Acute Care Hospitals,Voluntary non-profit - Private,true,4,0,0,0,0,3,0,0,3,380061,PROVIDENCE PORTLAND MEDICAL CENTER,4,422,19
380075,PROVIDENCE MEDFORD MEDICAL CENTER,1111 CRATER LAKE AVENUE,MEDFORD,OR,West,97504,JACKSON,Acute Care Hospitals,Voluntary non-profit - Church,true,3,0,0,1,0,0,0,1,0,380075,PROVIDENCE MEDFORD MEDICAL CENTER,3,615,23
390016,UPMC JAMESON,1211 WILMINGTON AVENUE,NEW CASTLE,PA,Northeast,16105,LAWRENCE,Acute Care Hospitals,Voluntary non-profit - Other,true,3,0,0,0,0,1,0,0,1,390016,UPMC JAMESON,3,487,27
390046,WELLSPAN YORK HOSPITAL,1001 SOUTH GEORGE STREET,YORK,PA,Northeast,17403,YORK,Acute Care Hospitals,Voluntary non-profit - Private,true,4,0,0,0,0,2,1,0,3,390046,WELLSPAN YORK HOSPITAL,2,419,25
390097,HOLY REDEEMER HOSPITAL AND MEDICAL CENTER,1648 HUNTINGDON PIKE,MEADOWBROOK,PA,Northeast,19046,MONTGOMERY,Acute Care Hospitals,Voluntary non-profit - Church,true,2,0,0,1,0,1,0,1,1,390097,HOLY REDEEMER HOSPITAL AND MEDICAL CENTER,2,355,16
390111,HOSPITAL OF UNIV OF PENNSYLVANIA,3400 SPRUCE ST,PHILADELPHIA,PA,Northeast,19104,PHILADELPHIA,Acute Care Hospitals,Voluntary non-profit - Private,true,5,0,0,2,2,3,2,2,7,390111,HOSPITAL OF UNIV OF PENNSYLVANIA,4,605,22
390113,MEADVILLE MEDICAL CENTER,751 LIBERTY STREET,MEADVILLE,PA,Northeast,16335,CRAWFORD,Acute Care Hospitals,Voluntary non-profit - Private,true,3,0,0,0,0,0,0,0,0,390113,MEADVILLE MEDICAL CENTER,3,485,29
390139,BRYN MAWR HOSPITAL,130 SOUTH BRYN MAWR AVE,BRYN MAWR,PA,Northeast,19010,MONTGOMERY,Acute Care Hospitals,Voluntary non-profit - Private,true,4,0,0,1,0,1,0,1,1,390139,BRYN MAWR HOSPITAL,4,1449,25
390153,PAOLI HOSPITAL,255 WEST LANCASTER AVENUE,PAOLI,PA,Northeast,19301,CHESTER,Acute Care Hospitals,Voluntary non-profit - Private,true,5,0,0,1,2,1,0,1,3,390153,PAOLI HOSPITAL,4,1980,26
390173,INDIANA REGIONAL MEDICAL CENTER,835 HOSPITAL ROAD,INDIANA,PA,Northeast,15701,INDIANA,Acute Care Hospitals,Voluntary non-profit - Private,true,3,0,0,1,0,0,0,1,0,390173,INDIANA REGIONAL MEDICAL CENTER,3,644,31
390326,ST LUKE'S HOSPITAL - ANDERSON CAMPUS,1872 ST LUKE'S BLVD,EASTON,PA,Northeast,18045,NORTHAMPTON,Acute Care Hospitals,Voluntary non-profit - Private,false,5,0,0,1,1,2,0,1,3,390326,ST LUKE'S HOSPITAL - ANDERSON CAMPUS,4,887,22
390330,ST LUKE'S HOSPITAL - MONROE CAMPUS,100 ST LUKE'S LANE,STROUDSBURG,PA,Northeast,18360,MONROE,Acute Care Hospitals,Voluntary non-profit - Private,true,4,0,0,1,2,1,0,1,3,390330,ST LUKE'S HOSPITAL - MONROE CAMPUS,3,642,20
410012,THE MIRIAM HOSPITAL,164 SUMMIT AVENUE,PROVIDENCE,RI,Northeast,2906,PROVIDENCE,Acute Care Hospitals,Voluntary non-profit - Private,true,4,0,0,0,1,3,0,0,4,410012,THE MIRIAM HOSPITAL,3,461,25
420027,ANMED HEALTH,800 N FANT ST,ANDERSON,SC,South,29621,ANDERSON,Acute Care Hospitals,Voluntary non-profit - Private,true,4,0,0,1,0,3,0,1,3,420027,ANMED HEALTH,4,521,18
420067,BEAUFORT COUNTY MEMORIAL HOSPITAL,955 RIBAUT RD,BEAUFORT,SC,South,29902,BEAUFORT,Acute Care Hospitals,Government - Local,true,3,0,0,0,0,0,0,0,0,420067,BEAUFORT COUNTY MEMORIAL HOSPITAL,3,832,19
420078,PRISMA HEALTH GREENVILLE MEMORIAL HOSPITAL,701 GROVE ROAD,GREENVILLE,SC,South,29605,GREENVILLE,Acute Care Hospitals,Voluntary non-profit - Private,false,4,0,0,0,1,4,0,0,5,420078,PRISMA HEALTH GREENVILLE MEMORIAL HOSPITAL,3,2476,14
440073,MAURY REGIONAL HOSPITAL,1224 TROTWOOD AVE,COLUMBIA,TN,South,38401,MAURY,Acute Care Hospitals,Government - Local,true,3,2,0,0,0,1,0,2,1,440073,MAURY REGIONAL HOSPITAL,4,481,18
450018,UNIVERSITY OF TEXAS MEDICAL BRANCH GALVESTON,301 UNIVERSITY BOULEVARD,GALVESTON,TX,South,77555,GALVESTON,Acute Care Hospitals,Government - State,true,3,0,0,3,2,1,0,3,3,450018,UNIVERSITY OF TEXAS MEDICAL BRANCH GALVESTON,3,1127,9
450068,MEMORIAL HERMANN - TEXAS MEDICAL CENTER,6411 FANNIN,HOUSTON,TX,South,77030,HARRIS,Acute Care Hospitals,Voluntary non-profit - Private,true,3,0,0,0,1,4,1,0,6,450068,MEMORIAL HERMANN - TEXAS MEDICAL CENTER,3,1741,11
450137,BAYLOR SCOTT AND WHITE ALL SAINTS MEDICAL CENTER,1400 EIGHTH AVE,FORT WORTH,TX,South,76104,TARRANT,Acute Care Hospitals,Voluntary non-profit - Private,false,4,0,0,1,1,2,0,1,3,450137,BAYLOR SCOTT AND WHITE ALL SAINTS MEDICAL CENTER,3,1308,12
450213,UNIVERSITY HEALTH SYSTEM,4502 MEDICAL DR,SAN ANTONIO,TX,South,78229,BEXAR,Acute Care Hospitals,Government - Hospital District or Authority,true,3,0,0,0,0,4,0,0,4,450213,UNIVERSITY HEALTH SYSTEM,3,2285,23
450686,UNIVERSITY MEDICAL CENTER,602 INDIANA AVENUE,LUBBOCK,TX,South,79415,LUBBOCK,Acute Care Hospitals,Government - Hospital District or Authority,true,3,0,0,2,0,4,0,2,4,450686,UNIVERSITY MEDICAL CENTER,3,1210,13
450862,ST LUKE'S THE WOODLANDS HOSPITAL,17200 ST LUKE'S WAY,THE WOODLANDS,TX,South,77384,MONTGOMERY,Acute Care Hospitals,Voluntary non-profit - Private,true,4,0,0,0,0,1,0,0,1,450862,ST LUKE'S THE WOODLANDS HOSPITAL,3,552,13
460010,INTERMOUNTAIN MEDICAL CENTER,5121 SOUTH COTTONWOOD STREET,MURRAY,UT,West,84107,SALT LAKE,Acute Care Hospitals,Voluntary non-profit - Private,true,5,0,0,0,2,2,4,0,8,460010,INTERMOUNTAIN MEDICAL CENTER,4,1118,20
490043,INOVA LOUDOUN HOSPITAL,44045 RIVERSIDE PARKWAY,LEESBURG,VA,South,20176,LOUDOUN,Acute Care Hospitals,Voluntary non-profit - Private,true,5,0,0,1,2,1,0,1,3,490043,INOVA LOUDOUN HOSPITAL,3,722,20
490052,RIVERSIDE REGIONAL MEDICAL CENTER,500 J CLYDE MORRIS BLVD,NEWPORT NEWS,VA,South,23601,NEWPORT NEWS CITY,Acute Care Hospitals,Voluntary non-profit - Private,true,3,1,0,0,0,3,0,1,3,490052,RIVERSIDE REGIONAL MEDICAL CENTER,3,1141,19
490075,SOVAH HEALTH DANVILLE,142 SOUTH MAIN STREET,DANVILLE,VA,South,24541,DANVILLE CITY,Acute Care Hospitals,Proprietary,true,2,0,0,1,0,1,0,1,1,490075,SOVAH HEALTH DANVILLE,3,838,16
490077,SENTARA MARTHA JEFFERSON HOSPITAL,500 MARTHA JEFFERSON DRIVE,CHARLOTTESVILLE,VA,South,22911,ALBEMARLE,Acute Care Hospitals,Voluntary non-profit - Private,true,5,0,1,0,0,1,2,1,3,490077,SENTARA MARTHA JEFFERSON HOSPITAL,4,775,27
500003,SKAGIT VALLEY HOSPITAL,1415 KINCAID STREET,MOUNT VERNON,WA,West,98274,SKAGIT,Acute Care Hospitals,Government - Hospital District or Authority,true,3,1,0,1,0,1,1,2,2,500003,SKAGIT VALLEY HOSPITAL,4,577,19
500016,CONFLUENCE HEALTH HOSPITAL,1201 S MILLER STREET,WENATCHEE,WA,West,98807,CHELAN,Acute Care Hospitals,Voluntary non-profit - Private,true,4,0,0,1,0,2,3,1,5,500016,CONFLUENCE HEALTH HOSPITAL,4,357,25
500041,PEACEHEALTH ST JOHN MEDICAL CENTER,1615 DELAWARE STREET,LONGVIEW,WA,West,98632,COWLITZ,Acute Care Hospitals,Voluntary non-profit - Church,true,3,1,1,0,0,1,1,2,2,500041,PEACEHEALTH ST JOHN MEDICAL CENTER,3,408,21
500108,ST JOSEPH MEDICAL CENTER,1717 SOUTH J STREET,TACOMA,WA,West,98405,PIERCE,Acute Care Hospitals,Voluntary non-profit - Church,true,4,0,0,1,0,4,1,1,5,500108,ST JOSEPH MEDICAL CENTER,2,569,16
500124,EVERGREENHEALTH MEDICAL CENTER,12040 NE 128TH STREET,KIRKLAND,WA,West,98034,KING,Acute Care Hospitals,Government - Hospital District or Authority,true,5,0,0,0,0,2,1,0,3,500124,EVERGREENHEALTH MEDICAL CENTER,4,430,17
500150,LEGACY SALMON CREEK MEDICAL CENTER,2211 NE 139TH STREET,VANCOUVER,WA,West,98686,CLARK,Acute Care Hospitals,Voluntary non-profit - Private,true,4,0,0,1,0,1,0,1,1,500150,LEGACY SALMON CREEK MEDICAL CENTER,4,929,19
510006,"UNITED HOSPITAL CENTER, INC",327 MEDICAL PARK DRIVE,BRIDGEPORT,WV,South,26330,HARRISON,Acute Care Hospitals,Voluntary non-profit - Private,true,4,0,0,2,0,2,1,2,3,510006,"UNITED HOSPITAL CENTER, INC",3,743,20
520008,WAUKESHA MEMORIAL HOSPITAL,725 AMERICAN AVE,WAUKESHA,WI,Midwest,53188,WAUKESHA,Acute Care Hospitals,Voluntary non-profit - Private,true,5,0,0,0,0,2,1,0,3,520008,WAUKESHA MEMORIAL HOSPITAL,4,590,33
520051,ASCENSION COLUMBIA ST MARYS HOSPITAL MILWAUKEE,2323 N LAKE DR,MILWAUKEE,WI,Midwest,53211,MILWAUKEE,Acute Care Hospitals,Voluntary non-profit - Church,true,2,0,0,1,0,2,0,1,2,520051,ASCENSION COLUMBIA ST MARYS HOSPITAL MILWAUKEE,2,221,20
520136,ASCENSION SE WISCONSIN HOSPITAL,5000 W CHAMBERS ST,MILWAUKEE,WI,Midwest,53210,MILWAUKEE,Acute Care Hospitals,Voluntary non-profit - Church,true,4,0,0,0,0,1,1,0,2,520136,ASCENSION SE WISCONSIN HOSPITAL,3,227,20
520177,FROEDTERT MEMORIAL LUTHERAN HOSPITAL,9200 W WISCONSIN AVE,MILWAUKEE,WI,Midwest,53226,MILWAUKEE,Acute Care Hospitals,Voluntary non-profit - Private,true,4,0,0,2,1,4,0,2,5,520177,FROEDTERT MEMORIAL LUTHERAN HOSPITAL,4,2207,22
530014,CHEYENNE REGIONAL MEDICAL CENTER,214 EAST 23RD STREET,CHEYENNE,WY,West,82001,LARAMIE,Acute Care Hospitals,Voluntary non-profit - Other,true,3,0,0,0,0,0,0,0,0,530014,CHEYENNE REGIONAL MEDICAL CENTER,3,450,20
10001,SOUTHEAST HEALTH MEDICAL CENTER,1108 ROSS CLARK CIRCLE,DOTHAN,AL,South,36301,HOUSTON,Acute Care Hospitals,Government - Hospital District or Authority,true,4,0,0,0,0,3,0,0,3,10001,SOUTHEAST HEALTH MEDICAL CENTER,4,596,16
10023,BAPTIST MEDICAL CENTER SOUTH,2105 EAST SOUTH BOULEVARD,MONTGOMERY,AL,South,36116,MONTGOMERY,Acute Care Hospitals,Government - Hospital District or Authority,true,1,0,1,2,0,1,1,3,2,10023,BAPTIST MEDICAL CENTER SOUTH,3,1588,21
30012,YAVAPAI REGIONAL MEDICAL CENTER,1003 WILLOW CREEK ROAD,PRESCOTT,AZ,West,86301,YAVAPAI,Acute Care Hospitals,Voluntary non-profit - Private,true,2,1,1,1,0,3,0,3,3,30012,YAVAPAI REGIONAL MEDICAL CENTER,3,536,25
30023,FLAGSTAFF MEDICAL CENTER,1200 NORTH BEAVER STREET,FLAGSTAFF,AZ,West,86001,COCONINO,Acute Care Hospitals,Voluntary non-profit - Private,true,4,0,0,0,0,3,0,0,3,30023,FLAGSTAFF MEDICAL CENTER,3,718,19
40026,CHI ST. VINCENT HOSPITAL HOT SPRINGS,300 WERNER STREET,HOT SPRINGS,AR,South,71903,GARLAND,Acute Care Hospitals,Voluntary non-profit - Private,true,3,1,0,0,0,3,0,1,3,40026,CHI ST. VINCENT HOSPITAL HOT SPRINGS,3,642,20
40027,BAXTER HEALTH,624 HOSPITAL DRIVE,MOUNTAIN HOME,AR,South,72653,BAXTER,Acute Care Hospitals,Voluntary non-profit - Private,true,1,1,0,1,0,1,1,2,2,40027,BAXTER HEALTH,3,554,25
40062,MERCY HOSPITAL FORT SMITH,7301 ROGERS AVE,FORT SMITH,AR,South,72903,SEBASTIAN,Acute Care Hospitals,Voluntary non-profit - Private,true,3,1,0,0,0,2,0,1,2,40062,MERCY HOSPITAL FORT SMITH,3,467,20
40118,"BAPTIST MEMORIAL HOSPITAL JONESBORO, INC.",4800 EAST JOHNSON AVENUE,JONESBORO,AR,South,72405,CRAIGHEAD,Acute Care Hospitals,Voluntary non-profit - Private,true,2,0,1,2,0,2,0,3,2,40118,"BAPTIST MEMORIAL HOSPITAL JONESBORO, INC.",3,789,17
50006,PROVIDENCE ST JOSEPH HOSPITAL,2700 DOLBEER ST,EUREKA,CA,West,95501,HUMBOLDT,Acute Care Hospitals,Voluntary non-profit - Private,true,3,0,0,0,0,1,2,0,3,50006,PROVIDENCE ST JOSEPH HOSPITAL,3,450,17
50007,PENINSULA MEDICAL CENTER,1501 TROUSDALE DRIVE,BURLINGAME,CA,West,94010,SAN MATEO,Acute Care Hospitals,Voluntary non-profit - Private,true,5,0,0,0,1,4,1,0,6,50007,PENINSULA MEDICAL CENTER,4,578,25
50039,ENLOE HEALTH,1531 ESPLANADE,CHICO,CA,West,95926,BUTTE,Acute Care Hospitals,Voluntary non-profit - Private,true,2,0,0,4,1,2,0,4,3,50039,ENLOE HEALTH,3,975,13
50043,ALTA BATES SUMMIT MEDICAL CENTER,350 HAWTHORNE AVENUE,OAKLAND,CA,West,94609,ALAMEDA,Acute Care Hospitals,Voluntary non-profit - Private,true,5,0,0,0,1,4,2,0,7,50043,ALTA BATES SUMMIT MEDICAL CENTER,3,852,18
50057,KAWEAH HEALTH MEDICAL CENTER,400 W MINERAL KING AVE,VISALIA,CA,West,93291,TULARE,Acute Care Hospitals,Government - Hospital District or Authority,true,3,1,0,1,0,2,0,2,2,50057,KAWEAH HEALTH MEDICAL CENTER,3,426,22
50077,SCRIPPS MERCY HOSPITAL,4077 5TH AVE,SAN DIEGO,CA,West,92103,SAN DIEGO,Acute Care Hospitals,Voluntary non-profit - Private,true,3,0,0,1,1,1,1,1,3,50077,SCRIPPS MERCY HOSPITAL,3,2651,16
50082,ST JOHNS REGIONAL MEDICAL CENTER,1600 N ROSE AVE,OXNARD,CA,West,93030,VENTURA,Acute Care Hospitals,Voluntary non-profit - Private,true,3,0,0,1,1,1,0,1,2,50082,ST JOHNS REGIONAL MEDICAL CENTER,2,884,16
50107,MARIAN REGIONAL MEDICAL CENTER,1400 E CHURCH ST,SANTA MARIA,CA,West,93454,SANTA BARBARA,Acute Care Hospitals,Voluntary non-profit - Church,true,2,1,1,1,0,1,0,3,1,50107,MARIAN REGIONAL MEDICAL CENTER,3,769,17
50133,ADVENTIST HEALTH AND RIDEOUT,726 4TH ST,MARYSVILLE,CA,West,95901,YUBA,Acute Care Hospitals,Government - Federal,true,2,1,0,3,1,2,0,4,3,50133,ADVENTIST HEALTH AND RIDEOUT,2,530,13
50145,COMMUNITY HOSPITAL OF THE MONTEREY PENINSULA,23625 W R HOLMAN HIGHWAY,MONTEREY,CA,West,93940,MONTEREY,Acute Care Hospitals,Voluntary non-profit - Private,true,3,0,1,2,1,1,0,3,2,50145,COMMUNITY HOSPITAL OF THE MONTEREY PENINSULA,3,464,25
50168,PROVIDENCE ST. JUDE MEDICAL CENTER,101 E VALENCIA MESA DRIVE,FULLERTON,CA,West,92835,ORANGE,Acute Care Hospitals,Voluntary non-profit - Church,true,4,0,0,0,0,3,0,0,3,50168,PROVIDENCE ST. JUDE MEDICAL CENTER,3,452,20
50174,PROVIDENCE SANTA ROSA MEMORIAL HOSPITAL,1165 MONTGOMERY DR,SANTA ROSA,CA,West,95405,SONOMA,Acute Care Hospitals,Voluntary non-profit - Private,true,2,0,0,2,0,1,0,2,1,50174,PROVIDENCE SANTA ROSA MEMORIAL HOSPITAL,3,475,20
50195,WASHINGTON HOSPITAL,2000 MOWRY AVE,FREMONT,CA,West,94538,ALAMEDA,Acute Care Hospitals,Government - Hospital District or Authority,true,3,0,0,3,0,2,1,3,3,50195,WASHINGTON HOSPITAL,3,567,16
50231,POMONA VALLEY HOSPITAL MEDICAL CENTER,1798 N GAREY AVE,POMONA,CA,West,91767,LOS ANGELES,Acute Care Hospitals,Voluntary non-profit - Private,true,3,0,0,1,0,3,1,1,4,50231,POMONA VALLEY HOSPITAL MEDICAL CENTER,2,1794,12
50242,DOMINICAN HOSPITAL,1555 SOQUEL DRIVE,SANTA CRUZ,CA,West,95065,SANTA CRUZ,Acute Care Hospitals,Voluntary non-profit - Private,true,5,0,0,1,1,1,1,1,3,50242,DOMINICAN HOSPITAL,3,900,22
50280,MERCY MEDICAL CENTER REDDING,"2175 ROSALINE AVE, CLAIRMONT HGTS",REDDING,CA,West,96001,SHASTA,Acute Care Hospitals,Voluntary non-profit - Private,true,2,1,1,2,0,2,2,4,4,50280,MERCY MEDICAL CENTER REDDING,3,726,19
50290,SAINT JOHN'S HEALTH CENTER,2121 SANTA MONICA BLVD,SANTA MONICA,CA,West,90404,LOS ANGELES,Acute Care Hospitals,Voluntary non-profit - Private,true,4,0,0,1,3,2,1,1,6,50290,SAINT JOHN'S HEALTH CENTER,2,341,21
50360,MARINHEALTH MEDICAL CENTER,250 BON AIR ROAD,GREENBRAE,CA,West,94904,MARIN,Acute Care Hospitals,Government - Hospital District or Authority,true,4,0,0,0,2,1,2,0,5,50360,MARINHEALTH MEDICAL CENTER,3,1139,18
50367,NORTHBAY MEDICAL CENTER,1200 B  GALE WILSON BLVD,FAIRFIELD,CA,West,94533,SOLANO,Acute Care Hospitals,Voluntary non-profit - Private,true,3,0,0,0,0,2,0,0,2,50367,NORTHBAY MEDICAL CENTER,2,824,21
50394,COMMUNITY MEMORIAL HOSPITAL - VENTURA,147 NORTH BRENT STREET,VENTURA,CA,West,93003,VENTURA,Acute Care Hospitals,Voluntary non-profit - Private,true,4,0,0,0,0,1,0,0,1,50394,COMMUNITY MEMORIAL HOSPITAL - VENTURA,4,949,20
50496,JOHN MUIR MEDICAL CENTER - CONCORD CAMPUS,2540 EAST ST,CONCORD,CA,West,94520,CONTRA COSTA,Acute Care Hospitals,Voluntary non-profit - Private,true,4,0,2,0,1,1,2,2,4,50496,JOHN MUIR MEDICAL CENTER - CONCORD CAMPUS,3,482,21
50516,MERCY SAN JUAN MEDICAL CENTER,6501 COYLE AVE,CARMICHAEL,CA,West,95608,SACRAMENTO,Acute Care Hospitals,Voluntary non-profit - Private,true,3,0,0,1,0,4,0,1,4,50516,MERCY SAN JUAN MEDICAL CENTER,3,603,16
50557,MEMORIAL MEDICAL CENTER,1700 COFFEE RD,MODESTO,CA,West,95355,STANISLAUS,Acute Care Hospitals,Voluntary non-profit - Private,true,2,1,1,2,0,2,0,4,2,50557,MEMORIAL MEDICAL CENTER,3,686,17
50567,PROVIDENCE MISSION HOSPITAL,27700 MEDICAL CENTER RD,MISSION VIEJO,CA,West,92691,ORANGE,Acute Care Hospitals,Voluntary non-profit - Private,true,4,0,0,0,0,3,2,0,5,50567,PROVIDENCE MISSION HOSPITAL,3,435,22
60001,BANNER NORTH COLORADO MEDICAL CENTER,1801 16TH ST,GREELEY,CO,West,80631,WELD,Acute Care Hospitals,Voluntary non-profit - Private,true,4,0,1,0,0,2,0,1,2,60001,BANNER NORTH COLORADO MEDICAL CENTER,3,580,24
60023,INTERMOUNTAIN HEALTH ST. MARY'S REGIONAL HOSPITAL,2635 N 7TH ST,GRAND JUNCTION,CO,West,81501,MESA,Acute Care Hospitals,Voluntary non-profit - Church,true,4,0,0,0,0,1,3,0,4,60023,INTERMOUNTAIN HEALTH ST. MARY'S REGIONAL HOSPITAL,3,983,23
60119,MEDICAL CENTER OF THE ROCKIES,2500 ROCKY MOUNTAIN AVE,LOVELAND,CO,West,80538,LARIMER,Acute Care Hospitals,Voluntary non-profit - Private,true,4,0,0,0,0,1,1,0,2,60119,MEDICAL CENTER OF THE ROCKIES,4,2109,27
70028,ST VINCENT'S MEDICAL CENTER,2800 MAIN ST,BRIDGEPORT,CT,Northeast,6606,FAIRFIELD,Acute Care Hospitals,Voluntary non-profit - Private,true,3,0,0,0,0,2,0,0,2,70028,ST VINCENT'S MEDICAL CENTER,3,1008,20
80004,"BAYHEALTH MEDICAL CENTER, KENT CAMPUS",640 S STATE STREET,DOVER,DE,South,19901,KENT,Acute Care Hospitals,Voluntary non-profit - Private,true,2,0,1,3,0,3,0,4,3,80004,"BAYHEALTH MEDICAL CENTER, KENT CAMPUS",2,807,18
100012,LEE MEMORIAL HOSPITAL,2776 CLEVELAND AVE,FORT MYERS,FL,South,33901,LEE,Acute Care Hospitals,Government - Hospital District or Authority,true,4,0,0,2,1,4,1,2,6,100012,LEE MEMORIAL HOSPITAL,3,4117,40
100034,"MOUNT SINAI MEDICAL CENTER OF FLORIDA, INC",4300 ALTON RD,MIAMI BEACH,FL,South,33140,MIAMI-DADE,Acute Care Hospitals,Voluntary non-profit - Private,true,3,0,2,2,0,2,0,4,2,100034,"MOUNT SINAI MEDICAL CENTER OF FLORIDA, INC",3,4190,24
100038,MEMORIAL REGIONAL HOSPITAL,3501 JOHNSON ST,HOLLYWOOD,FL,South,33021,BROWARD,Acute Care Hospitals,Government - Hospital District or Authority,true,3,0,0,2,0,2,0,2,2,100038,MEMORIAL REGIONAL HOSPITAL,2,2775,14
100044,CLEVELAND CLINIC MARTIN NORTH HOSPITAL,200 SE HOSPITAL AVE,STUART,FL,South,34994,MARTIN,Acute Care Hospitals,Voluntary non-profit - Private,true,2,0,0,2,0,2,0,2,2,100044,CLEVELAND CLINIC MARTIN NORTH HOSPITAL,2,2309,19
100073,HOLY CROSS HOSPITAL,4725 N FEDERAL HWY,FT LAUDERDALE,FL,South,33308,BROWARD,Acute Care Hospitals,Voluntary non-profit - Church,true,4,0,0,0,0,4,0,0,4,100073,HOLY CROSS HOSPITAL,2,1049,24
100093,BAPTIST HOSPITAL,123 BAPTIST WAY,PENSACOLA,FL,South,32503,ESCAMBIA,Acute Care Hospitals,Voluntary non-profit - Private,true,4,0,0,0,0,3,1,0,4,100093,BAPTIST HOSPITAL,3,633,20
100105,CLEVELAND CLINIC INDIAN RIVER HOSPITAL,1000 36TH ST,VERO BEACH,FL,South,32960,INDIAN RIVER,Acute Care Hospitals,Voluntary non-profit - Private,true,4,0,0,0,0,1,2,0,3,100105,CLEVELAND CLINIC INDIAN RIVER HOSPITAL,2,1649,23
110007,PHOEBE PUTNEY MEMORIAL HOSPITAL,417 THIRD AVENUE,ALBANY,GA,South,31703,DOUGHERTY,Acute Care Hospitals,Government - Hospital District or Authority,true,2,1,1,2,0,3,0,4,3,110007,PHOEBE PUTNEY MEMORIAL HOSPITAL,2,806,12
110043,ST JOSEPH'S HOSPITAL - SAVANNAH,11705 MERCY BOULEVARD,SAVANNAH,GA,South,31419,CHATHAM,Acute Care Hospitals,Voluntary non-profit - Private,true,2,1,1,1,0,1,0,3,1,110043,ST JOSEPH'S HOSPITAL - SAVANNAH,3,589,23
110082,"SAINT JOSEPH'S HOSPITAL OF ATLANTA, INC",5665 PEACHTREE DUNWOODY ROAD,ATLANTA,GA,South,30342,FULTON,Acute Care Hospitals,Voluntary non-profit - Private,true,2,0,0,0,0,2,0,0,2,110082,"SAINT JOSEPH'S HOSPITAL OF ATLANTA, INC",3,425,20
110129,ST FRANCIS HOSPITAL- EMORY HEALTHCARE,2122 MANCHESTER EXPRESSWAY,COLUMBUS,GA,South,31995,MUSCOGEE,Acute Care Hospitals,Voluntary non-profit - Private,false,3,0,0,0,0,1,1,0,2,110129,ST FRANCIS HOSPITAL- EMORY HEALTHCARE,3,1054,15
120022,STRAUB CLINIC AND HOSPITAL,888 S KING STREET,HONOLULU,HI,West,96813,HONOLULU,Acute Care Hospitals,Proprietary,true,4,0,0,0,0,1,1,0,2,120022,STRAUB CLINIC AND HOSPITAL,4,491,33
130018,EASTERN IDAHO REGIONAL MEDICAL CENTER,3100 CHANNING WAY,IDAHO FALLS,ID,West,83404,BONNEVILLE,Acute Care Hospitals,Proprietary,true,3,0,0,0,0,1,2,0,3,130018,EASTERN IDAHO REGIONAL MEDICAL CENTER,3,510,23
130028,PORTNEUF MEDICAL CENTER,777 HOSPITAL WAY,POCATELLO,ID,West,83201,BANNOCK,Acute Care Hospitals,Proprietary,true,3,0,0,0,0,2,0,0,2,130028,PORTNEUF MEDICAL CENTER,3,335,20
130049,KOOTENAI HEALTH,2003 KOOTENAI HEALTH WAY,COEUR D'ALENE,ID,West,83814,KOOTENAI,Acute Care Hospitals,Government - Hospital District or Authority,true,4,1,1,0,1,3,3,2,7,130049,KOOTENAI HEALTH,3,2200,25
140007,SAINT JOSEPH MEDICAL CENTER,333 N MADISON ST,JOLIET,IL,Midwest,60435,WILL,Acute Care Hospitals,Voluntary non-profit - Church,true,1,0,0,3,0,1,0,3,1,140007,SAINT JOSEPH MEDICAL CENTER,2,942,28
140015,BLESSING HOSPITAL,1005 BROADWAY ST,QUINCY,IL,Midwest,62301,ADAMS,Acute Care Hospitals,Voluntary non-profit - Private,true,4,0,0,0,0,1,1,0,2,140015,BLESSING HOSPITAL,3,417,27
140062,PALOS COMMUNITY HOSPITAL,12251 SOUTH 80TH AVENUE,PALOS HEIGHTS,IL,Midwest,60463,COOK,Acute Care Hospitals,Voluntary non-profit - Private,true,3,0,1,0,2,2,0,1,4,140062,PALOS COMMUNITY HOSPITAL,3,914,24
140091,CARLE FOUNDATION HOSPITAL,611 WEST PARK STREET,URBANA,IL,Midwest,61801,CHAMPAIGN,Acute Care Hospitals,Voluntary non-profit - Private,true,3,0,0,2,0,2,0,2,2,140091,CARLE FOUNDATION HOSPITAL,2,422,21
140116,NORTHWESTERN MEDICINE MCHENRY,4201 MEDICAL CENTER DRIVE,MCHENRY,IL,Midwest,60050,MC HENRY,Acute Care Hospitals,Voluntary non-profit - Other,true,5,0,0,1,3,1,0,1,4,140116,NORTHWESTERN MEDICINE MCHENRY,4,1006,24
140164,MEMORIAL HOSPITAL OF CARBONDALE,405 W JACKSON,CARBONDALE,IL,Midwest,62901,JACKSON,Acute Care Hospitals,Voluntary non-profit - Private,true,2,0,0,2,0,2,0,2,2,140164,MEMORIAL HOSPITAL OF CARBONDALE,2,367,16
140187,HSHS ST ELIZABETH'S HOSPITAL,ONE ST ELIZABETH BOULEVARD,O FALLON,IL,Midwest,62269,ST. CLAIR,Acute Care Hospitals,Voluntary non-profit - Church,true,4,0,0,1,0,4,1,1,5,140187,HSHS ST ELIZABETH'S HOSPITAL,4,698,23
140233,SAINT ANTHONY MEDICAL CENTER,5666 EAST STATE STREET,ROCKFORD,IL,Midwest,61108,WINNEBAGO,Acute Care Hospitals,Voluntary non-profit - Church,true,2,0,0,0,0,2,0,0,2,140233,SAINT ANTHONY MEDICAL CENTER,3,1589,25
150035,NORTHWEST HEALTH - PORTER,85 EAST US HWY 6,VALPARAISO,IN,Midwest,46383,PORTER,Acute Care Hospitals,Proprietary,true,2,1,0,2,0,1,0,3,1,150035,NORTHWEST HEALTH - PORTER,2,895,21
150048,REID HEALTH,1100 REID PKWY,RICHMOND,IN,Midwest,47374,WAYNE,Acute Care Hospitals,Voluntary non-profit - Private,true,3,0,0,1,0,1,0,1,1,150048,REID HEALTH,3,1312,16
150074,COMMUNITY HOSPITAL EAST,1500 N RITTER AVE,INDIANAPOLIS,IN,Midwest,46219,MARION,Acute Care Hospitals,Voluntary non-profit - Private,true,3,2,0,1,0,2,0,3,2,150074,COMMUNITY HOSPITAL EAST,4,413,20
150082,DEACONESS HOSPITAL INC,600 MARY ST,EVANSVILLE,IN,Midwest,47747,VANDERBURGH,Acute Care Hospitals,Voluntary non-profit - Private,true,2,2,0,1,0,4,0,3,4,150082,DEACONESS HOSPITAL INC,3,1414,28
150089,INDIANA UNIVERSITY HEALTH BALL MEMORIAL HOSPITAL,2401 UNIVERSITY AVE,MUNCIE,IN,Midwest,47303,DELAWARE,Acute Care Hospitals,Voluntary non-profit - Private,true,3,0,1,1,1,1,0,2,2,150089,INDIANA UNIVERSITY HEALTH BALL MEMORIAL HOSPITAL,2,329,19
150100,ASCENSION ST VINCENT EVANSVILLE,3700 WASHINGTON AVE,EVANSVILLE,IN,Midwest,47750,VANDERBURGH,Acute Care Hospitals,Voluntary non-profit - Private,true,3,0,0,1,0,3,0,1,3,150100,ASCENSION ST VINCENT EVANSVILLE,3,185,23
150109,FRANCISCAN HEALTH LAFAYETTE,1701 S CREASY LN,LAFAYETTE,IN,Midwest,47905,TIPPECANOE,Acute Care Hospitals,Voluntary non-profit - Church,true,3,1,0,0,0,1,2,1,3,150109,FRANCISCAN HEALTH LAFAYETTE,4,407,21
150112,COLUMBUS REGIONAL HOSPITAL,2400 E 17TH ST,COLUMBUS,IN,Midwest,47201,BARTHOLOMEW,Acute Care Hospitals,Government - Local,true,4,0,1,0,0,0,1,1,1,150112,COLUMBUS REGIONAL HOSPITAL,3,1131,37
150173,INDIANA UNIVERSITY HEALTH ARNETT HOSPITAL,5165 MCCARTY LN,LAFAYETTE,IN,Midwest,47905,TIPPECANOE,Acute Care Hospitals,Voluntary non-profit - Private,true,4,0,0,0,0,1,1,0,2,150173,INDIANA UNIVERSITY HEALTH ARNETT HOSPITAL,3,407,22
160033,GENESIS MEDICAL CENTER-DAVENPORT,1227 EAST RUSHOLME STREET,DAVENPORT,IA,Midwest,52803,SCOTT,Acute Care Hospitals,Voluntary non-profit - Private,true,1,0,0,3,0,1,1,3,2,160033,GENESIS MEDICAL CENTER-DAVENPORT,2,1162,23
160045,ST LUKES HOSPITAL,1026 A AVE NE,CEDAR RAPIDS,IA,Midwest,52402,LINN,Acute Care Hospitals,Voluntary non-profit - Private,true,4,0,0,0,1,2,1,0,4,160045,ST LUKES HOSPITAL,4,533,24
160058,UNIVERSITY OF IOWA HOSPITAL & CLINICS,200 HAWKINS DRIVE,IOWA CITY,IA,Midwest,52242,JOHNSON,Acute Care Hospitals,Government - State,true,3,0,0,2,0,3,2,2,5,160058,UNIVERSITY OF IOWA HOSPITAL & CLINICS,3,2579,25
160064,MERCYONE NORTH IOWA MEDICAL CENTER,1000 FOURTH STREET SW,MASON CITY,IA,Midwest,50401,CERRO GORDO,Acute Care Hospitals,Voluntary non-profit - Private,true,3,0,0,2,0,2,0,2,2,160064,MERCYONE NORTH IOWA MEDICAL CENTER,3,1023,30
160079,MERCY MEDICAL CENTER - CEDAR RAPIDS,701 10TH STREET SE,CEDAR RAPIDS,IA,Midwest,52403,LINN,Acute Care Hospitals,Voluntary non-profit - Church,true,3,1,1,0,0,2,0,2,2,160079,MERCY MEDICAL CENTER - CEDAR RAPIDS,4,950,29
160110,ALLEN HOSPITAL,1825 LOGAN AVENUE,WATERLOO,IA,Midwest,50703,BLACK HAWK,Acute Care Hospitals,Voluntary non-profit - Private,true,3,1,0,0,0,1,0,1,1,160110,ALLEN HOSPITAL,3,423,24
170012,SALINA REGIONAL HEALTH CENTER,400 SOUTH SANTA FE AVENUE,SALINA,KS,Midwest,67401,SALINE,Acute Care Hospitals,Voluntary non-profit - Private,true,3,2,0,0,0,0,1,2,1,170012,SALINA REGIONAL HEALTH CENTER,3,693,26
170016,UNIVERSITY OF KANSAS HEALTH SYSTEM - ST FRANCIS CAMPUS,1700 SW 7TH STREET,TOPEKA,KS,Midwest,66606,SHAWNEE,Acute Care Hospitals,Voluntary non-profit - Church,true,2,0,0,1,0,0,1,1,1,170016,UNIVERSITY OF KANSAS HEALTH SYSTEM - ST FRANCIS CAMPUS,2,396,19
170020,HUTCHINSON REGIONAL MEDICAL CENTER INC,1701 E 23RD AVENUE,HUTCHINSON,KS,Midwest,67502,RENO,Acute Care Hospitals,Voluntary non-profit - Private,true,3,1,1,0,0,1,1,2,2,170020,HUTCHINSON REGIONAL MEDICAL CENTER INC,3,412,27
170049,UNIVERSITY OF KANSAS HEALTH SYSTEM OLATHE HOSPITAL,20333 WEST 151ST STREET,OLATHE,KS,Midwest,66061,JOHNSON,Acute Care Hospitals,Voluntary non-profit - Private,true,4,0,0,0,0,3,1,0,4,170049,UNIVERSITY OF KANSAS HEALTH SYSTEM OLATHE HOSPITAL,3,1554,23
170122,"ASCENSION VIA CHRISTI HOSPITALS WICHITA, INC.",929 NORTH ST FRANCIS STREET,WICHITA,KS,Midwest,67214,SEDGWICK,Acute Care Hospitals,Voluntary non-profit - Private,true,3,0,0,1,0,2,0,1,2,170122,"ASCENSION VIA CHRISTI HOSPITALS WICHITA, INC.",2,216,18
180009,KING'S DAUGHTERS' MEDICAL CENTER,2201 LEXINGTON AVENUE,ASHLAND,KY,South,41101,BOYD,Acute Care Hospitals,Voluntary non-profit - Private,true,3,1,0,1,0,1,1,2,2,180009,KING'S DAUGHTERS' MEDICAL CENTER,3,401,15
180038,OWENSBORO HEALTH REGIONAL HOSPITAL,1201 PLEASANT VALLEY ROAD,OWENSBORO,KY,South,42303,DAVIESS,Acute Care Hospitals,Voluntary non-profit - Private,true,2,1,0,0,0,2,1,1,3,180038,OWENSBORO HEALTH REGIONAL HOSPITAL,3,411,26
180102,MERCY HEALTH - LOURDES HOSPITAL,1530 LONE OAK ROAD,PADUCAH,KY,South,42003,MC CRACKEN,Acute Care Hospitals,Voluntary non-profit - Church,true,2,0,0,0,0,1,0,0,1,180102,MERCY HEALTH - LOURDES HOSPITAL,3,672,21
190041,CHRISTUS SHREVEPORT-BOSSIER HEALTH SYSTEM,1453 E BERT KOUNS INDUSTRIAL DRIVE,SHREVEPORT,LA,South,71105,CADDO,Acute Care Hospitals,Voluntary non-profit - Private,true,4,0,0,0,0,2,0,0,2,190041,CHRISTUS SHREVEPORT-BOSSIER HEALTH SYSTEM,3,429,19
200033,NORTHERN LIGHT EASTERN MAINE MEDICAL CENTER,489 STATE STREET,BANGOR,ME,Northeast,4401,PENOBSCOT,Acute Care Hospitals,Voluntary non-profit - Private,true,4,0,0,0,1,1,2,0,4,200033,NORTHERN LIGHT EASTERN MAINE MEDICAL CENTER,2,1626,25
210019,"TIDALHEALTH PENINSULA REGIONAL, INC",100 EAST CARROLL AVENUE,SALISBURY,MD,South,21801,WICOMICO,Acute Care Hospitals,Voluntary non-profit - Private,true,3,1,0,1,0,3,1,2,4,210019,"TIDALHEALTH PENINSULA REGIONAL, INC",3,574,20
210027,WESTERN MARYLAND REGIONAL MEDICAL CENTER,12500 WILLOWBROOK ROAD,CUMBERLAND,MD,South,21502,ALLEGANY,Acute Care Hospitals,Voluntary non-profit - Private,true,4,0,0,0,0,1,0,0,1,210027,WESTERN MARYLAND REGIONAL MEDICAL CENTER,3,536,24
220002,MOUNT AUBURN HOSPITAL,330 MOUNT AUBURN STREET,CAMBRIDGE,MA,Northeast,2138,MIDDLESEX,Acute Care Hospitals,Voluntary non-profit - Private,true,4,0,0,2,1,1,0,2,2,220002,MOUNT AUBURN HOSPITAL,3,1369,22
220012,CAPE COD HOSPITAL,27 PARK STREET,HYANNIS,MA,Northeast,2601,BARNSTABLE,Acute Care Hospitals,Voluntary non-profit - Private,true,3,0,0,2,0,0,0,2,0,220012,CAPE COD HOSPITAL,3,1162,31
220116,TUFTS MEDICAL CENTER,800 WASHINGTON STREET,BOSTON,MA,Northeast,2111,SUFFOLK,Acute Care Hospitals,Voluntary non-profit - Private,true,3,0,0,3,1,0,0,3,1,220116,TUFTS MEDICAL CENTER,4,478,20
220171,"LAHEY HOSPITAL & MEDICAL CENTER, BURLINGTON",41 & 45 MALL ROAD,BURLINGTON,MA,Northeast,1803,MIDDLESEX,Acute Care Hospitals,Voluntary non-profit - Private,true,5,0,0,0,2,2,1,0,5,220171,"LAHEY HOSPITAL & MEDICAL CENTER, BURLINGTON",3,1900,26
220176,ST VINCENT HOSPITAL,123 SUMMER STREET,WORCESTER,MA,Northeast,1608,WORCESTER,Acute Care Hospitals,Proprietary,true,2,0,0,1,0,1,0,1,1,220176,ST VINCENT HOSPITAL,2,1181,19
230041,MCLAREN BAY REGION,1900 COLUMBUS AVE,BAY CITY,MI,Midwest,48708,BAY,Acute Care Hospitals,Voluntary non-profit - Private,true,2,0,0,4,0,1,0,4,1,230041,MCLAREN BAY REGION,2,463,30
230047,HENRY FORD MACOMB HOSPITAL,15855 NINETEEN MILE RD,CLINTON TOWNSHIP,MI,Midwest,48038,MACOMB,Acute Care Hospitals,Voluntary non-profit - Private,true,3,0,0,2,0,2,0,2,2,230047,HENRY FORD MACOMB HOSPITAL,2,1077,27
230054,UPHS MARQUETTE DLP HOSPITAL,850 W BARAGA AVE,MARQUETTE,MI,Midwest,49855,MARQUETTE,Acute Care Hospitals,Government - Local,true,3,0,0,1,0,1,1,1,2,230054,UPHS MARQUETTE DLP HOSPITAL,3,1895,32
230070,COVENANT MEDICAL CENTER,1447 N HARRISON,SAGINAW,MI,Midwest,48602,SAGINAW,Acute Care Hospitals,Voluntary non-profit - Private,true,2,1,0,4,0,1,0,5,1,230070,COVENANT MEDICAL CENTER,3,1056,26
230092,HENRY FORD ALLEGIANCE HEALTH,205 N EAST AVE,JACKSON,MI,Midwest,49201,JACKSON,Acute Care Hospitals,Voluntary non-profit - Other,true,3,0,0,0,0,2,1,0,3,230092,HENRY FORD ALLEGIANCE HEALTH,3,1964,20
230105,MCLAREN NORTHERN MICHIGAN,416 CONNABLE AVE,PETOSKEY,MI,Midwest,49770,EMMET,Acute Care Hospitals,Voluntary non-profit - Other,true,4,0,0,0,0,1,0,0,1,230105,MCLAREN NORTHERN MICHIGAN,3,1257,29
230141,MCLAREN FLINT,401 S BALLENGER HIGHWAY,FLINT,MI,Midwest,48532,GENESEE,Acute Care Hospitals,Voluntary non-profit - Private,true,1,1,0,2,0,2,0,3,2,230141,MCLAREN FLINT,2,541,24
230216,MCLAREN PORT HURON,1221 PINE GROVE AVE,PORT HURON,MI,Midwest,48061,WAYNE,Acute Care Hospitals,Voluntary non-profit - Private,true,2,2,0,0,0,0,0,2,0,230216,MCLAREN PORT HURON,3,509,24
230222,MYMICHIGAN MEDICAL CENTER MIDLAND,4000 WELLNESS DRIVE,MIDLAND,MI,Midwest,48670,MIDLAND,Acute Care Hospitals,Voluntary non-profit - Other,false,4,0,1,0,0,2,0,1,2,230222,MYMICHIGAN MEDICAL CENTER MIDLAND,4,825,40
240047,ST LUKES HOSPITAL,915 EAST 1ST STREET,DULUTH,MN,Midwest,55805,ST. LOUIS,Acute Care Hospitals,Voluntary non-profit - Private,true,3,0,0,0,0,0,0,0,0,240047,ST LUKES HOSPITAL,3,528,28
250004,NORTH MISSISSIPPI MEDICAL CENTER,830 S GLOSTER STREET,TUPELO,MS,South,38801,LEE,Acute Care Hospitals,Voluntary non-profit - Private,true,2,2,1,1,0,1,1,4,2,250004,NORTH MISSISSIPPI MEDICAL CENTER,3,1010,16
250104,ANDERSON REGIONAL MEDICAL CENTER,2124 14TH STREET,MERIDIAN,MS,South,39301,LAUDERDALE,Acute Care Hospitals,Voluntary non-profit - Private,true,2,2,1,1,0,0,0,4,0,250104,ANDERSON REGIONAL MEDICAL CENTER,2,620,15
260006,MOSAIC LIFE CARE AT ST JOSEPH,5325 FARAON STREET,SAINT JOSEPH,MO,Midwest,64506,BUCHANAN,Acute Care Hospitals,Voluntary non-profit - Private,true,4,0,0,1,1,1,1,1,3,260006,MOSAIC LIFE CARE AT ST JOSEPH,3,1156,22
260077,MERCY HOSPITAL SOUTH,10010 KENNERLY ROAD,SAINT LOUIS,MO,Midwest,63128,ST. LOUIS,Acute Care Hospitals,Voluntary non-profit - Private,true,3,0,0,1,0,2,1,1,3,260077,MERCY HOSPITAL SOUTH,2,1036,20
260095,CENTERPOINT MEDICAL CENTER,19600 EAST 39TH STREET,INDEPENDENCE,MO,Midwest,64057,JACKSON,Acute Care Hospitals,Proprietary,true,3,0,0,1,0,2,0,1,2,260095,CENTERPOINT MEDICAL CENTER,2,585,19
260110,MERCY HOSPITAL SOUTHEAST,1701 LACEY ST,CAPE GIRARDEAU,MO,Midwest,63701,CAPE GIRARDEAU,Acute Care Hospitals,Voluntary non-profit - Private,true,2,1,0,1,0,1,0,2,1,260110,MERCY HOSPITAL SOUTHEAST,3,1101,22
260183,SAINT FRANCIS MEDICAL CENTER,211 ST FRANCIS DR,CAPE GIRARDEAU,MO,Midwest,63703,CAPE GIRARDEAU,Acute Care Hospitals,Voluntary non-profit - Private,true,2,2,0,1,0,1,2,3,3,260183,SAINT FRANCIS MEDICAL CENTER,3,330,22
270014,ST. PATRICK HOSPITAL,500 W BROADWAY,MISSOULA,MT,West,59802,MISSOULA,Acute Care Hospitals,Voluntary non-profit - Church,true,5,0,0,0,0,2,0,0,2,270014,ST. PATRICK HOSPITAL,4,411,35
270051,LOGAN HEALTH MEDICAL CENTER,310 SUNNYVIEW LANE,KALISPELL,MT,West,59901,FLATHEAD,Acute Care Hospitals,Voluntary non-profit - Private,true,4,1,0,0,0,1,2,1,3,270051,LOGAN HEALTH MEDICAL CENTER,3,572,22
290009,SAINT MARY'S REGIONAL MEDICAL CENTER,235 W 6TH ST,RENO,NV,West,89503,WASHOE,Acute Care Hospitals,Proprietary,true,3,0,0,1,0,1,0,1,1,290009,SAINT MARY'S REGIONAL MEDICAL CENTER,3,512,27
290019,CARSON TAHOE REGIONAL MEDICAL CENTER,1600 MEDICAL PARKWAY,CARSON CITY,NV,West,89703,CARSON CITY,Acute Care Hospitals,Voluntary non-profit - Private,true,3,1,0,0,0,0,1,1,1,290019,CARSON TAHOE REGIONAL MEDICAL CENTER,3,1222,35
300001,CONCORD HOSPITAL,250 PLEASANT ST,CONCORD,NH,Northeast,3301,MERRIMACK,Acute Care Hospitals,Voluntary non-profit - Private,false,3,1,0,0,0,0,0,1,0,300001,CONCORD HOSPITAL,3,441,25
300029,PORTSMOUTH REGIONAL HOSPITAL,333 BORTHWICK AVE,PORTSMOUTH,NH,Northeast,3801,ROCKINGHAM,Acute Care Hospitals,Proprietary,true,3,0,0,1,0,2,0,1,2,300029,PORTSMOUTH REGIONAL HOSPITAL,3,566,24
300034,CATHOLIC MEDICAL CENTER,100 MCGREGOR STREET,MANCHESTER,NH,Northeast,3102,HILLSBOROUGH,Acute Care Hospitals,Voluntary non-profit - Private,true,3,0,0,1,2,0,0,1,2,300034,CATHOLIC MEDICAL CENTER,4,758,25
310045,ENGLEWOOD HOSPITAL AND MEDICAL CENTER,350 ENGLE ST,ENGLEWOOD,NJ,Northeast,7631,BERGEN,Acute Care Hospitals,Voluntary non-profit - Private,true,4,0,0,3,0,2,0,3,2,310045,ENGLEWOOD HOSPITAL AND MEDICAL CENTER,3,1582,22
330106,NORTH SHORE UNIVERSITY HOSPITAL,300 COMMUNITY DRIVE,MANHASSET,NY,Northeast,11030,NASSAU,Acute Care Hospitals,Voluntary non-profit - Private,true,4,0,0,2,3,3,0,2,6,330106,NORTH SHORE UNIVERSITY HOSPITAL,3,576,18
330136,BASSETT HEALTHCARE,ONE ATWELL ROAD,COOPERSTOWN,NY,Northeast,13326,OTSEGO,Acute Care Hospitals,Voluntary non-profit - Private,true,2,0,1,0,0,2,0,1,2,330136,BASSETT HEALTHCARE,3,1043,23
330153,ELLIS HOSPITAL,1101 NOTT STREET,SCHENECTADY,NY,Northeast,12308,SCHENECTADY,Acute Care Hospitals,Voluntary non-profit - Private,true,3,0,1,1,0,3,1,2,4,330153,ELLIS HOSPITAL,2,1566,21
330158,GOOD SAMARITAN HOSPITAL OF SUFFERN,255 LAFAYETTE AVENUE,SUFFERN,NY,Northeast,10901,ROCKLAND,Acute Care Hospitals,Voluntary non-profit - Private,true,2,0,0,2,0,1,0,2,1,330158,GOOD SAMARITAN HOSPITAL OF SUFFERN,2,949,19
330182,ST FRANCIS HOSPITAL - THE HEART CENTER,100 PORT WASHINGTON BOULEVARD,ROSLYN,NY,Northeast,11576,NASSAU,Acute Care Hospitals,Voluntary non-profit - Church,true,5,0,1,2,4,3,0,3,7,330182,ST FRANCIS HOSPITAL - THE HEART CENTER,4,2637,31
330241,UNIVERSITY HOSPITAL S U N Y HEALTH SCIENCE CENTER,750 EAST ADAMS STREET,SYRACUSE,NY,Northeast,13210,ONONDAGA,Acute Care Hospitals,Government - State,true,2,0,2,3,1,2,0,5,3,330241,UNIVERSITY HOSPITAL S U N Y HEALTH SCIENCE CENTER,3,561,23
330394,"UNITED HEALTH SERVICES HOSPITALS, INC",10-42 MITCHELL AVENUE,BINGHAMTON,NY,Northeast,13903,BROOME,Acute Care Hospitals,Voluntary non-profit - Private,true,2,2,1,1,0,1,0,4,1,330394,"UNITED HEALTH SERVICES HOSPITALS, INC",3,1534,22
340001,CAROLINAS MEDICAL CENTER-NORTHEAST,920 CHURCH ST N,CONCORD,NC,South,28025,CABARRUS,Acute Care Hospitals,Government - Hospital District or Authority,true,3,0,0,0,1,2,0,0,3,340001,CAROLINAS MEDICAL CENTER-NORTHEAST,3,1192,18
340032,CAROMONT REGIONAL MEDICAL CENTER,2525 COURT DR,GASTONIA,NC,South,28052,GASTON,Acute Care Hospitals,Voluntary non-profit - Private,true,4,0,0,1,0,3,0,1,3,340032,CAROMONT REGIONAL MEDICAL CENTER,2,1364,17
340091,"MOSES H. CONE MEMORIAL HOSPITAL, THE",1200 N ELM ST,GREENSBORO,NC,South,27401,GUILFORD,Acute Care Hospitals,Voluntary non-profit - Private,true,4,0,1,0,0,3,1,1,4,340091,"MOSES H. CONE MEMORIAL HOSPITAL, THE",3,763,18
340131,CAROLINA EAST MEDICAL CENTER,2000 NEUSE BLVD,NEW BERN,NC,South,28560,CRAVEN,Acute Care Hospitals,Government - Hospital District or Authority,true,3,0,0,0,0,1,1,0,2,340131,CAROLINA EAST MEDICAL CENTER,3,1046,24
340155,DUKE REGIONAL HOSPITAL,3643 N ROXBORO STREET,DURHAM,NC,South,27704,DURHAM,Acute Care Hospitals,Government - Local,true,4,0,0,0,0,1,1,0,2,340155,DUKE REGIONAL HOSPITAL,3,481,14
350002,CHI ST ALEXIUS HEALTH,900 E BROADWAY,BISMARCK,ND,Midwest,58501,BURLEIGH,Acute Care Hospitals,Voluntary non-profit - Church,true,2,0,0,0,0,0,2,0,2,350002,CHI ST ALEXIUS HEALTH,4,676,29
350011,SANFORD MEDICAL CENTER FARGO,801 BROADWAY NORTH,FARGO,ND,Midwest,58122,CASS,Acute Care Hospitals,Voluntary non-profit - Private,true,4,0,0,1,1,3,3,1,7,350011,SANFORD MEDICAL CENTER FARGO,3,443,28
350019,ALTRU HOSPITAL,1200 S  COLUMBIA RD,GRAND FORKS,ND,Midwest,58201,GRAND FORKS,Acute Care Hospitals,Government - Local,true,3,0,0,0,0,2,0,0,2,350019,ALTRU HOSPITAL,2,814,23
350070,ESSENTIA HEALTH,3000 32ND AVE SOUTH,FARGO,ND,Midwest,58104,CASS,Acute Care Hospitals,Voluntary non-profit - Private,true,4,0,0,0,0,2,0,0,2,350070,ESSENTIA HEALTH,3,578,25
360008,SOUTHERN OHIO MEDICAL CENTER,1805 27TH STREET,PORTSMOUTH,OH,Midwest,45662,SCIOTO,Acute Care Hospitals,Voluntary non-profit - Other,true,4,1,0,0,0,1,0,1,1,360008,SOUTHERN OHIO MEDICAL CENTER,4,568,17
360027,AKRON GENERAL MEDICAL CENTER,1 AKRON GENERAL AVENUE,AKRON,OH,Midwest,44307,SUMMIT,Acute Care Hospitals,Voluntary non-profit - Private,true,3,0,1,1,1,4,1,2,6,360027,AKRON GENERAL MEDICAL CENTER,3,2424,19
360041,PARMA COMMUNITY GENERAL HOSPITAL,7007 POWERS BOULEVARD,PARMA,OH,Midwest,44129,CUYAHOGA,Acute Care Hospitals,Voluntary non-profit - Private,false,4,0,0,0,0,1,0,0,1,360041,PARMA COMMUNITY GENERAL HOSPITAL,3,1668,29
360066,MERCY HEALTH-ST RITA'S MEDICAL CENTER,730 WEST MARKET STREET,LIMA,OH,Midwest,45801,ALLEN,Acute Care Hospitals,Voluntary non-profit - Private,true,4,0,0,0,0,1,1,0,2,360066,MERCY HEALTH-ST RITA'S MEDICAL CENTER,3,954,25
360072,FAIRFIELD MEDICAL CENTER,401 NORTH EWING STREET,LANCASTER,OH,Midwest,43130,FAIRFIELD,Acute Care Hospitals,Voluntary non-profit - Other,true,2,0,1,1,0,1,0,2,1,360072,FAIRFIELD MEDICAL CENTER,3,604,24
360077,FAIRVIEW HOSPITAL,18101 LORAIN AVENUE,CLEVELAND,OH,Midwest,44111,CUYAHOGA,Acute Care Hospitals,Voluntary non-profit - Private,true,5,0,0,1,4,2,0,1,6,360077,FAIRVIEW HOSPITAL,4,2008,18
360095,BLANCHARD VALLEY HOSPITAL,1900 SOUTH MAIN STREET,FINDLAY,OH,Midwest,45840,HANCOCK,Acute Care Hospitals,Voluntary non-profit - Other,false,3,1,0,1,0,1,2,2,3,360095,BLANCHARD VALLEY HOSPITAL,4,534,27
360155,SOUTHWEST GENERAL HEALTH CENTER,18697 BAGLEY ROAD,MIDDLEBURG HEIGHTS,OH,Midwest,44130,CUYAHOGA,Acute Care Hospitals,Voluntary non-profit - Private,true,4,0,1,1,1,1,1,2,3,360155,SOUTHWEST GENERAL HEALTH CENTER,3,1280,25
360179,BETHESDA NORTH,10500 MONTGOMERY ROAD,CINCINNATI,OH,Midwest,45242,HAMILTON,Acute Care Hospitals,Voluntary non-profit - Church,true,3,0,0,1,0,2,0,1,2,360179,BETHESDA NORTH,3,1571,23
360211,TRINITY MEDICAL CTR EAST &TRINITY MEDICAL CTR WEST,380 SUMMIT AVENUE,STEUBENVILLE,OH,Midwest,43952,JEFFERSON,Acute Care Hospitals,Voluntary non-profit - Other,true,2,0,0,0,0,2,1,0,3,360211,TRINITY MEDICAL CTR EAST &TRINITY MEDICAL CTR WEST,2,673,21
360230,HILLCREST HOSPITAL,6780 MAYFIELD ROAD,MAYFIELD HEIGHTS,OH,Midwest,44124,CUYAHOGA,Acute Care Hospitals,Voluntary non-profit - Private,false,5,0,0,0,3,3,0,0,6,360230,HILLCREST HOSPITAL,3,2088,21
370037,SSM HEALTH ST ANTHONY HOSPITAL - OKLAHOMA CITY,1000 NORTH LEE AVENUE,OKLAHOMA CITY,OK,South,73101,OKLAHOMA,Acute Care Hospitals,Voluntary non-profit - Church,true,3,0,2,2,0,1,1,4,2,370037,SSM HEALTH ST ANTHONY HOSPITAL - OKLAHOMA CITY,3,1209,15
370056,COMANCHE COUNTY MEMORIAL HOSPITAL,3401 WEST GORE BLVD,LAWTON,OK,South,73505,COMANCHE,Acute Care Hospitals,Government - Hospital District or Authority,true,1,0,2,4,0,1,0,6,1,370056,COMANCHE COUNTY MEMORIAL HOSPITAL,2,600,15
380014,GOOD SAMARITAN REGIONAL MEDICAL CENTER,3600 NW SAMARITAN DRIVE,CORVALLIS,OR,West,97339,BENTON,Acute Care Hospitals,Voluntary non-profit - Private,true,3,1,0,0,0,1,0,1,1,380014,GOOD SAMARITAN REGIONAL MEDICAL CENTER,3,758,25
390001,GEISINGER-COMMUNITY MEDICAL CENTER,1822 MULBERRY STREET,SCRANTON,PA,Northeast,18510,LACKAWANNA,Acute Care Hospitals,Voluntary non-profit - Private,true,3,0,0,1,0,1,0,1,1,390001,GEISINGER-COMMUNITY MEDICAL CENTER,2,1449,23
390036,HERITAGE VALLEY BEAVER,1000 DUTCH RIDGE ROAD,BEAVER,PA,Northeast,15009,BEAVER,Acute Care Hospitals,Voluntary non-profit - Private,true,3,0,0,1,0,0,1,1,1,390036,HERITAGE VALLEY BEAVER,3,1163,24
390045,UPMC WILLIAMSPORT,700 HIGH STREET,WILLIAMSPORT,PA,Northeast,17701,LYCOMING,Acute Care Hospitals,Voluntary non-profit - Private,true,3,0,1,1,0,1,0,2,1,390045,UPMC WILLIAMSPORT,4,541,29
390050,ALLEGHENY GENERAL HOSPITAL,320 EAST NORTH AVENUE,PITTSBURGH,PA,Northeast,15212,ALLEGHENY,Acute Care Hospitals,Voluntary non-profit - Private,true,2,0,0,1,0,2,1,1,3,390050,ALLEGHENY GENERAL HOSPITAL,3,579,28
390073,UPMC ALTOONA,620 HOWARD AVENUE,ALTOONA,PA,Northeast,16601,BLAIR,Acute Care Hospitals,Voluntary non-profit - Private,true,2,0,0,0,0,1,1,0,2,390073,UPMC ALTOONA,2,639,25
390079,ROBERT PACKER HOSPITAL,ONE GUTHRIE SQUARE,SAYRE,PA,Northeast,18840,BRADFORD,Acute Care Hospitals,Voluntary non-profit - Private,true,2,0,0,1,0,2,0,1,2,390079,ROBERT PACKER HOSPITAL,3,509,26
390086,PENN HIGHLANDS DUBOIS,100 HOSPITAL AVENUE,DUBOIS,PA,Northeast,15801,CLEARFIELD,Acute Care Hospitals,Voluntary non-profit - Private,true,1,1,0,0,0,1,0,1,1,390086,PENN HIGHLANDS DUBOIS,2,1581,26
390107,UPMC PASSAVANT,9100 BABCOCK BOULEVARD,PITTSBURGH,PA,Northeast,15237,ALLEGHENY,Acute Care Hospitals,Voluntary non-profit - Private,true,4,1,0,0,0,3,1,1,4,390107,UPMC PASSAVANT,4,673,36
390115,JEFFERSON HEALTH- NORTHEAST,10800 KNIGHTS ROAD,PHILADELPHIA,PA,Northeast,19114,PHILADELPHIA,Acute Care Hospitals,Voluntary non-profit - Private,true,1,0,0,3,0,1,0,3,1,390115,JEFFERSON HEALTH- NORTHEAST,2,2085,17
390137,WILKES-BARRE GENERAL HOSPITAL,575 NORTH RIVER STREET,WILKES-BARRE,PA,Northeast,18764,LUZERNE,Acute Care Hospitals,Proprietary,true,1,1,1,1,0,0,0,3,0,390137,WILKES-BARRE GENERAL HOSPITAL,2,714,29
390164,UPMC PRESBYTERIAN SHADYSIDE,200 LOTHROP STREET,PITTSBURGH,PA,Northeast,15213,ALLEGHENY,Acute Care Hospitals,Voluntary non-profit - Private,true,4,0,1,2,1,2,2,3,5,390164,UPMC PRESBYTERIAN SHADYSIDE,3,1411,26
390168,INDEPENDENCE HEALTH SYSTEM BUTLER MEMORIAL HOSPITA,ONE HOSPITAL WAY,BUTLER,PA,Northeast,16001,BUTLER,Acute Care Hospitals,Voluntary non-profit - Private,true,2,0,0,1,0,2,0,1,2,390168,INDEPENDENCE HEALTH SYSTEM BUTLER MEMORIAL HOSPITA,4,743,34
390201,LEHIGH VALLEY HOSPITAL - POCONO,206 EAST BROWN STREET,EAST STROUDSBURG,PA,Northeast,18301,MONROE,Acute Care Hospitals,Voluntary non-profit - Private,true,3,0,0,1,0,1,0,1,1,390201,LEHIGH VALLEY HOSPITAL - POCONO,3,339,20
390203,DOYLESTOWN HOSPITAL,595 WEST STATE ST,DOYLESTOWN,PA,Northeast,18901,BUCKS,Acute Care Hospitals,Voluntary non-profit - Private,true,4,0,0,1,0,3,1,1,4,390203,DOYLESTOWN HOSPITAL,4,782,30
390223,PENN PRESBYTERIAN MEDICAL CENTER,51 NORTH 39TH STREET,PHILADELPHIA,PA,Northeast,19104,PHILADELPHIA,Acute Care Hospitals,Voluntary non-profit - Other,true,5,0,0,1,2,2,0,1,4,390223,PENN PRESBYTERIAN MEDICAL CENTER,3,407,22
390228,ST CLAIR HOSPITAL,1000 BOWER HILL ROAD,PITTSBURGH,PA,Northeast,15243,ALLEGHENY,Acute Care Hospitals,Voluntary non-profit - Private,true,4,0,0,0,0,3,1,0,4,390228,ST CLAIR HOSPITAL,4,420,32
390258,ST MARY MEDICAL CENTER,LANGHORNE-NEWTOWN RD,LANGHORNE,PA,Northeast,19047,BUCKS,Acute Care Hospitals,Voluntary non-profit - Private,true,2,0,0,1,0,0,0,1,0,390258,ST MARY MEDICAL CENTER,2,470,23
390265,JEFFERSON HOSPITAL,565 COAL VALLEY ROAD,JEFFERSON HILLS,PA,Northeast,15025,ALLEGHENY,Acute Care Hospitals,Voluntary non-profit - Private,true,3,0,0,0,0,2,0,0,2,390265,JEFFERSON HOSPITAL,4,600,27
390270,GEISINGER WYOMING VALLEY MEDICAL CENTER,1000 EAST MOUNTAIN BOULEVARD,WILKES BARRE,PA,Northeast,18711,LUZERNE,Acute Care Hospitals,Voluntary non-profit - Private,true,4,0,0,0,1,2,0,0,3,390270,GEISINGER WYOMING VALLEY MEDICAL CENTER,2,1735,21
410007,RHODE ISLAND HOSPITAL,593 EDDY STREET,PROVIDENCE,RI,Northeast,2902,PROVIDENCE,Acute Care Hospitals,Voluntary non-profit - Private,true,3,0,0,1,0,1,1,1,2,410007,RHODE ISLAND HOSPITAL,3,405,21
420007,SPARTANBURG MEDICAL CENTER,101 E WOOD ST,SPARTANBURG,SC,South,29303,SPARTANBURG,Acute Care Hospitals,Government - Hospital District or Authority,true,2,3,0,2,0,2,0,5,2,420007,SPARTANBURG MEDICAL CENTER,3,848,20
420051,MCLEOD REGIONAL MEDICAL CENTER-PEE DEE,555 E CHEVES ST BOX 8700,FLORENCE,SC,South,29506,FLORENCE,Acute Care Hospitals,Voluntary non-profit - Private,true,3,1,1,2,0,2,1,4,3,420051,MCLEOD REGIONAL MEDICAL CENTER-PEE DEE,3,1015,17
440059,COOKEVILLE REGIONAL MEDICAL CENTER,1 MEDICAL CENTER BOULEVARD,COOKEVILLE,TN,South,38501,PUTNAM,Acute Care Hospitals,Government - Local,true,2,0,0,2,0,1,0,2,1,440059,COOKEVILLE REGIONAL MEDICAL CENTER,3,720,20
450010,UNITED REGIONAL HEALTH CARE SYSTEM,1600 11TH STREET,WICHITA FALLS,TX,South,76301,WICHITA,Acute Care Hospitals,Voluntary non-profit - Private,true,3,1,0,0,0,2,0,1,2,450010,UNITED REGIONAL HEALTH CARE SYSTEM,4,552,21
450011,CHI ST JOSEPH HEALTH REGIONAL HOSPITAL,2801 FRANCISCAN DR,BRYAN,TX,South,77802,BRAZOS,Acute Care Hospitals,Voluntary non-profit - Private,true,3,0,0,1,0,2,1,1,3,450011,CHI ST JOSEPH HEALTH REGIONAL HOSPITAL,3,1236,13
450083,UT HEALTH EAST TEXAS TYLER REGIONAL HOSPITAL,1000 SOUTH BECKHAM AVE,TYLER,TX,South,75701,SMITH,Acute Care Hospitals,Proprietary,true,1,2,0,4,0,1,0,6,1,450083,UT HEALTH EAST TEXAS TYLER REGIONAL HOSPITAL,2,944,17
460004,MCKAY-DEE HOSPITAL,4401 HARRISON BOULEVARD,OGDEN,UT,West,84403,WEBER,Acute Care Hospitals,Voluntary non-profit - Private,true,5,0,0,0,0,2,4,0,6,460004,MCKAY-DEE HOSPITAL,4,991,22
490004,SENTARA RMH MEDICAL CENTER,2010 HEALTH CAMPUS DRIVE,HARRISONBURG,VA,South,22801,HARRISONBURG CITY,Acute Care Hospitals,Voluntary non-profit - Private,true,4,0,0,0,1,1,0,0,2,490004,SENTARA RMH MEDICAL CENTER,3,571,23
490005,WINCHESTER MEDICAL CENTER,1840 AMHERST ST,WINCHESTER,VA,South,22601,WINCHESTER CITY,Acute Care Hospitals,Voluntary non-profit - Private,true,4,1,0,2,0,2,0,3,2,490005,WINCHESTER MEDICAL CENTER,3,1022,23
490017,BON SECOURS MARYVIEW MEDICAL CENTER,3636 HIGH STREET,PORTSMOUTH,VA,South,23707,PORTSMOUTH CITY,Acute Care Hospitals,Voluntary non-profit - Private,true,3,1,0,0,0,3,0,1,3,490017,BON SECOURS MARYVIEW MEDICAL CENTER,3,665,16
490022,MARY WASHINGTON HOSPITAL,1001 SAM PERRY BOULEVARD,FREDERICKSBURG,VA,South,22401,FREDERICKSBURG CITY,Acute Care Hospitals,Voluntary non-profit - Private,true,2,0,1,4,0,2,0,5,2,490022,MARY WASHINGTON HOSPITAL,2,2096,19
490048,LEWISGALE MEDICAL CENTER,1900 ELECTRIC ROAD,SALEM,VA,South,24153,SALEM CITY,Acute Care Hospitals,Proprietary,true,2,0,0,2,0,1,0,2,1,490048,LEWISGALE MEDICAL CENTER,2,566,20
490069,BON SECOURS MEMORIAL REGIONAL MEDICAL CENTER,8260 ATLEE ROAD,MECHANICSVILLE,VA,South,23116,HANOVER,Acute Care Hospitals,Voluntary non-profit - Church,true,4,0,0,0,0,1,1,0,2,490069,BON SECOURS MEMORIAL REGIONAL MEDICAL CENTER,3,1319,21
500030,ST JOSEPH HOSPITAL,2901 SQUALICUM PARKWAY,BELLINGHAM,WA,West,98225,WHATCOM,Acute Care Hospitals,Voluntary non-profit - Other,true,4,0,0,1,0,2,1,1,3,500030,ST JOSEPH HOSPITAL,3,534,24
500039,HARRISON MEDICAL CENTER,1800 NW MYHRE RD,SILVERDALE,WA,West,98383,KITSAP,Acute Care Hospitals,Voluntary non-profit - Private,true,4,1,0,0,0,2,1,1,3,500039,HARRISON MEDICAL CENTER,3,759,23
500044,DEACONESS MEDICAL CENTER,W 800 FIFTH AVENUE,SPOKANE,WA,West,99210,SPOKANE,Acute Care Hospitals,Voluntary non-profit - Private,true,3,0,0,0,0,3,1,0,4,500044,DEACONESS MEDICAL CENTER,3,1818,23
500050,PEACEHEALTH SOUTHWEST MEDICAL CENTER,400 NE MOTHER JOSEPH PLACE,VANCOUVER,WA,West,98664,CLARK,Acute Care Hospitals,Voluntary non-profit - Private,true,4,0,0,0,1,3,1,0,5,500050,PEACEHEALTH SOUTHWEST MEDICAL CENTER,2,623,22
500051,OVERLAKE HOSPITAL MEDICAL CENTER,1035-116TH AVE NE,BELLEVUE,WA,West,98004,KING,Acute Care Hospitals,Voluntary non-profit - Other,true,3,0,2,1,0,1,1,3,2,500051,OVERLAKE HOSPITAL MEDICAL CENTER,3,667,22
510007,ST MARYS MEDICAL CENTER,2900 1ST AVENUE,HUNTINGTON,WV,South,25702,CABELL,Acute Care Hospitals,Voluntary non-profit - Church,true,2,1,1,2,0,2,0,4,2,510007,ST MARYS MEDICAL CENTER,3,489,21
510024,MON HEALTH MEDICAL CENTER,1200 JD ANDERSON DRIVE,MORGANTOWN,WV,South,26505,MONONGALIA,Acute Care Hospitals,Voluntary non-profit - Private,true,4,0,0,0,0,0,1,0,1,510024,MON HEALTH MEDICAL CENTER,4,1291,22
510050,"WHEELING HOSPITAL, INC",1 MEDICAL PARK,WHEELING,WV,South,26003,OHIO,Acute Care Hospitals,Voluntary non-profit - Church,true,1,1,0,3,0,0,0,4,0,510050,"WHEELING HOSPITAL, INC",3,1615,23
520009,ASCENSION NE WISCONSIN - ST ELIZABETH CAMPUS,1506 S ONEIDA ST,APPLETON,WI,Midwest,54915,OUTAGAMIE,Acute Care Hospitals,Voluntary non-profit - Private,true,4,0,0,0,0,1,1,0,2,520009,ASCENSION NE WISCONSIN - ST ELIZABETH CAMPUS,4,285,37
520030,ASPIRUS WAUSAU HOSPITAL,333 PINE RIDGE BLVD,WAUSAU,WI,Midwest,54401,MARATHON,Acute Care Hospitals,Proprietary,true,4,0,1,0,0,1,1,1,2,520030,ASPIRUS WAUSAU HOSPITAL,4,1029,20
520037,MARSHFIELD MEDICAL CENTER,611 ST JOSEPH AVE,MARSHFIELD,WI,Midwest,54449,WOOD,Acute Care Hospitals,Voluntary non-profit - Church,true,2,0,1,0,0,2,0,1,2,520037,MARSHFIELD MEDICAL CENTER,3,2688,31
520066,MERCY HEALTH SYSTEM CORP,1000 MINERAL POINT AVE,JANESVILLE,WI,Midwest,53547,ROCK,Acute Care Hospitals,Voluntary non-profit - Private,true,3,0,0,2,0,1,0,2,1,520066,MERCY HEALTH SYSTEM CORP,3,348,24
520070,MAYO CLINIC HEALTH SYSTEM EAU CLAIRE HOSPITAL,1221 WHIPPLE ST,EAU CLAIRE,WI,Midwest,54703,EAU CLAIRE,Acute Care Hospitals,Voluntary non-profit - Private,true,5,0,0,0,1,2,1,0,4,520070,MAYO CLINIC HEALTH SYSTEM EAU CLAIRE HOSPITAL,4,1274,30
520160,THEDACARE REGIONAL MEDICAL CENTER - APPLETON INC,1818 N MEADE ST,APPLETON,WI,Midwest,54911,OUTAGAMIE,Acute Care Hospitals,Voluntary non-profit - Private,true,4,0,1,0,0,1,3,1,4,520160,THEDACARE REGIONAL MEDICAL CENTER - APPLETON INC,4,1834,35
670034,BAYLOR SCOTT & WHITE MEDICAL CENTER - ROUND ROCK,300 UNIVERSITY BLVD,ROUND ROCK,TX,South,78664,WILLIAMSON,Acute Care Hospitals,Voluntary non-profit - Private,true,4,0,0,1,0,0,1,1,1,670034,BAYLOR SCOTT & WHITE MEDICAL CENTER - ROUND ROCK,3,1634,20
50140,KAISER FOUNDATION HOSPITAL FONTANA/ONTARIO,9961 SIERRA AVE,FONTANA,CA,West,92335,SAN BERNARDINO,Acute Care Hospitals,Voluntary non-profit - Private,true,3,0,0,0,0,2,0,0,2,50140,KAISER FOUNDATION HOSPITAL FONTANA/ONTARIO,4,1417,18
380091,KAISER SUNNYSIDE MEDICAL CENTER,10180 SE SUNNYSIDE ROAD,CLACKAMAS,OR,West,97015,CLACKAMAS,Acute Care Hospitals,Voluntary non-profit - Other,true,4,0,0,0,0,3,0,0,3,380091,KAISER SUNNYSIDE MEDICAL CENTER,3,3217,23
100053,HIALEAH HOSPITAL,651 E 25TH ST,HIALEAH,FL,South,33013,MIAMI-DADE,Acute Care Hospitals,Proprietary,true,3,0,0,1,0,1,0,1,1,100053,HIALEAH HOSPITAL,2,373,8
50040,LAC/OLIVE VIEW-UCLA MEDICAL CENTER,14445 OLIVE VIEW DRIVE,SYLMAR,CA,West,91342,LOS ANGELES,Acute Care Hospitals,Voluntary non-profit - Other,true,2,0,1,0,0,2,0,1,2,50040,LAC/OLIVE VIEW-UCLA MEDICAL CENTER,3,445,12
100285,MEMORIAL HOSPITAL MIRAMAR,1901 SW 172ND AVE,MIRAMAR,FL,South,33029,BROWARD,Acute Care Hospitals,Government - Hospital District or Authority,true,5,0,0,0,0,1,0,0,1,100285,MEMORIAL HOSPITAL MIRAMAR,4,1177,13
100288,ST MARY'S MEDICAL CENTER,901 45TH ST,WEST PALM BEACH,FL,South,33407,PALM BEACH,Acute Care Hospitals,Proprietary,true,1,0,0,2,0,2,0,2,2,100288,ST MARY'S MEDICAL CENTER,1,568,9
450659,HCA HOUSTON HEALTHCARE MEDICAL CENTER,1313 HERMANN DR,HOUSTON,TX,South,77004,HARRIS,Acute Care Hospitals,Proprietary,true,4,0,0,0,0,1,0,0,1,450659,HCA HOUSTON HEALTHCARE MEDICAL CENTER,2,668,14
10149,BAPTIST MEDICAL CENTER EAST,400 TAYLOR ROAD,MONTGOMERY,AL,South,36117,MONTGOMERY,Acute Care Hospitals,Government - Hospital District or Authority,true,4,0,0,1,0,2,0,1,2,10149,BAPTIST MEDICAL CENTER EAST,4,1113,19
50055,CALIFORNIA PACIFIC MEDICAL CENTER - MISSION BERNAL,3555 CESAR CHAVEZ,SAN FRANCISCO,CA,West,94110,SAN FRANCISCO,Acute Care Hospitals,Voluntary non-profit - Church,true,4,0,0,0,1,1,0,0,2,50055,CALIFORNIA PACIFIC MEDICAL CENTER - MISSION BERNAL,4,526,17
50245,ARROWHEAD REGIONAL MEDICAL CENTER,400 NORTH PEPPER AVENUE,COLTON,CA,West,92324,SAN BERNARDINO,Acute Care Hospitals,Government - Local,true,2,0,0,0,0,1,0,0,1,50245,ARROWHEAD REGIONAL MEDICAL CENTER,3,356,42
50292,RIVERSIDE UNIVERSITY HEALTH SYSTEM-MEDICAL CENTER,26520 CACTUS AVENUE,MORENO VALLEY,CA,West,92555,RIVERSIDE,Acute Care Hospitals,Government - Local,true,3,0,0,1,0,4,0,1,4,50292,RIVERSIDE UNIVERSITY HEALTH SYSTEM-MEDICAL CENTER,2,511,11
50295,MERCY HOSPITAL,2215 TRUXTUN AVENUE,BAKERSFIELD,CA,West,93301,KERN,Acute Care Hospitals,Voluntary non-profit - Other,true,3,0,0,1,0,2,0,1,2,50295,MERCY HOSPITAL,2,496,11
50424,SCRIPPS GREEN HOSPITAL,10666 NORTH TORREY PINES ROAD,LA JOLLA,CA,West,92037,SAN DIEGO,Acute Care Hospitals,Voluntary non-profit - Other,false,5,0,0,1,0,1,0,1,1,50424,SCRIPPS GREEN HOSPITAL,5,1499,31
50701,SOUTHWEST HEALTHCARE RANCHO SPRINGS HOSPITAL,25500 MEDICAL CENTER DRIVE,MURRIETA,CA,West,92562,RIVERSIDE,Acute Care Hospitals,Proprietary,true,3,0,0,1,0,2,0,1,2,50701,SOUTHWEST HEALTHCARE RANCHO SPRINGS HOSPITAL,3,984,14
100189,HCA FLORIDA NORTHWEST HOSPITAL,2801 N STATE RD 7,MARGATE,FL,South,33063,BROWARD,Acute Care Hospitals,Proprietary,true,1,0,0,2,0,1,0,2,1,100189,HCA FLORIDA NORTHWEST HOSPITAL,1,564,13
100200,BROWARD HEALTH IMPERIAL POINT,6401 N FEDERAL HWY,FORT LAUDERDALE,FL,South,33308,BROWARD,Acute Care Hospitals,Government - Hospital District or Authority,false,2,0,0,1,0,1,0,1,1,100200,BROWARD HEALTH IMPERIAL POINT,2,361,13
100269,HCA FLORIDA PALMS WEST HOSPITAL,13001 SOUTHERN BLVD,LOXAHATCHEE,FL,South,33470,PALM BEACH,Acute Care Hospitals,Proprietary,true,2,0,0,2,0,1,0,2,1,100269,HCA FLORIDA PALMS WEST HOSPITAL,2,550,12
100314,WEST KENDALL BAPTIST HOSPITAL,9555 SW 162 AVE,MIAMI,FL,South,33196,MIAMI-DADE,Acute Care Hospitals,Voluntary non-profit - Private,true,5,0,0,0,1,1,0,0,2,100314,WEST KENDALL BAPTIST HOSPITAL,3,679,12
120007,KUAKINI MEDICAL CENTER,347 NORTH KUAKINI STREET,HONOLULU,HI,West,96817,HONOLULU,Acute Care Hospitals,Voluntary non-profit - Private,true,4,0,0,1,1,0,0,1,1,120007,KUAKINI MEDICAL CENTER,2,392,26
330078,SISTERS OF CHARITY HOSPITAL,2157 MAIN STREET,BUFFALO,NY,Northeast,14214,ERIE,Acute Care Hospitals,Voluntary non-profit - Private,true,3,0,1,0,0,2,1,1,3,330078,SISTERS OF CHARITY HOSPITAL,3,1123,18
360348,DUBLIN METHODIST HOSPITAL,7500 HOSPITAL AVENUE,DUBLIN,OH,Midwest,43016,FRANKLIN,Acute Care Hospitals,Voluntary non-profit - Private,true,3,0,0,0,0,1,0,0,1,360348,DUBLIN METHODIST HOSPITAL,4,512,24
450097,HCA HOUSTON HEALTHCARE SOUTHEAST,4000 SPENCER HWY,PASADENA,TX,South,77504,HARRIS,Acute Care Hospitals,Proprietary,true,3,0,0,0,0,2,0,0,2,450097,HCA HOUSTON HEALTHCARE SOUTHEAST,2,603,8
450124,DELL SETON  MED CENTER AT THE UNIVERSITY OF TX,601 E 15TH STREET,AUSTIN,TX,South,78701,TRAVIS,Acute Care Hospitals,Voluntary non-profit - Private,false,2,0,0,1,0,1,0,1,1,450124,DELL SETON  MED CENTER AT THE UNIVERSITY OF TX,4,175,9
450289,HARRIS HEALTH,1504 TAUB LOOP,HOUSTON,TX,South,77030,HARRIS,Acute Care Hospitals,Government - Hospital District or Authority,true,3,0,0,0,0,2,0,0,2,450289,HARRIS HEALTH,3,508,5
450662,VALLEY REGIONAL MEDICAL CENTER,100 A ALTON GLOOR,BROWNSVILLE,TX,South,78526,CAMERON,Acute Care Hospitals,Proprietary,true,2,0,0,2,0,1,0,2,1,450662,VALLEY REGIONAL MEDICAL CENTER,2,579,9
10019,HELEN KELLER HOSPITAL,1300 SOUTH MONTGOMERY AVENUE,SHEFFIELD,AL,South,35660,COLBERT,Acute Care Hospitals,Government - Hospital District or Authority,true,2,2,1,0,0,0,0,3,0,10019,HELEN KELLER HOSPITAL,4,398,18
10035,CULLMAN REGIONAL MEDICAL CENTER,1912 ALABAMA HIGHWAY 157,CULLMAN,AL,South,35058,CULLMAN,Acute Care Hospitals,Government - Hospital District or Authority,true,2,1,0,1,0,1,0,2,1,10035,CULLMAN REGIONAL MEDICAL CENTER,3,222,16
10085,DECATUR MORGAN HOSPITAL - DECATUR CAMPUS,1201 7TH STREET SE,DECATUR,AL,South,35601,MORGAN,Acute Care Hospitals,Government - Hospital District or Authority,true,3,0,0,0,0,2,0,0,2,10085,DECATUR MORGAN HOSPITAL - DECATUR CAMPUS,3,935,16
20026,ALASKA NATIVE MEDICAL CENTER,4315 DIPLOMACY DR,ANCHORAGE,AK,West,99508,ANCHORAGE,Acute Care Hospitals,Government - Federal,true,3,0,1,0,0,1,0,1,1,20026,ALASKA NATIVE MEDICAL CENTER,3,297,10
40022,NORTHWEST MEDICAL CENTER-SPRINGDALE,609 WEST MAPLE AVENUE,SPRINGDALE,AR,South,72764,WASHINGTON,Acute Care Hospitals,Proprietary,true,2,2,0,0,0,1,1,2,2,40022,NORTHWEST MEDICAL CENTER-SPRINGDALE,3,1155,13
50103,ADVENTIST HEALTH WHITE MEMORIAL,1720 CESAR E CHAVEZ AVENUE,LOS ANGELES,CA,West,90033,LOS ANGELES,Acute Care Hospitals,Voluntary non-profit - Church,false,3,0,0,0,0,2,0,0,2,50103,ADVENTIST HEALTH WHITE MEMORIAL,2,807,8
50121,ADVENTIST HEALTH HANFORD,115 MALL DRIVE,HANFORD,CA,West,93230,KINGS,Acute Care Hospitals,Voluntary non-profit - Church,true,2,0,0,0,0,1,0,0,1,50121,ADVENTIST HEALTH HANFORD,3,767,11
50204,PALMDALE REGIONAL MEDICAL CENTER,38600 MEDICAL CENTER DRIVE,PALMDALE,CA,West,93552,LOS ANGELES,Acute Care Hospitals,Proprietary,true,3,0,0,0,0,1,1,0,2,50204,PALMDALE REGIONAL MEDICAL CENTER,3,498,14
50393,PIH HEALTH DOWNEY HOSPITAL,11500 BROOKSHIRE AVENUE,DOWNEY,CA,West,90241,LOS ANGELES,Acute Care Hospitals,Voluntary non-profit - Private,true,3,0,0,0,0,1,1,0,2,50393,PIH HEALTH DOWNEY HOSPITAL,3,779,19
50414,MERCY HOSPITAL OF FOLSOM,1650 CREEKSIDE DRIVE,FOLSOM,CA,West,95630,SACRAMENTO,Acute Care Hospitals,Voluntary non-profit - Private,true,4,0,0,0,0,1,0,0,1,50414,MERCY HOSPITAL OF FOLSOM,3,695,18
50488,EDEN MEDICAL CENTER,20103 LAKE CHABOT ROAD,CASTRO VALLEY,CA,West,94546,ALAMEDA,Acute Care Hospitals,Voluntary non-profit - Other,true,4,0,0,0,0,1,0,0,1,50488,EDEN MEDICAL CENTER,3,586,15
50506,ADVENTIST HEALTH SIERRA VISTA,1010 MURRAY ST,SAN LUIS OBISPO,CA,West,93405,SAN LUIS OBISPO,Acute Care Hospitals,Proprietary,true,3,0,0,0,0,1,0,0,1,50506,ADVENTIST HEALTH SIERRA VISTA,2,485,17
60014,HCA HEALTHONE PRESBYTERIAN ST LUKES,1719 E 19TH AVE,DENVER,CO,West,80218,DENVER,Acute Care Hospitals,Government - State,true,3,0,0,1,0,2,0,1,2,60014,HCA HEALTHONE PRESBYTERIAN ST LUKES,4,532,16
60032,HCA HEALTHONE ROSE,4567 E 9TH AVE,DENVER,CO,West,80220,DENVER,Acute Care Hospitals,Proprietary,true,3,0,0,0,0,1,0,0,1,60032,HCA HEALTHONE ROSE,3,567,18
70017,MIDSTATE MEDICAL CENTER,435 LEWIS AVENUE,MERIDEN,CT,Northeast,6450,NEW HAVEN,Acute Care Hospitals,Voluntary non-profit - Private,true,4,0,0,0,0,2,0,0,2,70017,MIDSTATE MEDICAL CENTER,4,1044,24
70020,MIDDLESEX HOSPITAL,28 CRESCENT ST,MIDDLETOWN,CT,Northeast,6457,MIDDLESEX,Acute Care Hospitals,Voluntary non-profit - Private,true,3,0,0,1,0,1,0,1,1,70020,MIDDLESEX HOSPITAL,4,1402,26
70027,MANCHESTER MEMORIAL HOSPITAL,71 HAYNES ST,MANCHESTER,CT,Northeast,6040,HARTFORD,Acute Care Hospitals,Proprietary,true,3,0,0,0,0,1,0,0,1,70027,MANCHESTER MEMORIAL HOSPITAL,2,414,19
100069,AdventHealth Carrollwood,7171 N DALE MABRY HWY,TAMPA,FL,South,33614,HILLSBOROUGH,Acute Care Hospitals,Voluntary non-profit - Church,true,3,0,0,0,0,1,0,0,1,100069,AdventHealth Carrollwood,3,1054,17
100110,HCA FLORIDA OSCEOLA HOSPITAL,700 WEST OAK STREET,KISSIMMEE,FL,South,34741,OSCEOLA,Acute Care Hospitals,Proprietary,true,1,0,0,4,0,3,0,4,3,100110,HCA FLORIDA OSCEOLA HOSPITAL,2,623,14
100187,PALMETTO GENERAL HOSPITAL,2001 W 68TH ST,HIALEAH,FL,South,33016,MIAMI-DADE,Acute Care Hospitals,Proprietary,true,2,0,0,0,0,1,0,0,1,100187,PALMETTO GENERAL HOSPITAL,2,667,9
100209,HCA FLORIDA KENDALL HOSPITAL,11750 BIRD RD,MIAMI,FL,South,33175,MIAMI-DADE,Acute Care Hospitals,Proprietary,true,3,0,0,1,1,2,0,1,3,100209,HCA FLORIDA KENDALL HOSPITAL,2,625,12
100244,CAPE CORAL HOSPITAL,636 DEL PRADO BLVD,CAPE CORAL,FL,South,33990,LEE,Acute Care Hospitals,Government - Hospital District or Authority,true,4,0,0,2,0,2,0,2,2,100244,CAPE CORAL HOSPITAL,3,2030,40
100260,ST LUCIE MEDICAL CENTER,1800 SE TIFFANY AVE,PORT SAINT LUCIE,FL,South,34952,ST. LUCIE,Acute Care Hospitals,Proprietary,true,1,0,0,6,0,1,0,6,1,100260,ST LUCIE MEDICAL CENTER,2,548,21
100276,BROWARD HEALTH CORAL SPRINGS,3000 CORAL HILLS DR,CORAL SPRINGS,FL,South,33065,BROWARD,Acute Care Hospitals,Government - Hospital District or Authority,true,3,0,0,1,0,2,0,1,2,100276,BROWARD HEALTH CORAL SPRINGS,2,536,14
100315,VIERA HOSPITAL,8745 N WICKHAM RD,MELBOURNE,FL,South,32940,BREVARD,Acute Care Hospitals,Voluntary non-profit - Private,true,5,0,0,0,0,1,2,0,3,100315,VIERA HOSPITAL,3,494,28
110018,PIEDMONT NEWTON HOSPITAL,5126 HOSPITAL DRIVE NE,COVINGTON,GA,South,30014,NEWTON,Acute Care Hospitals,Voluntary non-profit - Private,true,3,0,0,0,0,1,0,0,1,110018,PIEDMONT NEWTON HOSPITAL,2,382,13
110031,WELLSTAR SPALDING MEDICAL CENTER,601 SOUTH 8TH STREET,GRIFFIN,GA,South,30223,SPALDING,Acute Care Hospitals,Proprietary,true,2,1,0,1,0,1,0,2,1,110031,WELLSTAR SPALDING MEDICAL CENTER,2,565,24
110091,PIEDMONT ROCKDALE HOSPITAL,"1412 MILSTEAD AVENUE, NE",CONYERS,GA,South,30012,ROCKDALE,Acute Care Hospitals,Proprietary,false,2,0,1,1,1,1,0,2,2,110091,PIEDMONT ROCKDALE HOSPITAL,2,454,10
140065,UCHICAGO MEDICINE ADVENTHEALTH LA GRANGE,5101 S WILLOW SPRINGS RD,LA GRANGE,IL,Midwest,60525,COOK,Acute Care Hospitals,Voluntary non-profit - Church,true,5,0,0,0,0,1,3,0,4,140065,UCHICAGO MEDICINE ADVENTHEALTH LA GRANGE,4,1201,25
150090,FRANCISCAN HEALTH DYER,24 JOLIET ST,DYER,IN,Midwest,46311,LAKE,Acute Care Hospitals,Voluntary non-profit - Church,true,2,0,1,1,0,1,0,2,1,150090,FRANCISCAN HEALTH DYER,2,418,17
180132,LAKE CUMBERLAND REGIONAL HOSPITAL,305 LANGDON STREET,SOMERSET,KY,South,42503,PULASKI,Acute Care Hospitals,Proprietary,true,1,0,0,1,0,2,0,1,2,180132,LAKE CUMBERLAND REGIONAL HOSPITAL,3,1076,17
210035,UNIVERSITY OF MD CHARLES REGIONAL  MEDICAL CENTER,5 GARRETT AVENUE,LA PLATA,MD,South,20646,CHARLES,Acute Care Hospitals,Voluntary non-profit - Private,true,4,0,0,2,0,0,1,2,1,210035,UNIVERSITY OF MD CHARLES REGIONAL  MEDICAL CENTER,3,467,16
210051,"LUMINIS HEALTH DOCTORS COMMUNITY MEDICAL CTR, INC",8118 GOOD LUCK ROAD,LANHAM,MD,South,20706,PRINCE GEORGES,Acute Care Hospitals,Proprietary,true,2,0,0,1,0,1,1,1,2,210051,"LUMINIS HEALTH DOCTORS COMMUNITY MEDICAL CTR, INC",2,821,13
220073,BROWN UNIVERSITY HEALTH MORTON HOSPITAL,88 WASHINGTON STREET,TAUNTON,MA,Northeast,2780,BRISTOL,Acute Care Hospitals,Proprietary,true,2,0,0,2,1,1,0,2,2,220073,BROWN UNIVERSITY HEALTH MORTON HOSPITAL,2,563,19
220108,BETH ISRAEL DEACONESS HOSPITAL - MILTON,199 REEDSDALE ROAD,MILTON,MA,Northeast,2186,NORFOLK,Acute Care Hospitals,Government - Federal,true,4,0,0,0,2,1,0,0,3,220108,BETH ISRAEL DEACONESS HOSPITAL - MILTON,4,469,25
230132,HURLEY MEDICAL CENTER,ONE HURLEY PLAZA,FLINT,MI,Midwest,48503,GENESEE,Acute Care Hospitals,Voluntary non-profit - Other,true,2,0,0,2,0,2,0,2,2,230132,HURLEY MEDICAL CENTER,2,354,15
260048,TRUMAN MEDICAL CENTER HOSPITAL HILL,2301 HOLMES STREET,KANSAS CITY,MO,Midwest,64108,JACKSON,Acute Care Hospitals,Voluntary non-profit - Private,true,3,0,1,0,0,1,0,1,1,260048,TRUMAN MEDICAL CENTER HOSPITAL HILL,2,1315,17
260200,SSM ST JOSEPH HOSPITAL WEST,100 MEDICAL PLAZA,LAKE SAINT LOUIS,MO,Midwest,63367,ST. CHARLES,Acute Care Hospitals,Voluntary non-profit - Church,true,3,0,0,1,0,1,0,1,1,260200,SSM ST JOSEPH HOSPITAL WEST,2,465,19
280020,CHI HEALTH ST. ELIZABETH,555 SOUTH 70TH ST,LINCOLN,NE,Midwest,68510,LANCASTER,Acute Care Hospitals,Voluntary non-profit - Private,true,3,0,0,1,0,1,0,1,1,280020,CHI HEALTH ST. ELIZABETH,3,684,21
330246,ST CHARLES HOSPITAL,200 BELLE TERRE ROAD,PORT JEFFERSON,NY,Northeast,11777,SUFFOLK,Acute Care Hospitals,Voluntary non-profit - Church,true,4,0,0,1,0,1,0,1,1,330246,ST CHARLES HOSPITAL,3,724,22
330331,PLAINVIEW HOSPITAL,888 OLD COUNTRY ROAD,PLAINVIEW,NY,Northeast,11803,NASSAU,Acute Care Hospitals,Voluntary non-profit - Private,true,4,0,0,0,0,1,0,0,1,330331,PLAINVIEW HOSPITAL,3,550,22
340039,IREDELL MEMORIAL HOSPITAL INC,557 BROOKDALE DR,STATESVILLE,NC,South,28677,IREDELL,Acute Care Hospitals,Voluntary non-profit - Private,true,3,0,0,0,0,1,0,0,1,340039,IREDELL MEMORIAL HOSPITAL INC,3,614,31
360091,MEDINA HOSPITAL,1000 EAST WASHINGTON STREET,MEDINA,OH,Midwest,44256,MEDINA,Acute Care Hospitals,Voluntary non-profit - Private,true,5,0,0,0,2,0,0,0,2,360091,MEDINA HOSPITAL,3,1010,24
360143,MARYMOUNT HOSPITAL,12300 MCCRACKEN ROAD,GARFIELD HEIGHTS,OH,Midwest,44125,CUYAHOGA,Acute Care Hospitals,Voluntary non-profit - Private,true,5,0,0,0,2,1,0,0,3,360143,MARYMOUNT HOSPITAL,3,832,17
360364,CLEVELAND CLINIC AVON HOSPITAL,33300 CLEVELAND CLINIC BLVD,AVON,OH,Midwest,44011,LORAIN,Acute Care Hospitals,Voluntary non-profit - Private,true,5,0,0,0,2,1,0,0,3,360364,CLEVELAND CLINIC AVON HOSPITAL,4,1099,24
390012,JEFFERSON LANSDALE HOSPITAL,100 MEDICAL CAMPUS DRIVE,LANSDALE,PA,Northeast,19446,MONTGOMERY,Acute Care Hospitals,Voluntary non-profit - Private,true,2,0,0,1,0,0,0,1,0,390012,JEFFERSON LANSDALE HOSPITAL,2,620,27
390026,TEMPLE HEALTH - CHESTNUT HILL HOSPITAL,8835 GERMANTOWN AVENUE,PHILADELPHIA,PA,Northeast,19118,PHILADELPHIA,Acute Care Hospitals,Voluntary non-profit - Private,true,2,0,1,1,0,1,0,2,1,390026,TEMPLE HEALTH - CHESTNUT HILL HOSPITAL,2,501,17
390090,WEST PENN HOSPITAL,4800 FRIENDSHIP AVENUE,PITTSBURGH,PA,Northeast,15224,ALLEGHENY,Acute Care Hospitals,Voluntary non-profit - Private,true,3,0,2,1,0,1,0,3,1,390090,WEST PENN HOSPITAL,4,443,18
420009,PRISMA HEALTH OCONEE MEMORIAL HOSPITAL,298 MEMORIAL DR,SENECA,SC,South,29672,OCONEE,Acute Care Hospitals,Voluntary non-profit - Private,true,3,0,0,0,0,1,0,0,1,420009,PRISMA HEALTH OCONEE MEMORIAL HOSPITAL,3,886,17
450028,VALLEY BAPTIST MEDICAL CENTER- BROWNSVILLE,1040 W JEFFERSON ST,BROWNSVILLE,TX,South,78520,CAMERON,Acute Care Hospitals,Proprietary,true,3,0,0,1,0,2,0,1,2,450028,VALLEY BAPTIST MEDICAL CENTER- BROWNSVILLE,2,404,7
450152,ADVENTHEALTH CENTRAL TEXAS,2201 S CLEAR CREEK ROAD,KILLEEN,TX,South,76542,BELL,Acute Care Hospitals,Voluntary non-profit - Church,true,3,1,0,1,0,0,0,2,0,450152,ADVENTHEALTH CENTRAL TEXAS,4,517,10
450742,BAYLOR SCOTT AND WHITE MEDICAL CENTER LAKE POINTE,6800 SCENIC DR,ROWLETT,TX,South,75088,DALLAS,Acute Care Hospitals,Voluntary non-profit - Private,true,3,0,1,0,0,1,0,1,1,450742,BAYLOR SCOTT AND WHITE MEDICAL CENTER LAKE POINTE,3,484,12
450847,MEMORIAL HERMANN KATY HOSPITAL,23900 KATY FREEWAY,KATY,TX,South,77494,FORT BEND,Acute Care Hospitals,Voluntary non-profit - Private,true,3,0,0,0,0,2,0,0,2,450847,MEMORIAL HERMANN KATY HOSPITAL,3,567,11
450848,MEMORIAL HERMANN SUGAR LAND HOSPITAL,17500 W GRAND PARKWAY SOUTH,SUGAR LAND,TX,South,77479,FORT BEND,Acute Care Hospitals,Voluntary non-profit - Private,true,3,0,1,0,0,1,0,1,1,450848,MEMORIAL HERMANN SUGAR LAND HOSPITAL,3,579,11
450890,BAYLOR SCOTT & WHITE MEDICAL CENTER PLANO,4700 ALLIANCE BOULEVARD,PLANO,TX,South,75093,COLLIN,Acute Care Hospitals,Voluntary non-profit - Other,true,4,0,0,0,0,2,0,0,2,450890,BAYLOR SCOTT & WHITE MEDICAL CENTER PLANO,4,719,20
460005,OGDEN REGIONAL MEDICAL CENTER,5475 SOUTH 500 EAST,OGDEN,UT,West,84405,WEBER,Acute Care Hospitals,Proprietary,true,3,0,0,0,0,0,0,0,0,460005,OGDEN REGIONAL MEDICAL CENTER,3,465,19
490101,INOVA FAIR OAKS HOSPITAL,3600 JOSEPH SIEWICK DRIVE,FAIRFAX,VA,South,22033,FAIRFAX,Acute Care Hospitals,Voluntary non-profit - Other,false,5,0,0,1,0,2,0,1,2,490101,INOVA FAIR OAKS HOSPITAL,4,563,18
520139,WEST ALLIS MEMORIAL HOSPITAL,8901 W LINCOLN AVE,WEST ALLIS,WI,Midwest,53227,MILWAUKEE,Acute Care Hospitals,Voluntary non-profit - Private,true,4,0,0,0,1,1,0,0,2,520139,WEST ALLIS MEMORIAL HOSPITAL,3,908,19
670068,TEXAS HEALTH PRESBYTERIAN HOSPITAL FLOWER MOUND,4400 LONG PRAIRIE ROAD,FLOWER MOUND,TX,South,75028,DENTON,Acute Care Hospitals,Proprietary,true,4,0,0,0,0,0,0,0,0,670068,TEXAS HEALTH PRESBYTERIAN HOSPITAL FLOWER MOUND,4,813,19
670085,TEXAS HEALTH HARRIS METHODIST HOSPITAL ALLIANCE,10864 TEXAS HEALTH TRAIL,FORT WORTH,TX,South,76244,TARRANT,Acute Care Hospitals,Voluntary non-profit - Private,true,4,1,0,0,0,1,1,1,2,670085,TEXAS HEALTH HARRIS METHODIST HOSPITAL ALLIANCE,3,545,14
10131,CRESTWOOD MEDICAL CENTER,ONE HOSPITAL DR SE,HUNTSVILLE,AL,South,35801,MADISON,Acute Care Hospitals,Proprietary,true,2,0,1,1,0,1,1,2,2,10131,CRESTWOOD MEDICAL CENTER,2,836,20
10139,BROOKWOOD BAPTIST MEDICAL CENTER,1280 COLUMBIANA ROAD STE 102,VESTAVIA,AL,South,35216,JEFFERSON,Acute Care Hospitals,Proprietary,true,2,0,0,2,0,1,0,2,1,10139,BROOKWOOD BAPTIST MEDICAL CENTER,2,999,15
30011,ST JOSEPH'S HOSPITAL,350 NORTH WILMOT ROAD,TUCSON,AZ,West,85711,PIMA,Acute Care Hospitals,Voluntary non-profit - Other,true,2,1,0,0,0,2,0,1,2,30011,ST JOSEPH'S HOSPITAL,1,927,18
30038,HONORHEALTH SCOTTSDALE OSBORN MEDICAL CENTER,7400 EAST OSBORN ROAD,SCOTTSDALE,AZ,West,85251,MARICOPA,Acute Care Hospitals,Proprietary,true,3,0,0,1,0,3,0,1,3,30038,HONORHEALTH SCOTTSDALE OSBORN MEDICAL CENTER,3,438,24
30065,BANNER DESERT MEDICAL CENTER,1400 SOUTH  DOBSON ROAD,MESA,AZ,West,85202,MARICOPA,Acute Care Hospitals,Voluntary non-profit - Private,true,2,0,0,1,0,2,0,1,2,30065,BANNER DESERT MEDICAL CENTER,2,802,19
30115,BANNER ESTRELLA MEDICAL CENTER,9201 WEST THOMAS ROAD,PHOENIX,AZ,West,85037,MARICOPA,Acute Care Hospitals,Voluntary non-profit - Private,true,3,0,0,1,0,1,1,1,2,30115,BANNER ESTRELLA MEDICAL CENTER,3,779,19
30122,BANNER GATEWAY MEDICAL CENTER,1900 NORTH HIGLEY ROAD,GILBERT,AZ,West,85234,MARICOPA,Acute Care Hospitals,Voluntary non-profit - Other,true,4,0,0,0,0,1,0,0,1,30122,BANNER GATEWAY MEDICAL CENTER,3,627,19
30123,HONORHEALTH SCOTTSDALE THOMPSON PEAK MED CTR,7400 EAST THOMPSON PEAK PARKWAY,SCOTTSDALE,AZ,West,85255,MARICOPA,Acute Care Hospitals,Voluntary non-profit - Private,true,4,0,1,0,1,0,0,1,1,30123,HONORHEALTH SCOTTSDALE THOMPSON PEAK MED CTR,3,377,32
40010,MERCY HOSPITAL NORTHWEST ARKANSAS,2710 SOUTH RIFE MEDICAL LANE,ROGERS,AR,South,72758,BENTON,Acute Care Hospitals,Voluntary non-profit - Private,true,4,0,1,0,0,1,1,1,2,40010,MERCY HOSPITAL NORTHWEST ARKANSAS,4,451,20
50063,HOLLYWOOD PRESBYTERIAN MEDICAL CENTER,1300 N VERMONT AVE,LOS ANGELES,CA,West,90027,LOS ANGELES,Acute Care Hospitals,Proprietary,true,3,0,0,3,1,2,0,3,3,50063,HOLLYWOOD PRESBYTERIAN MEDICAL CENTER,2,1285,24
50099,SAN ANTONIO REGIONAL HOSPITAL,999 SAN BERNARDINO ROAD,UPLAND,CA,West,91786,SAN BERNARDINO,Acute Care Hospitals,Voluntary non-profit - Other,true,3,0,0,0,0,1,0,0,1,50099,SAN ANTONIO REGIONAL HOSPITAL,2,1719,15
50125,REGIONAL MEDICAL CENTER OF SAN JOSE,225 N JACKSON AVENUE,SAN JOSE,CA,West,95116,SANTA CLARA,Acute Care Hospitals,Government - Federal,true,3,0,0,2,0,1,0,2,1,50125,REGIONAL MEDICAL CENTER OF SAN JOSE,2,369,15
50126,VALLEY PRESBYTERIAN HOSPITAL,15107 VANOWEN ST,VAN NUYS,CA,West,91405,LOS ANGELES,Acute Care Hospitals,Voluntary non-profit - Other,true,2,0,0,2,1,1,0,2,2,50126,VALLEY PRESBYTERIAN HOSPITAL,2,328,11
50236,ADVENTIST HEALTH SIMI VALLEY,2975 N SYCAMORE DR,SIMI VALLEY,CA,West,93065,VENTURA,Acute Care Hospitals,Voluntary non-profit - Private,true,2,0,0,2,1,1,0,2,2,50236,ADVENTIST HEALTH SIMI VALLEY,3,492,23
50238,USC ARCADIA HOSPITAL,300 W HUNTINGTON DR,ARCADIA,CA,West,91007,LOS ANGELES,Acute Care Hospitals,Voluntary non-profit - Private,true,3,0,0,1,0,0,0,1,0,50238,USC ARCADIA HOSPITAL,2,555,19
50300,PROVIDENCE ST MARY MEDICAL CENTER,18300 HIGHWAY 18,APPLE VALLEY,CA,West,92307,SAN BERNARDINO,Acute Care Hospitals,Voluntary non-profit - Private,true,1,0,0,2,0,1,0,2,1,50300,PROVIDENCE ST MARY MEDICAL CENTER,1,446,12
50481,UCLA WEST VALLEY MEDICAL CENTER,7300 MEDICAL CENTER DR,WEST HILLS,CA,West,91307,LOS ANGELES,Acute Care Hospitals,Proprietary,true,2,0,0,4,1,1,0,4,2,50481,UCLA WEST VALLEY MEDICAL CENTER,2,512,17
50503,SCRIPPS MEMORIAL HOSPITAL - ENCINITAS,354 SANTA FE DRIVE,ENCINITAS,CA,West,92024,SAN DIEGO,Acute Care Hospitals,Voluntary non-profit - Private,true,5,0,0,1,2,1,4,1,7,50503,SCRIPPS MEMORIAL HOSPITAL - ENCINITAS,4,1918,23
50775,TEMECULA VALLEY HOSPITAL,31700 TEMECULA PKWY,TEMECULA,CA,West,92592,RIVERSIDE,Acute Care Hospitals,Proprietary,true,3,0,0,0,0,1,1,0,2,50775,TEMECULA VALLEY HOSPITAL,3,855,22
60113,AdventHealth Littleton,7700 S BROADWAY,LITTLETON,CO,West,80122,ARAPAHOE,Acute Care Hospitals,Voluntary non-profit - Church,true,4,0,0,1,0,2,0,1,2,60113,AdventHealth Littleton,4,976,22
70035,THE HOSPITAL OF CENTRAL CONNECTICUT,100 GRAND STREET,NEW BRITAIN,CT,Northeast,6050,HARTFORD,Acute Care Hospitals,Voluntary non-profit - Other,true,2,0,0,1,0,3,0,1,3,70035,THE HOSPITAL OF CENTRAL CONNECTICUT,2,993,19
100028,PARRISH MEDICAL CENTER,951 N WASHINGTON AVE,TITUSVILLE,FL,South,32796,BREVARD,Acute Care Hospitals,Government - Hospital District or Authority,true,1,0,0,0,0,0,1,0,1,100028,PARRISH MEDICAL CENTER,2,459,17
100032,ORLANDO HEALTH BAYFRONT HOSPITAL,701 6TH ST S,SAINT PETERSBURG,FL,South,33701,PINELLAS,Acute Care Hospitals,Voluntary non-profit - Private,true,2,0,0,0,0,3,0,0,3,100032,ORLANDO HEALTH BAYFRONT HOSPITAL,2,1227,14
100118,AdventHealth Palm Coast,60 MEMORIAL MEDICAL PKWY,PALM COAST,FL,South,32164,FLAGLER,Acute Care Hospitals,Voluntary non-profit - Church,true,3,0,0,1,1,1,1,1,3,100118,AdventHealth Palm Coast,3,1519,26
100131,HCA FLORIDA AVENTURA HOSPITAL,20900 BISCAYNE BLVD,AVENTURA,FL,South,33180,MIAMI-DADE,Acute Care Hospitals,Voluntary non-profit - Private,true,3,0,0,3,1,2,0,3,3,100131,HCA FLORIDA AVENTURA HOSPITAL,2,522,15
100137,ADVENTHEALTH HEART OF FLORIDA,40100 HWY 27,DAVENPORT,FL,South,33837,POLK,Acute Care Hospitals,Proprietary,true,2,0,0,1,0,1,0,1,1,100137,ADVENTHEALTH HEART OF FLORIDA,3,1291,15
100154,SOUTH MIAMI HOSPITAL,6200 SW 73RD ST,MIAMI,FL,South,33143,MIAMI-DADE,Acute Care Hospitals,Voluntary non-profit - Private,true,4,0,0,2,0,4,1,2,5,100154,SOUTH MIAMI HOSPITAL,3,622,15
100161,CENTRAL FLORIDA LAKE MONROE HOSPITAL,1401 W SEMINOLE BLVD,SANFORD,FL,South,32771,SEMINOLE,Acute Care Hospitals,Proprietary,true,2,0,0,2,1,1,0,2,2,100161,CENTRAL FLORIDA LAKE MONROE HOSPITAL,1,617,17
100166,HCA FLORIDA SARASOTA DOCTORS HOSPITAL,5731 BEE RIDGE RD,SARASOTA,FL,South,34233,SARASOTA,Acute Care Hospitals,Proprietary,true,4,0,0,1,0,1,1,1,2,100166,HCA FLORIDA SARASOTA DOCTORS HOSPITAL,3,492,27
100177,CAPE CANAVERAL HOSPITAL,701 W COCOA BEACH CAUSEWAY,COCOA BEACH,FL,South,32931,BREVARD,Acute Care Hospitals,Voluntary non-profit - Private,true,4,0,0,0,0,1,1,0,2,100177,CAPE CANAVERAL HOSPITAL,3,536,25
100236,HCA FLORIDA FAWCETT HOSPITAL,21298 OLEAN BLVD,PORT CHARLOTTE,FL,South,33952,CHARLOTTE,Acute Care Hospitals,Proprietary,true,2,0,0,2,1,1,0,2,2,100236,HCA FLORIDA FAWCETT HOSPITAL,1,578,27
100242,HCA FLORIDA GULF COAST HOSPITAL,449 W 23RD ST,PANAMA CITY,FL,South,32405,BAY,Acute Care Hospitals,Proprietary,true,3,0,0,0,0,2,0,0,2,100242,HCA FLORIDA GULF COAST HOSPITAL,2,646,16
100256,HCA FLORIDA BAYONET POINT HOSPITAL,14000 FIVAY RD,HUDSON,FL,South,34667,PASCO,Acute Care Hospitals,Proprietary,true,2,0,0,0,1,1,0,0,2,100256,HCA FLORIDA BAYONET POINT HOSPITAL,2,607,25
100290,"VILLAGES REGIONAL HOSPITAL, THE",1451 EL CAMINO REAL,THE VILLAGES,FL,South,32159,LAKE,Acute Care Hospitals,Voluntary non-profit - Private,true,2,0,0,2,0,1,1,2,2,100290,"VILLAGES REGIONAL HOSPITAL, THE",3,3054,36
100299,LAKEWOOD RANCH MEDICAL CENTER,8330 LAKEWOOD RANCH BLVD,BRADENTON,FL,South,34202,MANATEE,Acute Care Hospitals,Proprietary,true,4,0,0,1,0,1,1,1,2,100299,LAKEWOOD RANCH MEDICAL CENTER,2,1479,25
100319,ADVENTHEALTH WESLEY CHAPEL,2600 BRUCE B DOWNS BLVD,WESLEY CHAPEL,FL,South,33544,PASCO,Acute Care Hospitals,Voluntary non-profit - Private,true,4,0,0,0,1,1,0,0,2,100319,ADVENTHEALTH WESLEY CHAPEL,4,1801,18
100321,ASCENSION ST VINCENT'S CLAY COUNTY,1670 ST VINCENTS WAY,MIDDLEBURG,FL,South,32068,CLAY,Acute Care Hospitals,Voluntary non-profit - Private,true,3,0,0,1,0,1,0,1,1,100321,ASCENSION ST VINCENT'S CLAY COUNTY,3,199,14
100359,SARASOTA MEMORIAL HOSPITAL - VENICE,2600 LAUREL ROAD EAST,NORTH VENICE,FL,South,34275,SARASOTA,Acute Care Hospitals,Government - Hospital District or Authority,true,4,0,0,0,0,0,2,0,2,100359,SARASOTA MEMORIAL HOSPITAL - VENICE,4,2330,36
110006,ST MARY'S HOSPITAL,1230 BAXTER STREET,ATHENS,GA,South,30606,CLARKE,Acute Care Hospitals,Voluntary non-profit - Private,true,1,0,3,0,0,1,0,3,1,110006,ST MARY'S HOSPITAL,3,509,16
110024,CANDLER HOSPITAL,5353 REYNOLDS STREET,SAVANNAH,GA,South,31405,CHATHAM,Acute Care Hospitals,Voluntary non-profit - Other,true,2,1,0,1,0,0,0,2,0,110024,CANDLER HOSPITAL,3,1602,18
110030,PIEDMONT CARTERSVILLE MEDICAL CENTER,960 JOE FRANK HARRIS PARKWAY,CARTERSVILLE,GA,South,30120,BARTOW,Acute Care Hospitals,Voluntary non-profit - Private,true,2,0,0,2,0,1,0,2,1,110030,PIEDMONT CARTERSVILLE MEDICAL CENTER,3,615,12
110075,EAST GEORGIA REGIONAL MEDICAL CENTER,1499 FAIR ROAD,STATESBORO,GA,South,30458,BULLOCH,Acute Care Hospitals,Proprietary,true,3,0,0,0,0,1,0,0,1,110075,EAST GEORGIA REGIONAL MEDICAL CENTER,4,460,12
110079,GRADY MEMORIAL HOSPITAL,"80 JESSE HILL, JR DRIVE SE",ATLANTA,GA,South,30303,FULTON,Acute Care Hospitals,Voluntary non-profit - Private,true,2,1,1,1,0,3,0,3,3,110079,GRADY MEMORIAL HOSPITAL,2,719,8
110105,COLQUITT REGIONAL MEDICAL CENTER,3131 SOUTH MAIN STREET,MOULTRIE,GA,South,31768,COLQUITT,Acute Care Hospitals,Government - Hospital District or Authority,false,2,0,0,2,0,2,0,2,2,110105,COLQUITT REGIONAL MEDICAL CENTER,4,422,14
110164,"COLISEUM MEDICAL CENTERS, LLC, DBA",350 HOSPITAL DRIVE,MACON,GA,South,31217,BIBB,Acute Care Hospitals,Voluntary non-profit - Private,true,3,0,0,2,0,1,0,2,1,110164,"COLISEUM MEDICAL CENTERS, LLC, DBA",3,387,15
110230,EMORY JOHNS CREEK HOSPITAL,6325 HOSPITAL PARKWAY,JOHNS CREEK,GA,South,30097,GWINNETT,Acute Care Hospitals,Proprietary,true,3,0,0,1,1,1,0,1,2,110230,EMORY JOHNS CREEK HOSPITAL,3,572,15
140122,UCHICAGO MEDICINE ADVENTHEALTH HINSDALE,120 NORTH OAK ST,HINSDALE,IL,Midwest,60521,DU PAGE,Acute Care Hospitals,Voluntary non-profit - Private,true,4,0,0,1,1,1,0,1,2,140122,UCHICAGO MEDICINE ADVENTHEALTH HINSDALE,3,1410,20
140124,JOHN H STROGER JR HOSPITAL,1901 W HARRISON ST,CHICAGO,IL,Midwest,60612,COOK,Acute Care Hospitals,Government - Local,true,3,0,0,1,1,2,0,1,3,140124,JOHN H STROGER JR HOSPITAL,2,1067,8
140127,CARLE BROMENN MEDICAL CENTER,1304 FRANKLIN AVENUE,NORMAL,IL,Midwest,61761,MC LEAN,Acute Care Hospitals,Voluntary non-profit - Church,true,3,0,0,0,0,1,0,0,1,140127,CARLE BROMENN MEDICAL CENTER,4,371,23
140162,ST JOSEPH MEDICAL CENTER,2200 E WASHINGTON,BLOOMINGTON,IL,Midwest,61701,MC LEAN,Acute Care Hospitals,Voluntary non-profit - Church,true,1,0,0,1,0,1,0,1,1,140162,ST JOSEPH MEDICAL CENTER,3,1116,25
140224,PRESENCE SAINT JOSEPH HOSPITAL - CHICAGO,2900 NORTH LAKE SHORE DRIVE,CHICAGO,IL,Midwest,60657,COOK,Acute Care Hospitals,Voluntary non-profit - Church,true,4,0,0,0,0,2,0,0,2,140224,PRESENCE SAINT JOSEPH HOSPITAL - CHICAGO,3,461,24
180141,UNIVERSITY OF LOUISVILLE HOSPITAL,530 SOUTH JACKSON STREET,LOUISVILLE,KY,South,40202,JEFFERSON,Acute Care Hospitals,Voluntary non-profit - Private,true,1,1,1,1,0,1,0,3,1,180141,UNIVERSITY OF LOUISVILLE HOSPITAL,2,1940,17
190039,WEST JEFFERSON MEDICAL CENTER,1101 MEDICAL CENTER BLVD,MARRERO,LA,South,70072,JEFFERSON,Acute Care Hospitals,Voluntary non-profit - Private,true,3,0,0,0,0,1,0,0,1,190039,WEST JEFFERSON MEDICAL CENTER,3,1250,23
190045,ST TAMMANY PARISH HOSPITAL,1202 S TYLER STREET,COVINGTON,LA,South,70433,ST. TAMMANY,Acute Care Hospitals,Government - Hospital District or Authority,true,4,0,0,0,0,1,0,0,1,190045,ST TAMMANY PARISH HOSPITAL,4,1164,20
210033,CARROLL HOSPITAL CENTER,200 MEMORIAL AVENUE,WESTMINSTER,MD,South,21157,CARROLL,Acute Care Hospitals,Voluntary non-profit - Private,true,3,1,0,0,0,1,1,1,2,210033,CARROLL HOSPITAL CENTER,3,567,22
210048,JOHNS HOPKINS HOWARD COUNTY MEDICAL CENTER,5755 CEDAR LANE,COLUMBIA,MD,South,21044,HOWARD,Acute Care Hospitals,Voluntary non-profit - Private,true,3,0,0,2,1,2,1,2,4,210048,JOHNS HOPKINS HOWARD COUNTY MEDICAL CENTER,3,1350,18
210049,UMD UPPER CHESAPEAKE MEDICAL CENTER,500 UPPER CHESAPEAKE DRIVE,BEL AIR,MD,South,21014,HARFORD,Acute Care Hospitals,Voluntary non-profit - Other,true,2,0,1,1,0,1,0,2,1,210049,UMD UPPER CHESAPEAKE MEDICAL CENTER,2,1111,22
210057,ADVENTIST HEALTHCARE SHADY GROVE MEDICAL CENTER,9901 MEDICAL CENTER DRIVE,ROCKVILLE,MD,South,20850,MONTGOMERY,Acute Care Hospitals,Voluntary non-profit - Private,true,2,0,0,0,0,2,1,0,3,210057,ADVENTIST HEALTHCARE SHADY GROVE MEDICAL CENTER,3,1573,15
210062,MEDSTAR SOUTHERN MARYLAND HOSPITAL CENTER,7503 SURRATTS ROAD,CLINTON,MD,South,20735,PRINCE GEORGES,Acute Care Hospitals,Voluntary non-profit - Private,true,2,0,0,2,1,3,0,2,4,210062,MEDSTAR SOUTHERN MARYLAND HOSPITAL CENTER,1,710,12
220010,LAWRENCE GENERAL HOSPITAL,ONE GENERAL STREET,LAWRENCE,MA,Northeast,1842,ESSEX,Acute Care Hospitals,Voluntary non-profit - Private,true,3,0,0,0,0,2,0,0,2,220010,LAWRENCE GENERAL HOSPITAL,3,1012,14
220070,MELROSEWAKEFIELD HEALTHCARE,585 LEBANON STREET,MELROSE,MA,Northeast,2176,MIDDLESEX,Acute Care Hospitals,Voluntary non-profit - Private,true,2,0,0,1,0,1,0,1,1,220070,MELROSEWAKEFIELD HEALTHCARE,3,413,21
220080,HOLY FAMILY HOSPITAL,70 EAST STREET,METHUEN,MA,Northeast,1844,ESSEX,Acute Care Hospitals,Proprietary,true,2,0,0,0,0,1,0,0,1,220080,HOLY FAMILY HOSPITAL,2,497,15
220090,MILFORD REGIONAL MEDICAL CENTER,14 PROSPECT STREET,MILFORD,MA,Northeast,1757,WORCESTER,Acute Care Hospitals,Voluntary non-profit - Other,true,3,0,0,2,1,1,0,2,2,220090,MILFORD REGIONAL MEDICAL CENTER,4,592,24
220100,SOUTH SHORE HOSPITAL,55 FOGG ROAD,SOUTH WEYMOUTH,MA,Northeast,2190,NORFOLK,Acute Care Hospitals,Voluntary non-profit - Private,true,3,0,1,2,3,1,0,3,4,220100,SOUTH SHORE HOSPITAL,3,825,20
220111,GOOD SAMARITAN MEDICAL CENTER,235 NORTH PEARL STREET,BROCKTON,MA,Northeast,2301,PLYMOUTH,Acute Care Hospitals,Proprietary,true,1,0,0,3,2,1,0,3,3,220111,GOOD SAMARITAN MEDICAL CENTER,2,660,15
230142,COREWELL HEALTH WAYNE HOSPITAL,33155 ANNAPOLIS AVE,WAYNE,MI,Midwest,48184,WAYNE,Acute Care Hospitals,Voluntary non-profit - Private,true,1,0,0,3,0,1,0,3,1,230142,COREWELL HEALTH WAYNE HOSPITAL,1,414,14
240002,ESSENTIA HEALTH ST MARY'S MEDICAL CENTER,402 EAST SECOND STREET,DULUTH,MN,Midwest,55805,ST. LOUIS,Acute Care Hospitals,Voluntary non-profit - Private,true,4,0,0,0,0,2,0,0,2,240002,ESSENTIA HEALTH ST MARY'S MEDICAL CENTER,4,654,27
250009,MAGNOLIA REGIONAL HEALTH CENTER,611 ALCORN DRIVE,CORINTH,MS,South,38834,ALCORN,Acute Care Hospitals,Voluntary non-profit - Other,true,3,1,0,0,0,1,0,1,1,250009,MAGNOLIA REGIONAL HEALTH CENTER,4,416,18
250094,MERIT HEALTH WESLEY,5001 W HARDY ST,HATTIESBURG,MS,South,39402,LAMAR,Acute Care Hospitals,Voluntary non-profit - Private,true,2,1,0,1,0,1,0,2,1,250094,MERIT HEALTH WESLEY,3,327,13
260011,SSM HEALTH ST. MARY'S HOSPITAL - JEFFERSON CITY,2505 MISSION DRIVE,JEFFERSON CITY,MO,Midwest,65109,COLE,Acute Care Hospitals,Proprietary,true,3,0,0,0,0,1,0,0,1,260011,SSM HEALTH ST. MARY'S HOSPITAL - JEFFERSON CITY,4,514,25
260023,MERCY HOSPITAL JEFFERSON,1400 US HIGHWAY 61,CRYSTAL CITY,MO,Midwest,63019,JEFFERSON,Acute Care Hospitals,Voluntary non-profit - Private,true,3,0,0,0,0,1,0,0,1,260023,MERCY HOSPITAL JEFFERSON,4,441,21
260062,SAINT LUKES NORTH HOSPITAL,5830 N W BARRY ROAD,KANSAS CITY,MO,Midwest,64154,PLATTE,Acute Care Hospitals,Voluntary non-profit - Private,true,5,0,0,0,0,1,1,0,2,260062,SAINT LUKES NORTH HOSPITAL,4,964,22
260081,SSM ST CLARE HEALTH CENTER,1015 BOWLES,FENTON,MO,Midwest,63026,JEFFERSON,Acute Care Hospitals,Voluntary non-profit - Private,true,3,0,0,0,0,1,0,0,1,260081,SSM ST CLARE HEALTH CENTER,3,467,23
260216,SAINT LUKE'S EAST  HOSPITAL,100 N E SAINT LUKE'S BOULEVARD,LEES SUMMIT,MO,Midwest,64086,JACKSON,Acute Care Hospitals,Voluntary non-profit - Private,true,4,0,0,2,1,1,0,2,2,260216,SAINT LUKE'S EAST  HOSPITAL,4,2406,24
280130,CHI HEALTH LAKESIDE,16901 LAKESIDE HILLS CT,OMAHA,NE,Midwest,68130,DOUGLAS,Acute Care Hospitals,Voluntary non-profit - Church,true,5,0,0,0,0,1,1,0,2,280130,CHI HEALTH LAKESIDE,3,590,21
290007,UNIVERSITY MEDICAL CENTER,1800 W CHARLESTON BLVD,LAS VEGAS,NV,West,89102,CLARK,Acute Care Hospitals,Voluntary non-profit - Other,true,2,0,1,1,0,1,0,2,1,290007,UNIVERSITY MEDICAL CENTER,2,1529,11
290047,SOUTHERN HILLS HOSPITAL AND MEDICAL CENTER,9300 WEST SUNSET RD,LAS VEGAS,NV,West,89148,CLARK,Acute Care Hospitals,Proprietary,true,4,0,0,0,2,1,0,0,3,290047,SOUTHERN HILLS HOSPITAL AND MEDICAL CENTER,2,604,17
290057,HENDERSON HOSPITAL,1050 WEST GALLERIA DRIVE,HENDERSON,NV,West,89011,CLARK,Acute Care Hospitals,Proprietary,true,2,0,0,2,0,3,0,2,3,290057,HENDERSON HOSPITAL,2,586,12
300020,SOUTHERN NH MEDICAL CENTER,8 PROSPECT STREET,NASHUA,NH,Northeast,3060,HILLSBOROUGH,Acute Care Hospitals,Voluntary non-profit - Private,true,3,0,0,1,0,1,0,1,1,300020,SOUTHERN NH MEDICAL CENTER,3,480,21
310005,HUNTERDON MEDICAL CENTER,2100 WESCOTT DRIVE,FLEMINGTON,NJ,Northeast,8822,HUNTERDON,Acute Care Hospitals,Voluntary non-profit - Private,false,4,0,0,0,1,0,0,0,1,310005,HUNTERDON MEDICAL CENTER,3,670,23
310050,SAINT CLARE'S HOSPITAL/ DENVILLE CAMPUS,25 POCONO ROAD,DENVILLE,NJ,Northeast,7834,MORRIS,Acute Care Hospitals,Proprietary,true,3,0,1,0,0,1,0,1,1,310050,SAINT CLARE'S HOSPITAL/ DENVILLE CAMPUS,2,882,28
310111,CENTRASTATE MEDICAL CENTER,901 WEST MAIN STREET,FREEHOLD,NJ,Northeast,7728,MONMOUTH,Acute Care Hospitals,Voluntary non-profit - Private,true,2,0,1,3,1,2,1,4,4,310111,CENTRASTATE MEDICAL CENTER,3,1330,22
330045,NS/LIJ HS HUNTINGTON HOSPITAL,270 PARK AVENUE,HUNTINGTON,NY,Northeast,11743,SUFFOLK,Acute Care Hospitals,Voluntary non-profit - Private,true,5,0,0,2,3,2,0,2,5,330045,NS/LIJ HS HUNTINGTON HOSPITAL,3,466,19
330107,PECONIC BAY MEDICAL CENTER,1 HEROS WAY,RIVERHEAD,NY,Northeast,11901,SUFFOLK,Acute Care Hospitals,Voluntary non-profit - Other,true,3,0,0,1,0,2,0,1,2,330107,PECONIC BAY MEDICAL CENTER,3,476,20
330141,LONG ISLAND COMMUNITY HOSPITAL,101 HOSPITAL ROAD,PATCHOGUE,NY,Northeast,11772,SUFFOLK,Acute Care Hospitals,Voluntary non-profit - Private,true,2,0,1,2,0,1,0,3,1,330141,LONG ISLAND COMMUNITY HOSPITAL,2,703,18
330185,JOHN T MATHER MEMORIAL HOSPITAL  OF PORT JEFFERSON,75 NORTH COUNTRY ROAD,PORT JEFFERSON,NY,Northeast,11777,SUFFOLK,Acute Care Hospitals,Voluntary non-profit - Private,true,5,0,0,0,2,3,0,0,5,330185,JOHN T MATHER MEMORIAL HOSPITAL  OF PORT JEFFERSON,4,498,24
330264,MONTEFIORE ST LUKE'S CORNWALL,70 DUBOIS STREET,NEWBURGH,NY,Northeast,12550,ORANGE,Acute Care Hospitals,Voluntary non-profit - Other,true,3,0,0,1,0,0,0,1,0,330264,MONTEFIORE ST LUKE'S CORNWALL,2,1034,16
330401,ST CATHERINE OF SIENA HOSPITAL,50 ROUTE 25A,SMITHTOWN,NY,Northeast,11787,SUFFOLK,Acute Care Hospitals,Voluntary non-profit - Church,true,4,0,0,1,1,2,0,1,3,330401,ST CATHERINE OF SIENA HOSPITAL,3,811,23
340130,ATRIUM HEALTH UNION,600 HOSPITAL DR,MONROE,NC,South,28112,UNION,Acute Care Hospitals,Government - Hospital District or Authority,true,3,0,0,3,0,1,0,3,1,340130,ATRIUM HEALTH UNION,4,1033,18
340183,NOVANT HEALTH HUNTERSVILLE MEDICAL CENTER,10030 GILEAD ROAD,HUNTERSVILLE,NC,South,28078,MECKLENBURG,Acute Care Hospitals,Voluntary non-profit - Private,true,4,0,0,0,0,1,0,0,1,340183,NOVANT HEALTH HUNTERSVILLE MEDICAL CENTER,3,359,16
360079,KETTERING HEALTH MAIN CAMPUS,3535 SOUTHERN BOULEVARD,KETTERING,OH,Midwest,45429,MONTGOMERY,Acute Care Hospitals,Voluntary non-profit - Church,true,3,0,1,1,0,4,0,2,4,360079,KETTERING HEALTH MAIN CAMPUS,3,1504,20
360172,MERCY REGIONAL MEDICAL CENTER,3700 KOLBE ROAD,LORAIN,OH,Midwest,44053,LORAIN,Acute Care Hospitals,Voluntary non-profit - Private,true,2,0,1,1,0,2,0,2,2,360172,MERCY REGIONAL MEDICAL CENTER,3,492,17
360234,MERCY HEALTH - WEST HOSPITAL,3300 MERCY HEALTH BLVD,CINCINNATI,OH,Midwest,45211,HAMILTON,Acute Care Hospitals,Voluntary non-profit - Private,true,4,0,0,0,1,1,0,0,2,360234,MERCY HEALTH - WEST HOSPITAL,3,1015,20
370014,ALLIANCEHEALTH DURANT,1800 UNIVERSITY BOULEVARD,DURANT,OK,South,74702,BRYAN,Acute Care Hospitals,Proprietary,true,1,0,0,3,0,0,0,3,0,370014,ALLIANCEHEALTH DURANT,2,320,10
370094,SSM HEALTH ST ANTHONY HOSPITAL - MIDWEST,2825 PARKLAWN DRIVE,MIDWEST CITY,OK,South,73110,OKLAHOMA,Acute Care Hospitals,Voluntary non-profit - Private,true,2,0,0,0,0,1,0,0,1,370094,SSM HEALTH ST ANTHONY HOSPITAL - MIDWEST,2,586,15
380021,HILLSBORO MEDICAL CENTER,335 SE 8TH AVENUE,HILLSBORO,OR,West,97123,WASHINGTON,Acute Care Hospitals,Voluntary non-profit - Private,true,2,0,0,0,0,0,0,0,0,380021,HILLSBORO MEDICAL CENTER,2,673,19
380089,LEGACY MERIDIAN PARK MEDICAL CENTER,19300 SW 65TH AVENUE,TUALATIN,OR,West,97062,WASHINGTON,Acute Care Hospitals,Voluntary non-profit - Private,true,2,0,1,1,0,1,0,2,1,380089,LEGACY MERIDIAN PARK MEDICAL CENTER,3,1048,29
390057,ST LUKE'S HOSPITAL - GRAND VIEW CAMPUS,700 LAWN AVENUE,SELLERSVILLE,PA,Northeast,18960,BUCKS,Acute Care Hospitals,Voluntary non-profit - Other,true,5,0,0,0,0,0,0,0,0,390057,ST LUKE'S HOSPITAL - GRAND VIEW CAMPUS,3,450,30
390222,RIDDLE MEMORIAL HOSPITAL,1068 WEST BALTIMORE PIKE,MEDIA,PA,Northeast,19063,DELAWARE,Acute Care Hospitals,Voluntary non-profit - Private,true,3,0,0,1,0,1,1,1,2,390222,RIDDLE MEMORIAL HOSPITAL,4,1112,26
390268,MOUNT NITTANY MEDICAL CENTER,155 WELLNESS WAY,STATE COLLEGE,PA,Northeast,16803,CENTRE,Acute Care Hospitals,Voluntary non-profit - Private,true,5,0,0,0,0,1,0,0,1,390268,MOUNT NITTANY MEDICAL CENTER,4,443,29
390328,UPMC EAST,2775 MOSSIDE BOULEVARD,MONROEVILLE,PA,Northeast,15146,ALLEGHENY,Acute Care Hospitals,Voluntary non-profit - Private,true,4,0,0,0,1,0,0,0,1,390328,UPMC EAST,3,510,28
420018,PRISMA HEALTH RICHLAND HOSPITAL,5 MEDICAL PARK,COLUMBIA,SC,South,29203,RICHLAND,Acute Care Hospitals,Voluntary non-profit - Private,true,3,0,0,1,0,1,0,1,1,420018,PRISMA HEALTH RICHLAND HOSPITAL,3,1155,12
420065,BON SECOURS-ST FRANCIS XAVIER HOSPITAL,2095 HENRY TECKLENBURG DRIVE,CHARLESTON,SC,South,29414,CHARLESTON,Acute Care Hospitals,Voluntary non-profit - Private,true,4,0,0,0,0,1,1,0,2,420065,BON SECOURS-ST FRANCIS XAVIER HOSPITAL,4,1333,18
420105,MCLEOD LORIS  HOSPITAL,3655 MITCHELL STREET,LORIS,SC,South,29569,HORRY,Acute Care Hospitals,Voluntary non-profit - Private,false,4,0,0,0,0,1,0,0,1,420105,MCLEOD LORIS  HOSPITAL,4,1124,24
440006,TRISTAR SKYLINE MEDICAL CENTER,3441 DICKERSON PIKE,NASHVILLE,TN,South,37207,DAVIDSON,Acute Care Hospitals,Voluntary non-profit - Private,true,2,1,0,2,0,3,0,3,3,440006,TRISTAR SKYLINE MEDICAL CENTER,2,596,16
440053,SAINT THOMAS RUTHERFORD HOSPITAL,1700 MEDICAL CENTER PARKWAY,MURFREESBORO,TN,South,37129,RUTHERFORD,Acute Care Hospitals,Voluntary non-profit - Church,true,2,0,0,2,0,2,0,2,2,440053,SAINT THOMAS RUTHERFORD HOSPITAL,2,244,17
440150,TRISTAR SUMMIT MEDICAL CENTER,5655 FRIST BLVD,HERMITAGE,TN,South,37076,DAVIDSON,Acute Care Hospitals,Proprietary,true,2,0,1,0,0,3,0,1,3,440150,TRISTAR SUMMIT MEDICAL CENTER,2,545,17
440185,AFFILIATE OF VITRUVIAN HEALTH,2305 CHAMBLISS AVE NW,CLEVELAND,TN,South,37311,BRADLEY,Acute Care Hospitals,Proprietary,true,2,0,0,1,0,1,1,1,2,440185,AFFILIATE OF VITRUVIAN HEALTH,2,559,17
440194,TRISTAR HENDERSONVILLE MEDICAL CENTER,355 NEW SHACKLE ISLAND RD,HENDERSONVILLE,TN,South,37075,SUMNER,Acute Care Hospitals,Proprietary,true,4,0,0,0,0,1,1,0,2,440194,TRISTAR HENDERSONVILLE MEDICAL CENTER,3,573,19
450015,PARKLAND HEALTH & HOSPITAL SYSTEM,5200 HARRY HINES BLVD,DALLAS,TX,South,75235,DALLAS,Acute Care Hospitals,Government - Hospital District or Authority,true,2,0,1,0,1,1,0,1,2,450015,PARKLAND HEALTH & HOSPITAL SYSTEM,3,1516,5
450033,VHS HARLINGEN HOSPITAL COMPANY LLC,2101 PEASE ST,HARLINGEN,TX,South,78550,CAMERON,Acute Care Hospitals,Proprietary,true,2,1,1,0,0,3,0,2,3,450033,VHS HARLINGEN HOSPITAL COMPANY LLC,2,671,11
450039,JPS HEALTH NETWORK,1500 S MAIN ST,FORT WORTH,TX,South,76104,TARRANT,Acute Care Hospitals,Government - Hospital District or Authority,true,4,0,0,0,0,1,0,0,1,450039,JPS HEALTH NETWORK,3,2350,22
450051,METHODIST DALLAS MEDICAL CENTER,1441 NORTH BECKLEY AVENUE,DALLAS,TX,South,75203,DALLAS,Acute Care Hospitals,Voluntary non-profit - Other,true,3,0,1,0,0,1,0,1,1,450051,METHODIST DALLAS MEDICAL CENTER,3,746,12
450135,TEXAS HEALTH HARRIS METHODIST FORT WORTH,1301 PENNSYLVANIA AVENUE,FORT WORTH,TX,South,76104,TARRANT,Acute Care Hospitals,Voluntary non-profit - Private,true,4,1,0,0,0,4,0,1,4,450135,TEXAS HEALTH HARRIS METHODIST FORT WORTH,3,3435,15
450196,PARIS REGIONAL MEDICAL CENTER,865 DESHONG DR,PARIS,TX,South,75460,LAMAR,Acute Care Hospitals,Proprietary,true,1,2,0,0,0,2,0,2,2,450196,PARIS REGIONAL MEDICAL CENTER,2,1133,17
450209,NORTHWEST TEXAS HOSPITAL,1501 S  COULTER ST,AMARILLO,TX,South,79106,POTTER,Acute Care Hospitals,Voluntary non-profit - Private,true,3,0,0,0,0,2,2,0,4,450209,NORTHWEST TEXAS HOSPITAL,3,608,13
450352,HUNT REGIONAL MEDICAL CENTER,4215 JOE RAMSEY BLVD E,GREENVILLE,TX,South,75401,HUNT,Acute Care Hospitals,Government - Hospital District or Authority,true,3,0,0,1,0,0,0,1,0,450352,HUNT REGIONAL MEDICAL CENTER,3,958,16
450403,MEDICAL CENTER OF MCKINNEY,4500 MEDICAL CENTER DRIVE,MCKINNEY,TX,South,75069,COLLIN,Acute Care Hospitals,Proprietary,true,3,0,0,1,0,1,0,1,1,450403,MEDICAL CENTER OF MCKINNEY,3,618,13
450610,MEMORIAL HERMANN MEMORIAL CITY HOSPITAL,921 GESSNER,HOUSTON,TX,South,77024,HARRIS,Acute Care Hospitals,Voluntary non-profit - Private,true,3,0,0,1,2,1,1,1,4,450610,MEMORIAL HERMANN MEMORIAL CITY HOSPITAL,3,583,12
450634,MEDICAL CITY DENTON,3535 SOUTH I35 EAST,DENTON,TX,South,76210,DENTON,Acute Care Hospitals,Proprietary,true,4,0,0,3,0,5,0,3,5,450634,MEDICAL CITY DENTON,3,872,18
450639,TEXAS HEALTH HARRIS METHODIST HURST-EULESS-BEDFORD,1600 HOSPITAL PARKWAY,BEDFORD,TX,South,76022,TARRANT,Acute Care Hospitals,Voluntary non-profit - Private,true,3,0,0,0,0,2,0,0,2,450639,TEXAS HEALTH HARRIS METHODIST HURST-EULESS-BEDFORD,3,947,15
450668,SIERRA MEDICAL CENTER,1625 MEDICAL CENTER DR,EL PASO,TX,South,79902,EL PASO,Acute Care Hospitals,Proprietary,true,2,0,0,0,0,2,0,0,2,450668,SIERRA MEDICAL CENTER,2,1204,18
450670,HCA HOUSTON HEALTHCARE TOMBALL,605 HOLDERRIETH,TOMBALL,TX,South,77375,HARRIS,Acute Care Hospitals,Proprietary,true,2,1,0,2,0,3,0,3,3,450670,HCA HOUSTON HEALTHCARE TOMBALL,2,512,13
450723,METHODIST CHARLTON MEDICAL CENTER,3500 W WHEATLAND ROAD,DALLAS,TX,South,75237,DALLAS,Acute Care Hospitals,Voluntary non-profit - Private,true,3,0,0,1,0,2,0,1,2,450723,METHODIST CHARLTON MEDICAL CENTER,3,626,11
450788,"CORPUS CHRISTI MEDICAL CENTER,THE",3315 S ALAMEDA ST,CORPUS CHRISTI,TX,South,78411,NUECES,Acute Care Hospitals,Voluntary non-profit - Other,true,4,0,0,0,0,4,0,0,4,450788,"CORPUS CHRISTI MEDICAL CENTER,THE",3,1159,12
450855,HARLINGEN MEDICAL CENTER,5501 SOUTH EXPRESSWAY 77,HARLINGEN,TX,South,78550,CAMERON,Acute Care Hospitals,Proprietary,true,4,0,0,0,0,1,0,0,1,450855,HARLINGEN MEDICAL CENTER,3,403,41
490040,INOVA ALEXANDRIA HOSPITAL,4320 SEMINARY RD,ALEXANDRIA,VA,South,22304,ALEXANDRIA CITY,Acute Care Hospitals,Voluntary non-profit - Private,true,4,0,0,3,1,2,1,3,4,490040,INOVA ALEXANDRIA HOSPITAL,3,596,17
490046,SENTARA LEIGH HOSPITAL,830 KEMPSVILLE ROAD,NORFOLK,VA,South,23502,NORFOLK CITY,Acute Care Hospitals,Voluntary non-profit - Other,false,4,0,0,2,0,3,1,2,4,490046,SENTARA LEIGH HOSPITAL,3,697,19
490107,RESTON HOSPITAL CENTER,1850 TOWN CENTER PARKWAY,RESTON,VA,South,20190,FAIRFAX,Acute Care Hospitals,Voluntary non-profit - Private,true,3,0,0,2,0,4,0,2,4,490107,RESTON HOSPITAL CENTER,2,523,21
490110,LEWISGALE HOSPITAL MONTGOMERY,3700 SOUTH MAIN STREET,BLACKSBURG,VA,South,24060,MONTGOMERY,Acute Care Hospitals,Proprietary,true,3,0,0,1,0,0,1,1,1,490110,LEWISGALE HOSPITAL MONTGOMERY,4,507,22
490119,SENTARA PRINCESS ANNE HOSPITAL,2025 GLENN MITCHELL DRIVE,VIRGINIA BEACH,VA,South,23456,VIRGINIA BEACH CITY,Acute Care Hospitals,Voluntary non-profit - Other,false,4,0,0,0,0,1,0,0,1,490119,SENTARA PRINCESS ANNE HOSPITAL,4,775,22
490136,BON SECOURS ST FRANCIS MEDICAL CENTER,13710 ST FRANCIS BOULEVARD,MIDLOTHIAN,VA,South,23114,CHESTERFIELD,Acute Care Hospitals,Voluntary non-profit - Church,true,3,0,0,1,0,1,0,1,1,490136,BON SECOURS ST FRANCIS MEDICAL CENTER,3,659,18
500079,MULTICARE GOOD SAMARITAN HOSPITAL,401 15TH AVENUE SE,PUYALLUP,WA,West,98372,PIERCE,Acute Care Hospitals,Voluntary non-profit - Private,true,2,1,0,0,0,4,0,1,4,500079,MULTICARE GOOD SAMARITAN HOSPITAL,2,1272,18
520103,COMMUNITY MEMORIAL HOSPITAL,W180 N8085 TOWN HALL RD,MENOMONEE FALLS,WI,Midwest,53051,WAUKESHA,Acute Care Hospitals,Voluntary non-profit - Private,true,3,0,0,2,0,1,0,2,1,520103,COMMUNITY MEMORIAL HOSPITAL,4,712,34
670082,BAYLOR SCOTT AND WHITE  MEDICAL CENTER  MCKINNEY,5252 WEST UNIVERSITY DRIVE,MC KINNEY,TX,South,75071,COLLIN,Acute Care Hospitals,Voluntary non-profit - Private,true,4,0,0,0,1,1,0,0,2,670082,BAYLOR SCOTT AND WHITE  MEDICAL CENTER  MCKINNEY,3,1138,15
10005,MARSHALL MEDICAL CENTERS,2505 U S HIGHWAY 431 NORTH,BOAZ,AL,South,35957,MARSHALL,Acute Care Hospitals,Government - Hospital District or Authority,true,3,1,0,1,0,0,0,2,0,10005,MARSHALL MEDICAL CENTERS,3,644,16
10011,ST. VINCENT'S EAST,50 MEDICAL PARK EAST DRIVE,BIRMINGHAM,AL,South,35235,JEFFERSON,Acute Care Hospitals,Voluntary non-profit - Private,true,2,1,0,1,0,3,0,2,3,10011,ST. VINCENT'S EAST,3,390,22
10016,SHELBY BAPTIST MEDICAL CENTER,1000 FIRST STREET NORTH,ALABASTER,AL,South,35007,SHELBY,Acute Care Hospitals,Voluntary non-profit - Private,true,2,0,1,1,0,1,0,2,1,10016,SHELBY BAPTIST MEDICAL CENTER,3,871,19
10040,GADSDEN REGIONAL MEDICAL CENTER,1007 GOODYEAR AVENUE,GADSDEN,AL,South,35903,ETOWAH,Acute Care Hospitals,Proprietary,true,1,1,1,0,0,1,0,2,1,10040,GADSDEN REGIONAL MEDICAL CENTER,2,491,16
10090,"USA HEALTH HCA PROVIDENCE HOSPITAL, LLC",6801 AIRPORT BOULEVARD,MOBILE,AL,South,36608,MOBILE,Acute Care Hospitals,Voluntary non-profit - Church,true,3,0,0,1,0,2,0,1,2,10090,"USA HEALTH HCA PROVIDENCE HOSPITAL, LLC",2,1370,16
10100,THOMAS HOSPITAL,750 MORPHY AVENUE,FAIRHOPE,AL,South,36532,BALDWIN,Acute Care Hospitals,Voluntary non-profit - Private,true,3,0,0,0,0,1,1,0,2,10100,THOMAS HOSPITAL,4,558,23
10103,PRINCETON BAPTIST MEDICAL CENTER,701 PRINCETON AVENUE SOUTHWEST,BIRMINGHAM,AL,South,35211,JEFFERSON,Acute Care Hospitals,Voluntary non-profit - Church,true,3,1,0,0,1,2,0,1,3,10103,PRINCETON BAPTIST MEDICAL CENTER,3,971,17
20017,ALASKA REGIONAL HOSPITAL,2801 DEBARR ROAD,ANCHORAGE,AK,West,99508,ANCHORAGE,Acute Care Hospitals,Proprietary,true,2,0,0,3,0,2,0,3,2,20017,ALASKA REGIONAL HOSPITAL,3,599,18
30061,BANNER BOSWELL MEDICAL CENTER,13632 N 99TH AVE,SUN CITY,AZ,West,85351,MARICOPA,Acute Care Hospitals,Voluntary non-profit - Other,true,3,0,1,2,0,2,0,3,2,30061,BANNER BOSWELL MEDICAL CENTER,2,584,22
30092,HONORHEALTH DEER VALLEY MEDICAL CENTER,19829 NORTH 27TH AVENUE,PHOENIX,AZ,West,85027,MARICOPA,Acute Care Hospitals,Voluntary non-profit - Private,true,2,0,0,1,0,2,0,1,2,30092,HONORHEALTH DEER VALLEY MEDICAL CENTER,3,515,19
30094,ABRAZO ARROWHEAD HOSPITAL,18701 NORTH 67TH AVENUE,GLENDALE,AZ,West,85308,MARICOPA,Acute Care Hospitals,Proprietary,true,2,0,0,1,0,4,0,1,4,30094,ABRAZO ARROWHEAD HOSPITAL,2,1507,17
40036,BAPTIST HEALTH MEDICAL CENTER NORTH LITTLE ROCK,3333 SPRINGHILL DRIVE,NORTH LITTLE ROCK,AR,South,72117,PULASKI,Acute Care Hospitals,Voluntary non-profit - Private,true,1,2,1,0,0,3,0,3,3,40036,BAPTIST HEALTH MEDICAL CENTER NORTH LITTLE ROCK,2,1273,18
40078,NATIONAL PARK MEDICAL CENTER,1910 MALVERN AVENUE,HOT SPRINGS,AR,South,71901,GARLAND,Acute Care Hospitals,Proprietary,true,1,0,0,2,0,1,0,2,1,40078,NATIONAL PARK MEDICAL CENTER,2,704,19
50026,GROSSMONT HOSPITAL,5555 GROSSMONT CENTER DRIVE BOX 58,LA MESA,CA,West,91942,SAN DIEGO,Acute Care Hospitals,Government - Hospital District or Authority,true,3,1,0,1,1,3,0,2,4,50026,GROSSMONT HOSPITAL,3,2973,16
50058,GLENDALE MEM HOSPITAL & HLTH CENTER,1420 S CENTRAL AVE,GLENDALE,CA,West,91204,LOS ANGELES,Acute Care Hospitals,Voluntary non-profit - Private,true,3,0,0,1,2,1,0,1,3,50058,GLENDALE MEM HOSPITAL & HLTH CENTER,3,624,11
50069,PROVIDENCE ST. JOSEPH HOSPITAL,1100 WEST STEWART DR,ORANGE,CA,West,92868,ORANGE,Acute Care Hospitals,Voluntary non-profit - Church,true,4,0,0,0,1,2,0,0,3,50069,PROVIDENCE ST. JOSEPH HOSPITAL,3,404,16
50115,PALOMAR HEALTH DOWNTOWN CAMPUS,555 EAST VALLEY PARKWAY,ESCONDIDO,CA,West,92025,SAN DIEGO,Acute Care Hospitals,Government - Hospital District or Authority,true,2,0,0,0,0,1,1,0,2,50115,PALOMAR HEALTH DOWNTOWN CAMPUS,3,2373,16
50159,VENTURA COUNTY MEDICAL CENTER,300 HILLMONT AVENUE,VENTURA,CA,West,93003,VENTURA,Acute Care Hospitals,Government - Local,true,2,0,0,0,0,0,0,0,0,50159,VENTURA COUNTY MEDICAL CENTER,3,767,17
50228,ZUCKERBERG SAN FRANCISCO GENERAL HOSP & TRAUMA CTR,1001 POTRERO AVENUE,SAN FRANCISCO,CA,West,94110,SAN FRANCISCO,Acute Care Hospitals,Government - Local,true,1,1,0,3,1,3,0,4,4,50228,ZUCKERBERG SAN FRANCISCO GENERAL HOSP & TRAUMA CTR,3,1334,13
50239,GLENDALE ADVENTIST MEDICAL CENTER,1509 E WILSON TERRACE,GLENDALE,CA,West,91206,LOS ANGELES,Acute Care Hospitals,Voluntary non-profit - Private,true,4,0,0,1,2,5,0,1,7,50239,GLENDALE ADVENTIST MEDICAL CENTER,3,681,13
50283,STANFORD HEALTH CARE TRI-VALLEY,5555 WEST LAS POSITAS BOULEVARD,PLEASANTON,CA,West,94588,ALAMEDA,Acute Care Hospitals,Voluntary non-profit - Private,true,4,0,0,0,0,1,1,0,2,50283,STANFORD HEALTH CARE TRI-VALLEY,3,976,21
50382,EMANATE HEALTH INTER-COMMUNITY HOSPITAL,210 W  SAN BERNARDINO ROAD,COVINA,CA,West,91723,LOS ANGELES,Acute Care Hospitals,Proprietary,true,1,1,0,2,0,2,0,3,2,50382,EMANATE HEALTH INTER-COMMUNITY HOSPITAL,2,890,11
50471,PIH HEALTH GOOD SAMARITAN HOSPITAL,1225 WILSHIRE BOULEVARD,LOS ANGELES,CA,West,90017,LOS ANGELES,Acute Care Hospitals,Proprietary,false,2,0,0,3,0,1,0,3,1,50471,PIH HEALTH GOOD SAMARITAN HOSPITAL,2,920,18
50624,HENRY MAYO NEWHALL  HOSPITAL,23845  MCBEAN PKWY,VALENCIA,CA,West,91355,LOS ANGELES,Acute Care Hospitals,Voluntary non-profit - Private,false,2,0,0,2,0,1,0,2,1,50624,HENRY MAYO NEWHALL  HOSPITAL,3,526,17
50678,MEMORIALCARE ORANGE COAST MEDICAL CENTER,9920 TALBERT AVENUE,FOUNTAIN VALLEY,CA,West,92708,ORANGE,Acute Care Hospitals,Proprietary,true,3,0,0,0,1,0,0,0,1,50678,MEMORIALCARE ORANGE COAST MEDICAL CENTER,3,1899,24
60020,"PARKVIEW MEDICAL CENTER, INC",400 W 16TH ST,PUEBLO,CO,West,81003,PUEBLO,Acute Care Hospitals,Voluntary non-profit - Private,true,2,0,0,1,0,2,1,1,3,60020,"PARKVIEW MEDICAL CENTER, INC",2,1373,18
60027,BOULDER COMMUNITY HEALTH,4747 ARAPAHOE AVENUE,BOULDER,CO,West,80304,BOULDER,Acute Care Hospitals,Voluntary non-profit - Private,true,4,0,0,0,0,1,0,0,1,60027,BOULDER COMMUNITY HEALTH,4,1017,26
60028,SAINT JOSEPH HOSPITAL,1375 E 19TH AVE,DENVER,CO,West,80218,DENVER,Acute Care Hospitals,Voluntary non-profit - Private,true,5,0,0,0,0,3,0,0,3,60028,SAINT JOSEPH HOSPITAL,4,1302,21
60064,AdventHealth Porter,2525 S DOWNING ST,DENVER,CO,West,80210,DENVER,Acute Care Hospitals,Voluntary non-profit - Private,true,4,0,0,0,0,2,1,0,3,60064,AdventHealth Porter,3,616,21
60100,THE MEDICAL CENTER OF AURORA & SOUTH HOSPITAL,1501 S POTOMAC ST,AURORA,CO,West,80012,ARAPAHOE,Acute Care Hospitals,Proprietary,true,3,0,1,1,0,1,2,2,3,60100,THE MEDICAL CENTER OF AURORA & SOUTH HOSPITAL,2,741,19
70024,WILLIAM W BACKUS HOSPITAL,326 WASHINGTON ST,NORWICH,CT,Northeast,6360,NEW LONDON,Acute Care Hospitals,Voluntary non-profit - Other,true,4,0,0,1,0,3,0,1,3,70024,WILLIAM W BACKUS HOSPITAL,3,903,20
70031,GRIFFIN HOSPITAL,130 DIVISION ST,DERBY,CT,Northeast,6418,NEW HAVEN,Acute Care Hospitals,Voluntary non-profit - Other,true,4,0,0,2,0,1,0,2,1,70031,GRIFFIN HOSPITAL,3,689,22
90001,GEORGE WASHINGTON UNIV HOSPITAL,900 23RD ST NW,WASHINGTON,DC,South,20037,THE DISTRICT,Acute Care Hospitals,Proprietary,true,1,0,1,0,0,1,0,1,1,90001,GEORGE WASHINGTON UNIV HOSPITAL,2,519,11
90004,MEDSTAR GEORGETOWN UNIVERSITY HOSPITAL,3800 RESERVOIR RD,WASHINGTON,DC,South,20007,THE DISTRICT,Acute Care Hospitals,Proprietary,true,3,0,1,2,0,2,1,3,3,90004,MEDSTAR GEORGETOWN UNIVERSITY HOSPITAL,3,1701,16
100022,JACKSON HEALTH SYSTEM,1611 NW 12TH AVE,MIAMI,FL,South,33136,MIAMI-DADE,Acute Care Hospitals,Government - Hospital District or Authority,true,1,3,1,2,0,4,0,6,4,100022,JACKSON HEALTH SYSTEM,3,4475,10
100023,HCA FLORIDA CITRUS HOSPITAL,502 W HIGHLAND BLVD,INVERNESS,FL,South,34452,CITRUS,Acute Care Hospitals,Government - Hospital District or Authority,true,2,0,0,1,0,1,0,1,1,100023,HCA FLORIDA CITRUS HOSPITAL,2,492,30
100057,ADVENTHEALTH WATERMAN,1000 WATERMAN WAY,TAVARES,FL,South,32778,LAKE,Acute Care Hospitals,Voluntary non-profit - Church,false,4,0,0,0,1,1,0,0,2,100057,ADVENTHEALTH WATERMAN,3,2728,21
100068,ADVENTHEALTH DAYTONA BEACH,301 MEMORIAL MEDICAL PARKWAY,DAYTONA BEACH,FL,South,32117,VOLUSIA,Acute Care Hospitals,Voluntary non-profit - Church,true,4,0,0,1,4,1,1,1,6,100068,ADVENTHEALTH DAYTONA BEACH,3,2698,22
100077,Adventhealth Port Charlotte,2500 HARBOR BLVD,PORT CHARLOTTE,FL,South,33952,CHARLOTTE,Acute Care Hospitals,Proprietary,true,1,0,0,3,0,2,0,3,2,100077,Adventhealth Port Charlotte,1,828,24
100080,HCA FLORIDA JFK HOSPITAL,5301 S CONGRESS AVE,ATLANTIS,FL,South,33462,PALM BEACH,Acute Care Hospitals,Proprietary,true,2,0,0,3,1,2,0,3,3,100080,HCA FLORIDA JFK HOSPITAL,2,850,14
100084,UF HEALTH LEESBURG HOSPITAL,600 E DIXIE AVE,LEESBURG,FL,South,34748,LAKE,Acute Care Hospitals,Voluntary non-profit - Private,true,3,0,0,1,1,1,0,1,2,100084,UF HEALTH LEESBURG HOSPITAL,3,2573,29
100090,FLAGLER HOSPITAL,400 HEALTH PARK BLVD,SAINT AUGUSTINE,FL,South,32086,ST. JOHNS,Acute Care Hospitals,Voluntary non-profit - Private,true,2,0,0,1,0,1,0,1,1,100090,FLAGLER HOSPITAL,3,417,21
100176,PALM BEACH GARDENS MEDICAL CENTER,3360 BURNS RD,PALM BEACH GARDENS,FL,South,33410,PALM BEACH,Acute Care Hospitals,Proprietary,true,1,0,0,1,0,1,0,1,1,100176,PALM BEACH GARDENS MEDICAL CENTER,2,1063,21
100179,HCA FLORIDA MEMORIAL HOSPITAL,3625 UNIVERSITY BLVD S,JACKSONVILLE,FL,South,32216,DUVAL,Acute Care Hospitals,Proprietary,true,2,0,0,2,1,4,0,2,5,100179,HCA FLORIDA MEMORIAL HOSPITAL,2,614,12
100212,MARION COMMUNTIY HOSPITAL,1431 SW 1ST AVE,OCALA,FL,South,34471,MARION,Acute Care Hospitals,Proprietary,true,1,2,1,2,0,4,0,5,4,100212,MARION COMMUNTIY HOSPITAL,2,1040,26
100213,HCA FLORIDA BLAKE HOSPITAL,2020 59TH ST W,BRADENTON,FL,South,34209,MANATEE,Acute Care Hospitals,Proprietary,true,2,0,0,2,0,3,0,2,3,100213,HCA FLORIDA BLAKE HOSPITAL,2,574,21
100223,HCA FLORIDA FORT WALTON-DESTIN HOSPITAL,1000 MAR-WALT DR,FORT WALTON BEACH,FL,South,32547,OKALOOSA,Acute Care Hospitals,Proprietary,true,3,0,0,1,1,2,0,1,3,100223,HCA FLORIDA FORT WALTON-DESTIN HOSPITAL,3,579,20
100226,HCA FLORIDA ORANGE PARK HOSPITAL,2001 KINGSLEY AVE,ORANGE PARK,FL,South,32073,CLAY,Acute Care Hospitals,Voluntary non-profit - Other,true,3,0,0,0,0,2,0,0,2,100226,HCA FLORIDA ORANGE PARK HOSPITAL,2,653,13
100258,DELRAY MEDICAL CENTER,5352 LINTON BLVD,DELRAY BEACH,FL,South,33484,PALM BEACH,Acute Care Hospitals,Proprietary,true,1,0,1,1,4,2,0,2,6,100258,DELRAY MEDICAL CENTER,1,1690,24
100264,HCA FLORIDA OAK HILL HOSPITAL,11375 CORTEZ BLVD,BROOKSVILLE,FL,South,34613,HERNANDO,Acute Care Hospitals,Proprietary,true,2,0,0,2,1,2,0,2,3,100264,HCA FLORIDA OAK HILL HOSPITAL,2,617,22
100265,MEASE COUNTRYSIDE HOSPITAL,3231 MCMULLEN BOOTH RD,SAFETY HARBOR,FL,South,34695,PINELLAS,Acute Care Hospitals,Voluntary non-profit - Private,true,4,0,0,0,0,2,0,0,2,100265,MEASE COUNTRYSIDE HOSPITAL,3,3028,22
100286,PHYSICIANS REGIONAL MEDICAL CENTER - PINE RIDGE,6101 PINE RIDGE ROAD,NAPLES,FL,South,34119,COLLIER,Acute Care Hospitals,Proprietary,true,1,0,0,4,0,1,0,4,1,100286,PHYSICIANS REGIONAL MEDICAL CENTER - PINE RIDGE,2,2663,26
110064,PIEDMONT COLUMBUS REGIONAL MIDTOWN,710 CENTER STREET,COLUMBUS,GA,South,31901,MUSCOGEE,Acute Care Hospitals,Voluntary non-profit - Other,true,1,2,0,1,0,1,0,3,1,110064,PIEDMONT COLUMBUS REGIONAL MIDTOWN,3,456,9
110168,ADVENTHEALTH REDMOND,501 REDMOND ROAD NW,ROME,GA,South,30165,FLOYD,Acute Care Hospitals,Proprietary,false,4,0,0,0,2,1,0,0,3,110168,ADVENTHEALTH REDMOND,3,1062,18
140117,AMITA HEALTH RESURRECTION MEDICAL CENTER,7435 W TALCOTT AVENUE,CHICAGO,IL,Midwest,60631,COOK,Acute Care Hospitals,Voluntary non-profit - Church,true,4,0,0,0,1,2,0,0,3,140117,AMITA HEALTH RESURRECTION MEDICAL CENTER,2,768,25
140182,ADVOCATE ILLINOIS MASONIC MEDICAL CENTER,836 WEST WELLINGTON AVENUE,CHICAGO,IL,Midwest,60657,COOK,Acute Care Hospitals,Voluntary non-profit - Private,true,3,0,0,1,1,1,0,1,2,140182,ADVOCATE ILLINOIS MASONIC MEDICAL CENTER,3,1012,16
140185,MEMORIAL HOSPITAL,4500 MEMORIAL DRIVE,BELLEVILLE,IL,Midwest,62226,ST. CLAIR,Acute Care Hospitals,Voluntary non-profit - Private,true,4,0,0,0,0,2,0,0,2,140185,MEMORIAL HOSPITAL,4,2315,33
140191,INGALLS MEMORIAL HOSPITAL,1 INGALLS DRIVE,HARVEY,IL,Midwest,60426,COOK,Acute Care Hospitals,Physician,true,1,0,0,2,1,1,0,2,2,140191,INGALLS MEMORIAL HOSPITAL,2,658,13
140202,ADVOCATE CONDELL MEDICAL CENTER,801 S MILWAUKEE AVE,LIBERTYVILLE,IL,Midwest,60048,LAKE,Acute Care Hospitals,Voluntary non-profit - Private,true,4,1,0,1,1,3,0,2,4,140202,ADVOCATE CONDELL MEDICAL CENTER,3,971,21
140289,ANDERSON HOSPITAL,6800 STATE ROUTE 162,MARYVILLE,IL,Midwest,62062,MADISON,Acute Care Hospitals,Voluntary non-profit - Private,true,4,1,0,0,0,2,0,1,2,140289,ANDERSON HOSPITAL,3,325,32
150002,METHODIST HOSPITALS INC,600 GRANT ST,GARY,IN,Midwest,46402,LAKE,Acute Care Hospitals,Voluntary non-profit - Private,true,1,0,0,3,0,2,0,3,2,150002,METHODIST HOSPITALS INC,2,941,11
150044,BAPTIST HEALTH FLOYD,1850 STATE ST,NEW ALBANY,IN,Midwest,47150,FLOYD,Acute Care Hospitals,Voluntary non-profit - Private,true,3,0,0,0,0,1,0,0,1,150044,BAPTIST HEALTH FLOYD,3,1266,22
150126,FRANCISCAN HEALTH CROWN POINT,1201 S MAIN ST,CROWN POINT,IN,Midwest,46307,LAKE,Acute Care Hospitals,Voluntary non-profit - Church,true,3,0,0,1,0,1,1,1,2,150126,FRANCISCAN HEALTH CROWN POINT,3,427,23
160153,MERCYONE SIOUXLAND MEDICAL CENTER,801 5TH ST,SIOUX CITY,IA,Midwest,51101,WOODBURY,Acute Care Hospitals,Voluntary non-profit - Private,true,1,2,0,1,0,0,0,3,0,160153,MERCYONE SIOUXLAND MEDICAL CENTER,2,733,22
180010,SAINT JOSEPH HOSPITAL,ONE SAINT JOSEPH DRIVE,LEXINGTON,KY,South,40504,FAYETTE,Acute Care Hospitals,Voluntary non-profit - Church,true,2,1,1,0,1,5,0,2,6,180010,SAINT JOSEPH HOSPITAL,3,754,21
180040,UOFL HEALTH - JEWISH HOSPITAL and Mary & Elizabeth Hospital,200 ABRAHAM FLEXNER WAY,LOUISVILLE,KY,South,40202,JEFFERSON,Acute Care Hospitals,Voluntary non-profit - Private,true,2,1,0,3,0,2,0,4,2,180040,UOFL HEALTH - JEWISH HOSPITAL and Mary & Elizabeth Hospital,2,3167,17
180080,BAPTIST HEALTH CORBIN,ONE TRILLIUM WAY,CORBIN,KY,South,40701,WHITLEY,Acute Care Hospitals,Voluntary non-profit - Private,true,4,0,0,0,0,1,0,0,1,180080,BAPTIST HEALTH CORBIN,4,645,14
190160,GLENWOOD REGIONAL MEDICAL CENTER,503 MCMILLAN ROAD,WEST MONROE,LA,South,71291,OUACHITA,Acute Care Hospitals,Proprietary,true,2,0,0,1,0,1,0,1,1,190160,GLENWOOD REGIONAL MEDICAL CENTER,4,380,16
210016,ADVENTIST HEALTHCARE WHITE OAK MEDICAL CENTER,11890 HEALING WAY,SILVER SPRING,MD,South,20904,MONTGOMERY,Acute Care Hospitals,Voluntary non-profit - Private,true,2,0,0,3,0,1,0,3,1,210016,ADVENTIST HEALTHCARE WHITE OAK MEDICAL CENTER,3,1116,13
210022,SUBURBAN HOSPITAL,8600 OLD GEORGETOWN ROAD,BETHESDA,MD,South,20814,MONTGOMERY,Acute Care Hospitals,Voluntary non-profit - Private,true,3,0,1,1,0,1,0,2,1,210022,SUBURBAN HOSPITAL,3,1757,25
210028,MEDSTAR SAINT MARY'S HOSPITAL,25500 POINT LOOKOUT ROAD,LEONARDTOWN,MD,South,20650,ST. MARYS,Acute Care Hospitals,Voluntary non-profit - Private,true,4,0,0,1,0,1,0,1,1,210028,MEDSTAR SAINT MARY'S HOSPITAL,3,476,16
210063,UNIVERSITY OF MD ST JOSEPH MEDICAL CENTER,7601 OSLER DRIVE,TOWSON,MD,South,21204,BALTIMORE,Acute Care Hospitals,Voluntary non-profit - Private,true,5,0,0,0,1,2,1,0,4,210063,UNIVERSITY OF MD ST JOSEPH MEDICAL CENTER,4,1241,25
220015,"COOLEY DICKINSON HOSPITAL INC,THE",30 LOCUST STREET,NORTHAMPTON,MA,Northeast,1061,HAMPSHIRE,Acute Care Hospitals,Voluntary non-profit - Private,true,3,0,0,0,0,0,0,0,0,220015,"COOLEY DICKINSON HOSPITAL INC,THE",3,564,25
220036,BOSTON MEDICAL CENTER-BRIGHTON,736 CAMBRIDGE STREET,BRIGHTON,MA,Northeast,2135,SUFFOLK,Acute Care Hospitals,Proprietary,true,2,1,0,3,0,3,1,4,4,220036,BOSTON MEDICAL CENTER-BRIGHTON,3,668,19
220046,BERKSHIRE MEDICAL CENTER,725 NORTH STREET,PITTSFIELD,MA,Northeast,1201,BERKSHIRE,Acute Care Hospitals,Voluntary non-profit - Other,true,4,0,0,0,0,2,1,0,3,220046,BERKSHIRE MEDICAL CENTER,3,410,23
220066,MERCY MEDICAL CTR,271 CAREW STREET,SPRINGFIELD,MA,Northeast,1104,HAMPDEN,Acute Care Hospitals,Voluntary non-profit - Private,true,2,1,1,0,0,1,0,2,1,220066,MERCY MEDICAL CTR,3,581,20
220084,EMERSON HOSPITAL -,133 OLD ROAD TO 9 ACRE CORNER,W CONCORD,MA,Northeast,1742,MIDDLESEX,Acute Care Hospitals,Voluntary non-profit - Private,true,3,0,0,0,1,0,0,0,1,220084,EMERSON HOSPITAL -,4,517,24
220101,NEWTON-WELLESLEY HOSPITAL,2014 WASHINGTON STREET,NEWTON,MA,Northeast,2462,MIDDLESEX,Acute Care Hospitals,Voluntary non-profit - Private,true,5,0,0,0,2,3,1,0,6,220101,NEWTON-WELLESLEY HOSPITAL,4,627,24
220105,WINCHESTER HOSPITAL,41 HIGHLAND AVENUE,WINCHESTER,MA,Northeast,1890,MIDDLESEX,Acute Care Hospitals,Voluntary non-profit - Private,true,3,0,0,2,2,1,0,2,3,220105,WINCHESTER HOSPITAL,3,1032,23
230059,MERCY HEALTH SAINT MARY'S,200 JEFFERSON AVENUE SE,GRAND RAPIDS,MI,Midwest,49503,KENT,Acute Care Hospitals,Voluntary non-profit - Church,true,4,0,1,0,0,1,1,1,2,230059,MERCY HEALTH SAINT MARY'S,4,518,22
230066,TRINITY HEALTH MUSKEGON HOSPITAL,1500 E SHERMAN BLVD,MUSKEGON,MI,Midwest,49441,MUSKEGON,Acute Care Hospitals,Voluntary non-profit - Private,true,2,0,0,0,0,1,2,0,3,230066,TRINITY HEALTH MUSKEGON HOSPITAL,3,663,24
230075,BRONSON BATTLE CREEK HOSPITAL,300 NORTH AVENUE,BATTLE CREEK,MI,Midwest,49017,CALHOUN,Acute Care Hospitals,Proprietary,true,4,0,0,0,0,1,0,0,1,230075,BRONSON BATTLE CREEK HOSPITAL,3,489,16
230117,BORGESS MEDICAL CENTER,1521 GULL ROAD,KALAMAZOO,MI,Midwest,49048,KALAMAZOO,Acute Care Hospitals,Voluntary non-profit - Other,true,3,1,0,0,0,2,2,1,4,230117,BORGESS MEDICAL CENTER,2,777,26
230146,WYANDOTTE HOSPITAL AND MEDICAL CENTER,2333 BIDDLE AVE,WYANDOTTE,MI,Midwest,48192,WAYNE,Acute Care Hospitals,Voluntary non-profit - Private,true,2,0,0,2,0,2,0,2,2,230146,WYANDOTTE HOSPITAL AND MEDICAL CENTER,2,783,18
230302,HENRY FORD HEALTH WEST BLOOMFIELD HOSPITAL,6777 WEST MAPLE ROAD,W BLOOMFIELD,MI,Midwest,48322,OAKLAND,Acute Care Hospitals,Voluntary non-profit - Private,true,3,0,0,3,0,2,0,3,2,230302,HENRY FORD HEALTH WEST BLOOMFIELD HOSPITAL,3,911,23
260085,ST JOSEPH MEDICAL CENTER,1000 CARONDELET DR,KANSAS CITY,MO,Midwest,64114,JACKSON,Acute Care Hospitals,Proprietary,true,3,0,0,1,0,0,0,1,0,260085,ST JOSEPH MEDICAL CENTER,2,446,27
260180,CHRISTIAN HOSPITAL NORTHEAST,11133 DUNN ROAD,SAINT LOUIS,MO,Midwest,63136,ST. LOUIS,Acute Care Hospitals,Voluntary non-profit - Private,true,4,0,1,2,0,1,0,3,1,260180,CHRISTIAN HOSPITAL NORTHEAST,3,1902,31
260190,LEE'S SUMMIT MEDICAL CENTER,2100 SE BLUE PARKWAY,LEES SUMMIT,MO,Midwest,64063,JACKSON,Acute Care Hospitals,Proprietary,true,3,0,0,0,0,1,0,0,1,260190,LEE'S SUMMIT MEDICAL CENTER,3,480,23
280009,CHI HEALTH GOOD SAMARITAN,"P O BOX 1990, 10 EAST 31ST ST",KEARNEY,NE,Midwest,68848,BUFFALO,Acute Care Hospitals,Voluntary non-profit - Church,true,4,0,0,0,0,1,1,0,2,280009,CHI HEALTH GOOD SAMARITAN,3,766,27
290021,VALLEY HOSPITAL MEDICAL CENTER,620 SHADOW LANE,LAS VEGAS,NV,West,89106,CLARK,Acute Care Hospitals,Proprietary,true,2,0,0,2,0,3,0,2,3,290021,VALLEY HOSPITAL MEDICAL CENTER,2,416,12
290045,SAINT ROSE DOMINICAN HOSPITALS - SIENA CAMPUS,3001 ST ROSE PARKWAY,HENDERSON,NV,West,89052,CLARK,Acute Care Hospitals,Voluntary non-profit - Private,true,2,0,0,1,0,1,0,1,1,290045,SAINT ROSE DOMINICAN HOSPITALS - SIENA CAMPUS,2,412,18
290046,SPRING VALLEY HOSPITAL MEDICAL CENTER,5400 SOUTH RAINBOW BLVD,LAS VEGAS,NV,West,89118,CLARK,Acute Care Hospitals,Proprietary,true,2,1,0,2,0,3,0,3,3,290046,SPRING VALLEY HOSPITAL MEDICAL CENTER,2,586,13
310047,SHORE MEDICAL CENTER,100 MEDICAL CENTER WAY,SOMERS POINT,NJ,Northeast,8244,ATLANTIC,Acute Care Hospitals,Voluntary non-profit - Private,true,4,0,0,1,0,1,0,1,1,310047,SHORE MEDICAL CENTER,3,385,20
310057,VIRTUA MOUNT HOLLY HOSPITAL,175 MADISON AVE,MOUNT HOLLY,NJ,Northeast,8060,BURLINGTON,Acute Care Hospitals,Voluntary non-profit - Private,true,3,0,0,1,0,2,0,1,2,310057,VIRTUA MOUNT HOLLY HOSPITAL,2,397,16
320001,UNM HOSPITAL,2211 LOMAS BOULEVARD NE,ALBUQUERQUE,NM,West,87106,BERNALILLO,Acute Care Hospitals,Government - State,true,2,0,1,1,0,2,1,2,3,320001,UNM HOSPITAL,2,1713,12
320009,LOVELACE MEDICAL CENTER,601 DR MARTIN LUTHER KING JR AVE NE,ALBUQUERQUE,NM,West,87102,BERNALILLO,Acute Care Hospitals,Proprietary,true,3,0,0,1,0,4,0,1,4,320009,LOVELACE MEDICAL CENTER,3,645,22
330140,ST JOSEPH'S HOSPITAL HEALTH CENTER,301 PROSPECT AVENUE,SYRACUSE,NY,Northeast,13203,ONONDAGA,Acute Care Hospitals,Voluntary non-profit - Private,true,2,0,0,4,1,3,0,4,4,330140,ST JOSEPH'S HOSPITAL HEALTH CENTER,3,535,28
330157,SAMARITAN MEDICAL CENTER,830 WASHINGTON STREET,WATERTOWN,NY,Northeast,13601,JEFFERSON,Acute Care Hospitals,Voluntary non-profit - Private,true,3,0,0,1,0,0,0,1,0,330157,SAMARITAN MEDICAL CENTER,3,607,19
330208,ST JOHN'S RIVERSIDE HOSPITAL,976 NORTH BROADWAY,YONKERS,NY,Northeast,10701,WESTCHESTER,Acute Care Hospitals,Voluntary non-profit - Private,true,2,0,0,3,0,1,0,3,1,330208,ST JOHN'S RIVERSIDE HOSPITAL,3,448,15
330219,ERIE COUNTY MEDICAL CENTER,462 GRIDER STREET,BUFFALO,NY,Northeast,14215,ERIE,Acute Care Hospitals,Voluntary non-profit - Other,true,2,0,1,1,0,2,0,2,2,330219,ERIE COUNTY MEDICAL CENTER,2,1056,20
330235,AUBURN  COMMUNITY  HOSPITAL,17 LANSING STREET,AUBURN,NY,Northeast,13021,CAYUGA,Acute Care Hospitals,Voluntary non-profit - Private,true,2,0,0,2,0,0,0,2,0,330235,AUBURN  COMMUNITY  HOSPITAL,2,517,23
330259,MERCY MEDICAL CENTER,1000 NORTH VILLAGE AVENUE,ROCKVILLE CENTRE,NY,Northeast,11571,NASSAU,Acute Care Hospitals,Voluntary non-profit - Church,true,3,1,0,1,0,3,0,2,3,330259,MERCY MEDICAL CENTER,3,637,15
330261,PHELPS HOSPITAL,701 NORTH BROADWAY,SLEEPY HOLLOW,NY,Northeast,10591,WESTCHESTER,Acute Care Hospitals,Voluntary non-profit - Private,true,3,0,0,1,0,1,0,1,1,330261,PHELPS HOSPITAL,3,482,20
330267,HUDSON VALLEY HOSPITAL CENTER,1980 CROMPOND ROAD,CORTLANDT MANOR,NY,Northeast,10567,WESTCHESTER,Acute Care Hospitals,Voluntary non-profit - Private,true,4,0,0,1,0,1,2,1,3,330267,HUDSON VALLEY HOSPITAL CENTER,3,1125,19
330332,CHSLI ST JOSEPH HOSPITAL,4295 HEMPSTEAD TURNPIKE,BETHPAGE,NY,Northeast,11714,NASSAU,Acute Care Hospitals,Voluntary non-profit - Private,true,3,0,1,1,0,1,0,2,1,330332,CHSLI ST JOSEPH HOSPITAL,3,792,27
340021,ATRIUM HEALTH CLEVELAND,201 E GROVER ST,SHELBY,NC,South,28150,CLEVELAND,Acute Care Hospitals,Government - Hospital District or Authority,true,2,0,0,0,0,2,0,0,2,340021,ATRIUM HEALTH CLEVELAND,3,1046,15
340068,COLUMBUS REGIONAL HEALTHCARE SYSTEM,500 JEFFERSON ST,WHITEVILLE,NC,South,28472,COLUMBUS,Acute Care Hospitals,Voluntary non-profit - Other,true,1,1,0,2,0,0,0,3,0,340068,COLUMBUS REGIONAL HEALTHCARE SYSTEM,2,285,13
340098,ATRIUM HEALTH PINEVILLE,10628 PARK RD,CHARLOTTE,NC,South,28210,MECKLENBURG,Acute Care Hospitals,Government - Hospital District or Authority,true,3,0,0,1,1,2,0,1,3,340098,ATRIUM HEALTH PINEVILLE,3,1193,19
360001,MERCY HEALTH-ANDERSON HOSPITAL,7500 STATE ROAD,CINCINNATI,OH,Midwest,45255,HAMILTON,Acute Care Hospitals,Voluntary non-profit - Private,true,2,1,1,1,0,1,0,3,1,360001,MERCY HEALTH-ANDERSON HOSPITAL,3,1028,20
360011,MARION GENERAL HOSPITAL,1000 MCKINLEY PARK DRIVE,MARION,OH,Midwest,43302,MARION,Acute Care Hospitals,Voluntary non-profit - Private,true,4,0,0,1,0,1,1,1,2,360011,MARION GENERAL HOSPITAL,3,634,21
360012,MOUNT CARMEL ST ANN'S,500 SOUTH CLEVELAND AVENUE,WESTERVILLE,OH,Midwest,43081,FRANKLIN,Acute Care Hospitals,Voluntary non-profit - Private,true,4,0,0,0,0,2,1,0,3,360012,MOUNT CARMEL ST ANN'S,3,660,17
360016,THE JEWISH HOSPITAL-MERCY HEALTH,4777 EAST GALBRAITH ROAD,CINCINNATI,OH,Midwest,45236,HAMILTON,Acute Care Hospitals,Voluntary non-profit - Private,true,3,0,0,1,1,0,0,1,1,360016,THE JEWISH HOSPITAL-MERCY HEALTH,4,818,22
360098,LAKE HEALTH,7590 AUBURN ROAD,CONCORD,OH,Midwest,44077,LAKE,Acute Care Hospitals,Voluntary non-profit - Private,true,3,0,0,0,0,0,0,0,0,360098,LAKE HEALTH,3,1747,25
360145,UNIVERSITY HOSPITALS - ELYRIA MEDICAL CENTER,630 EAST RIVER STREET,ELYRIA,OH,Midwest,44035,LORAIN,Acute Care Hospitals,Voluntary non-profit - Private,false,4,0,0,0,0,1,0,0,1,360145,UNIVERSITY HOSPITALS - ELYRIA MEDICAL CENTER,3,1303,24
360152,DOCTORS HOSPITAL,5100 WEST  BROAD STREET,COLUMBUS,OH,Midwest,43228,FRANKLIN,Acute Care Hospitals,Voluntary non-profit - Church,true,4,0,0,0,0,0,0,0,0,360152,DOCTORS HOSPITAL,3,481,13
360359,UNIVERSITY HOSPITALS AHUJA MEDICAL CENTER,3999 RICHMOND ROAD,BEACHWOOD,OH,Midwest,44122,CUYAHOGA,Acute Care Hospitals,Voluntary non-profit - Private,true,3,0,0,0,1,1,0,0,2,360359,UNIVERSITY HOSPITALS AHUJA MEDICAL CENTER,2,1771,24
390102,UPMC ST MARGARET,815 FREEPORT ROAD,PITTSBURGH,PA,Northeast,15215,ALLEGHENY,Acute Care Hospitals,Voluntary non-profit - Private,true,3,0,0,0,0,0,0,0,0,390102,UPMC ST MARGARET,4,560,31
390123,POTTSTOWN HOSPITAL,1600 EAST HIGH STREET,POTTSTOWN,PA,Northeast,19464,MONTGOMERY,Acute Care Hospitals,Voluntary non-profit - Private,true,2,0,0,0,0,0,0,0,0,390123,POTTSTOWN HOSPITAL,2,548,22
390145,EXCELA HEALTH WESTMORELAND REGIONAL HOSPITAL,532 WEST PITTSBURGH STREET,GREENSBURG,PA,Northeast,15601,WESTMORELAND,Acute Care Hospitals,Voluntary non-profit - Other,true,4,0,1,1,0,0,0,2,0,390145,EXCELA HEALTH WESTMORELAND REGIONAL HOSPITAL,2,514,29
390219,EXCELA HEALTH LATROBE HOSPITAL,ONE MELLON WAY,LATROBE,PA,Northeast,15650,WESTMORELAND,Acute Care Hospitals,Voluntary non-profit - Private,true,4,0,0,0,0,1,0,0,1,390219,EXCELA HEALTH LATROBE HOSPITAL,3,588,30
390237,REGIONAL HOSPITAL OF SCRANTON,746 JEFFERSON AVENUE,SCRANTON,PA,Northeast,18501,LACKAWANNA,Acute Care Hospitals,Proprietary,true,3,0,0,1,0,2,1,1,3,390237,REGIONAL HOSPITAL OF SCRANTON,3,1276,25
420002,PIEDMONT MEDICAL CENTER,1731 FRANK GASTON BLVD,ROCK HILL,SC,South,29732,YORK,Acute Care Hospitals,Proprietary,true,2,2,0,0,0,2,0,2,2,420002,PIEDMONT MEDICAL CENTER,1,1321,15
420026,MUSC HEALTH COLUMBIA MEDICAL CENTER DOWNTOWN,2435 FOREST DRIVE,COLUMBIA,SC,South,29204,RICHLAND,Acute Care Hospitals,Voluntary non-profit - Private,true,3,0,0,1,0,1,1,1,2,420026,MUSC HEALTH COLUMBIA MEDICAL CENTER DOWNTOWN,3,834,18
420085,GRAND STRAND REGIONAL MEDICAL CENTER,809 82ND PARKWAY,MYRTLE BEACH,SC,South,29572,HORRY,Acute Care Hospitals,Proprietary,true,2,0,0,1,1,3,0,1,4,420085,GRAND STRAND REGIONAL MEDICAL CENTER,2,565,26
440012,WELLMONT BRISTOL REGIONAL MEDICAL CENTER,ONE MEDICAL PARK BLVD,BRISTOL,TN,South,37620,SULLIVAN,Acute Care Hospitals,Government - Hospital District or Authority,true,1,2,0,3,0,1,0,5,1,440012,WELLMONT BRISTOL REGIONAL MEDICAL CENTER,2,1300,17
440017,WELLMONT HOLSTON VALLEY MEDICAL CENTER,130 WEST RAVINE ROAD,KINGSPORT,TN,South,37662,SULLIVAN,Acute Care Hospitals,Voluntary non-profit - Private,true,3,1,0,0,0,1,0,1,1,440017,WELLMONT HOLSTON VALLEY MEDICAL CENTER,3,1152,20
440034,METHODIST MEDICAL CENTER OF OAK RIDGE,990 OAK RIDGE TURNPIKE BOX 529,OAK RIDGE,TN,South,37830,ANDERSON,Acute Care Hospitals,Voluntary non-profit - Private,true,3,0,0,0,0,1,0,0,1,440034,METHODIST MEDICAL CENTER OF OAK RIDGE,3,886,22
440120,PHYSICIANS REGIONAL MEDICAL CENTER,7565 DANNAHER WAY POWELL,POWELL,TN,South,37849,KNOX,Acute Care Hospitals,Proprietary,true,3,0,0,0,0,3,0,0,3,440120,PHYSICIANS REGIONAL MEDICAL CENTER,3,1687,21
440173,PARKWEST MEDICAL CENTER,9352 PARK WEST BLVD,KNOXVILLE,TN,South,37923,KNOX,Acute Care Hospitals,Voluntary non-profit - Private,true,3,1,0,2,0,2,1,3,3,440173,PARKWEST MEDICAL CENTER,3,1337,26
450040,COVENANT MEDICAL CENTER,3615 19TH STREET,LUBBOCK,TX,South,79410,LUBBOCK,Acute Care Hospitals,Voluntary non-profit - Private,true,2,2,0,0,0,4,2,2,6,450040,COVENANT MEDICAL CENTER,3,688,17
450042,ASCENSION PROVIDENCE,6901 MEDICAL PARKWAY,WACO,TX,South,76712,MC LENNAN,Acute Care Hospitals,Voluntary non-profit - Private,true,2,1,0,1,0,4,0,2,4,450042,ASCENSION PROVIDENCE,3,170,13
450222,HCA HOUSTON HEALTHCARE CONROE,504 MEDICAL CENTER BLVD,CONROE,TX,South,77304,MONTGOMERY,Acute Care Hospitals,Proprietary,true,2,0,0,2,0,2,0,2,2,450222,HCA HOUSTON HEALTHCARE CONROE,2,555,13
450324,TEXOMA MEDICAL CENTER,5016 S US HIGHWAY 75,DENISON,TX,South,75020,GRAYSON,Acute Care Hospitals,Proprietary,true,3,0,0,2,2,3,0,2,5,450324,TEXOMA MEDICAL CENTER,3,542,16
450431,ST DAVID'S MEDICAL CENTER,919 E 32ND ST,AUSTIN,TX,South,78705,TRAVIS,Acute Care Hospitals,Voluntary non-profit - Private,true,5,0,1,0,1,1,1,1,3,450431,ST DAVID'S MEDICAL CENTER,3,1497,19
450672,MEDICAL CITY FORT WORTH,900 EIGHTH AVENUE,FORT WORTH,TX,South,76104,TARRANT,Acute Care Hospitals,Proprietary,true,2,0,0,2,0,2,0,2,2,450672,MEDICAL CITY FORT WORTH,2,641,17
450684,MEMORIAL HERMANN NORTHEAST HOSPITAL,18951 MEMORIAL NORTH,HUMBLE,TX,South,77338,HARRIS,Acute Care Hospitals,Voluntary non-profit - Private,true,3,0,1,1,0,1,0,2,1,450684,MEMORIAL HERMANN NORTHEAST HOSPITAL,3,464,10
450702,LONGVIEW REGIONAL MEDICAL CENTER,2901 N FOURTH ST,LONGVIEW,TX,South,75605,GREGG,Acute Care Hospitals,Proprietary,true,3,1,0,1,0,3,0,2,3,450702,LONGVIEW REGIONAL MEDICAL CENTER,3,703,15
450713,ST DAVID'S SOUTH AUSTIN MEDICAL CENTER,901 WEST BEN WHITE BLVD,AUSTIN,TX,South,78704,TRAVIS,Acute Care Hospitals,Proprietary,true,4,0,0,1,0,3,1,1,4,450713,ST DAVID'S SOUTH AUSTIN MEDICAL CENTER,3,535,15
450775,HCA HOUSTON HEALTHCARE KINGWOOD,22999 US HWY 59,KINGWOOD,TX,South,77325,HARRIS,Acute Care Hospitals,Proprietary,true,2,0,0,1,3,4,0,1,7,450775,HCA HOUSTON HEALTHCARE KINGWOOD,1,1044,12
470005,RUTLAND REGIONAL MEDICAL CENTER,160 ALLEN ST,RUTLAND,VT,Northeast,5701,RUTLAND,Acute Care Hospitals,Voluntary non-profit - Private,true,1,1,0,0,0,0,2,1,2,470005,RUTLAND REGIONAL MEDICAL CENTER,4,630,25
500077,PROVIDENCE HOLY FAMILY HOSPITAL,5633 NORTH LIDGERWOOD,SPOKANE,WA,West,99208,SPOKANE,Acute Care Hospitals,Voluntary non-profit - Private,true,2,0,0,1,0,1,0,1,1,500077,PROVIDENCE HOLY FAMILY HOSPITAL,3,385,20
500151,ST ANTHONY HOSPITAL,11567 CANTERWOOD BOULEVARD NW,GIG HARBOR,WA,West,98332,PIERCE,Acute Care Hospitals,Voluntary non-profit - Church,true,4,0,0,0,0,2,0,0,2,500151,ST ANTHONY HOSPITAL,3,759,21
510046,PRINCETON COMMUNITY HOSPITAL ASSN INC,122 12TH STREET,PRINCETON,WV,South,24740,MERCER,Acute Care Hospitals,Government - Local,true,1,1,1,0,0,0,0,2,0,510046,PRINCETON COMMUNITY HOSPITAL ASSN INC,2,401,18
520089,UNITYPOINT HEALTH - MERITER,202 S PARK ST,MADISON,WI,Midwest,53715,DANE,Acute Care Hospitals,Voluntary non-profit - Private,true,4,0,1,1,2,1,0,2,3,520089,UNITYPOINT HEALTH - MERITER,4,548,21
520207,AURORA MEDICAL CENTER,975 PORT WASHINGTON ROAD,GRAFTON,WI,Midwest,53024,OZAUKEE,Acute Care Hospitals,Voluntary non-profit - Private,true,5,0,0,2,1,0,0,2,1,520207,AURORA MEDICAL CENTER,4,1203,33
530012,BANNER WYOMING MEDICAL CENTER,1233 EAST 2ND ST,CASPER,WY,West,82601,NATRONA,Acute Care Hospitals,Government - Local,true,3,1,0,0,0,1,0,1,1,530012,BANNER WYOMING MEDICAL CENTER,2,445,23
30014,HONOR HEALTH JOHN C. LINCOLN MEDICAL CENTER,250 EAST DUNLAP AVENUE,PHOENIX,AZ,West,85020,MARICOPA,Acute Care Hospitals,Voluntary non-profit - Private,true,3,0,0,1,0,1,0,1,1,30014,HONOR HEALTH JOHN C. LINCOLN MEDICAL CENTER,3,529,18
30085,NORTHWEST MEDICAL CENTER,6200 NORTH LA CHOLLA BOULEVARD,TUCSON,AZ,West,85741,PIMA,Acute Care Hospitals,Proprietary,true,2,1,0,0,0,4,0,1,4,30085,NORTHWEST MEDICAL CENTER,1,1218,22
30119,MERCY GILBERT MEDICAL CENTER,3555 SOUTH VAL VISTA DRIVE,GILBERT,AZ,West,85297,MARICOPA,Acute Care Hospitals,Voluntary non-profit - Church,true,5,0,0,0,0,1,0,0,1,30119,MERCY GILBERT MEDICAL CENTER,3,582,15
40014,WHITE COUNTY MEDICAL CENTER,3214 EAST RACE AVENUE,SEARCY,AR,South,72143,WHITE,Acute Care Hospitals,Voluntary non-profit - Private,true,3,0,0,1,0,1,0,1,1,40014,WHITE COUNTY MEDICAL CENTER,3,649,32
40016,University of Arkansas Medical Sciences,4301 WEST MARKHAM STREET MAIL SLOT 612,LITTLE ROCK,AR,South,72205,PULASKI,Acute Care Hospitals,Government - State,true,2,0,0,2,0,1,1,2,2,40016,University of Arkansas Medical Sciences,3,1231,22
40029,"CONWAY REGIONAL MEDICAL CENTER, INC",2302 COLLEGE AVENUE,CONWAY,AR,South,72034,FAULKNER,Acute Care Hospitals,Voluntary non-profit - Private,true,3,0,0,1,0,2,0,1,2,40029,"CONWAY REGIONAL MEDICAL CENTER, INC",3,1297,19
50036,BAKERSFIELD MEMORIAL HOSPITAL,420 34TH ST,BAKERSFIELD,CA,West,93301,KERN,Acute Care Hospitals,Voluntary non-profit - Private,true,2,1,0,1,0,1,0,2,1,50036,BAKERSFIELD MEMORIAL HOSPITAL,3,589,13
50180,JOHN MUIR MEDICAL CENTER - WALNUT CREEK CAMPUS,1601 YGNACIO VALLEY RD,WALNUT CREEK,CA,West,94598,CONTRA COSTA,Acute Care Hospitals,Voluntary non-profit - Other,true,3,1,0,1,2,1,0,2,3,50180,JOHN MUIR MEDICAL CENTER - WALNUT CREEK CAMPUS,3,626,21
50278,PROVIDENCE HOLY CROSS MEDICAL CENTER,15031 RINALDI ST,MISSION HILLS,CA,West,91346,LOS ANGELES,Acute Care Hospitals,Voluntary non-profit - Church,true,4,0,0,0,0,2,0,0,2,50278,PROVIDENCE HOLY CROSS MEDICAL CENTER,3,373,14
50309,SUTTER ROSEVILLE MEDICAL CENTER,ONE MEDICAL PLAZA,ROSEVILLE,CA,West,95661,PLACER,Acute Care Hospitals,Voluntary non-profit - Private,true,3,0,1,0,0,2,2,1,4,50309,SUTTER ROSEVILLE MEDICAL CENTER,4,684,21
50696,KECK HOSPITAL OF USC,1500 SAN PABLO STREET,LOS ANGELES,CA,West,90033,LOS ANGELES,Acute Care Hospitals,Voluntary non-profit - Other,false,4,0,1,1,0,1,1,2,2,50696,KECK HOSPITAL OF USC,4,642,25
50761,PROVIDENCE CEDARS SINAI TARZANA MEDICAL CENTER,18321 CLARK STREET,TARZANA,CA,West,91356,LOS ANGELES,Acute Care Hospitals,Voluntary non-profit - Private,true,3,0,0,3,0,0,0,3,0,50761,PROVIDENCE CEDARS SINAI TARZANA MEDICAL CENTER,3,438,16
60112,SKY RIDGE MEDICAL CENTER,10101 RIDGEGATE PKWY,LONE TREE,CO,West,80124,DOUGLAS,Acute Care Hospitals,Voluntary non-profit - Other,true,3,0,1,0,0,2,0,1,2,60112,SKY RIDGE MEDICAL CENTER,2,505,21
60114,AdventHealth Parker,9395 CROWN CREST BLVD,PARKER,CO,West,80138,DOUGLAS,Acute Care Hospitals,Voluntary non-profit - Private,true,4,0,0,0,0,2,2,0,4,60114,AdventHealth Parker,3,734,18
100220,GULF COAST MEDICAL CENTER LEE HEALTH,13681 DOCTORS WAY,FORT MYERS,FL,South,33912,LEE,Acute Care Hospitals,Government - Hospital District or Authority,true,4,0,0,1,1,3,0,1,4,100220,GULF COAST MEDICAL CENTER LEE HEALTH,3,2048,40
100281,MEMORIAL HOSPITAL WEST,703 N FLAMINGO RD,PEMBROKE PINES,FL,South,33028,BROWARD,Acute Care Hospitals,Government - Hospital District or Authority,true,3,0,1,2,1,2,0,3,3,100281,MEMORIAL HOSPITAL WEST,3,3124,17
110005,NORTHSIDE HOSPITAL FORSYTH,1200 NORTHSIDE FORSYTH DRIVE,CUMMING,GA,South,30041,FORSYTH,Acute Care Hospitals,Voluntary non-profit - Private,true,4,0,0,0,0,1,0,0,1,110005,NORTHSIDE HOSPITAL FORSYTH,4,2993,19
110008,NORTHSIDE HOSPITAL CHEROKEE,450 NORTHSIDE CHEROKEE BOULEVARD,CANTON,GA,South,30115,CHEROKEE,Acute Care Hospitals,Voluntary non-profit - Other,true,4,0,0,0,2,1,0,0,3,110008,NORTHSIDE HOSPITAL CHEROKEE,4,2929,21
110025,SOUTHEAST GEORGIA HEALTH SYSTEM- BRUNSWICK CAMPUS,2415 PARKWOOD DRIVE,BRUNSWICK,GA,South,31520,GLYNN,Acute Care Hospitals,Government - Hospital District or Authority,false,1,0,2,1,0,1,0,3,1,110025,SOUTHEAST GEORGIA HEALTH SYSTEM- BRUNSWICK CAMPUS,3,363,14
110076,EMORY DECATUR HOSPITAL,2701 N DECATUR ROAD,DECATUR,GA,South,30033,DE KALB,Acute Care Hospitals,Voluntary non-profit - Private,false,1,0,0,1,0,2,0,1,2,110076,EMORY DECATUR HOSPITAL,3,421,11
110143,WELLSTAR COBB MEDICAL CENTER,3950 AUSTELL RD,AUSTELL,GA,South,30106,COBB,Acute Care Hospitals,Voluntary non-profit - Other,false,2,0,0,0,0,1,0,0,1,110143,WELLSTAR COBB MEDICAL CENTER,2,611,13
110161,NORTHSIDE HOSPITAL,"1000 JOHNSON FERRY ROAD, NE",ATLANTA,GA,South,30342,FULTON,Acute Care Hospitals,Voluntary non-profit - Private,true,3,0,1,2,0,1,0,3,1,110161,NORTHSIDE HOSPITAL,3,3855,13
110215,PIEDMONT FAYETTE HOSPITAL,1255 HIGHWAY 54 WEST,FAYETTEVILLE,GA,South,30214,FAYETTE,Acute Care Hospitals,Voluntary non-profit - Private,true,3,0,0,1,0,3,0,1,3,110215,PIEDMONT FAYETTE HOSPITAL,3,1056,14
140130,NORTHWESTERN LAKE FOREST HOSPITAL,1000 N WESTMORELAND ROAD,LAKE FOREST,IL,Midwest,60045,LAKE,Acute Care Hospitals,Voluntary non-profit - Other,true,5,0,0,2,3,1,1,2,5,140130,NORTHWESTERN LAKE FOREST HOSPITAL,3,571,21
140290,ST ALEXIUS MEDICAL CENTER,1555 N BARRINGTON RD,HOFFMAN ESTATES,IL,Midwest,60169,COOK,Acute Care Hospitals,Voluntary non-profit - Church,true,4,0,0,1,2,1,0,1,3,140290,ST ALEXIUS MEDICAL CENTER,2,198,14
210001,MERITUS MEDICAL CENTER,11116 MEDICAL CAMPUS ROAD,HAGERSTOWN,MD,South,21742,WASHINGTON,Acute Care Hospitals,Voluntary non-profit - Private,true,2,0,2,2,0,1,0,4,1,210001,MERITUS MEDICAL CENTER,3,563,17
210015,MEDSTAR FRANKLIN SQUARE MEDICAL CENTER,9000 FRANKLIN SQUARE DRIVE,ROSEDALE,MD,South,21237,BALTIMORE,Acute Care Hospitals,Voluntary non-profit - Private,true,3,0,1,0,2,4,0,1,6,210015,MEDSTAR FRANKLIN SQUARE MEDICAL CENTER,2,928,15
230089,BEAUMONT HOSPITAL - GROSSE POINTE,468 CADIEUX RD,GROSSE POINTE,MI,Midwest,48230,WAYNE,Acute Care Hospitals,Voluntary non-profit - Private,true,4,0,0,1,1,2,0,1,3,230089,BEAUMONT HOSPITAL - GROSSE POINTE,3,605,18
260091,SSM HEALTH ST MARY'S HOSPITAL - ST LOUIS,6420 CLAYTON RD,SAINT LOUIS,MO,Midwest,63117,ST. LOUIS,Acute Care Hospitals,Voluntary non-profit - Private,true,2,0,0,2,0,3,0,2,3,260091,SSM HEALTH ST MARY'S HOSPITAL - ST LOUIS,2,683,13
300012,ELLIOT HOSPITAL,1 ELLIOT WAY,MANCHESTER,NH,Northeast,3103,HILLSBOROUGH,Acute Care Hospitals,Voluntary non-profit - Private,true,2,0,2,2,0,2,0,4,2,300012,ELLIOT HOSPITAL,4,510,21
310008,HOLY NAME MEDICAL CENTER,718 TEANECK RD,TEANECK,NJ,Northeast,7666,BERGEN,Acute Care Hospitals,Voluntary non-profit - Private,true,4,0,1,2,0,3,0,3,3,310008,HOLY NAME MEDICAL CENTER,3,861,19
310010,UNIVERSITY MEDICAL CENTER OF PRINCETON AT PLAINSBORO,ONE-FIVE PLAINSBORO ROAD,PLAINSBORO,NJ,Northeast,8536,MIDDLESEX,Acute Care Hospitals,Voluntary non-profit - Private,true,3,0,0,2,1,3,1,2,5,310010,UNIVERSITY MEDICAL CENTER OF PRINCETON AT PLAINSBORO,3,369,21
310041,COMMUNITY MEDICAL CENTER,99 RT 37 WEST,TOMS RIVER,NJ,Northeast,8755,OCEAN,Acute Care Hospitals,Voluntary non-profit - Private,true,1,2,0,4,0,3,0,6,3,310041,COMMUNITY MEDICAL CENTER,2,3222,24
310044,CAPITAL HEALTH MEDICAL CENTER - HOPEWELL,ONE CAPITAL WAY,PENNINGTON,NJ,Northeast,8534,MERCER,Acute Care Hospitals,Voluntary non-profit - Private,true,3,0,0,1,0,2,0,1,2,310044,CAPITAL HEALTH MEDICAL CENTER - HOPEWELL,2,1414,15
310051,OVERLOOK MEDICAL CENTER,99 BEAUVOIR AVENUE,SUMMIT,NJ,Northeast,7901,UNION,Acute Care Hospitals,Voluntary non-profit - Private,true,4,0,0,0,0,2,1,0,3,310051,OVERLOOK MEDICAL CENTER,3,1887,22
310075,MONMOUTH MEDICAL CENTER,300 SECOND AVENUE,LONG BRANCH,NJ,Northeast,7740,MONMOUTH,Acute Care Hospitals,Voluntary non-profit - Private,true,3,0,0,1,0,2,0,1,2,310075,MONMOUTH MEDICAL CENTER,3,1942,18
310086,JEFFERSON STRATFORD HOSPITAL,18 EAST LAUREL ROAD,STRATFORD,NJ,Northeast,8084,CAMDEN,Acute Care Hospitals,Voluntary non-profit - Private,true,2,0,0,3,0,1,0,3,1,310086,JEFFERSON STRATFORD HOSPITAL,3,977,19
330056,BROOKLYN HOSPITAL CENTER - DOWNTOWN CAMPUS,121 DEKALB AVENUE,BROOKLYN,NY,Northeast,11201,KINGS,Acute Care Hospitals,Voluntary non-profit - Other,true,2,0,0,2,0,1,0,2,1,330056,BROOKLYN HOSPITAL CENTER - DOWNTOWN CAMPUS,2,333,7
330126,GARNET HEALTH MEDICAL CENTER,707 EAST MAIN STREET,MIDDLETOWN,NY,Northeast,10940,ORANGE,Acute Care Hospitals,Voluntary non-profit - Private,true,3,0,0,2,2,1,0,2,3,330126,GARNET HEALTH MEDICAL CENTER,3,1285,17
330162,NORTHERN WESTCHESTER HOSPITAL,400 EAST MAIN STREET,MOUNT KISCO,NY,Northeast,10549,WESTCHESTER,Acute Care Hospitals,Voluntary non-profit - Private,true,5,0,0,0,0,2,0,0,2,330162,NORTHERN WESTCHESTER HOSPITAL,4,442,23
330195,LONG ISLAND JEWISH MEDICAL CENTER,270 - 05 76TH AVENUE,NEW HYDE PARK,NY,Northeast,11040,NASSAU,Acute Care Hospitals,Voluntary non-profit - Private,true,3,0,0,4,2,3,1,4,6,330195,LONG ISLAND JEWISH MEDICAL CENTER,2,578,13
330198,MOUNT SINAI SOUTH NASSAU,ONE HEALTHY WAY,OCEANSIDE,NY,Northeast,11572,NASSAU,Acute Care Hospitals,Voluntary non-profit - Private,true,3,0,0,2,0,3,0,2,3,330198,MOUNT SINAI SOUTH NASSAU,2,662,18
330304,WHITE PLAINS HOSPITAL CENTER,41 EAST POST R0AD,WHITE PLAINS,NY,Northeast,10601,WESTCHESTER,Acute Care Hospitals,Voluntary non-profit - Private,true,5,0,0,1,3,5,0,1,8,330304,WHITE PLAINS HOSPITAL CENTER,3,1609,22
340004,HIGH POINT REGIONAL HEALTH SYSTEM,601 N ELM ST,HIGH POINT,NC,South,27261,GUILFORD,Acute Care Hospitals,Voluntary non-profit - Private,true,2,0,0,0,0,1,0,0,1,340004,HIGH POINT REGIONAL HEALTH SYSTEM,2,930,18
340143,CATAWBA VALLEY MEDICAL CENTER,810 FAIRGROVE CHURCH RD,HICKORY,NC,South,28602,CATAWBA,Acute Care Hospitals,Voluntary non-profit - Other,true,3,1,0,0,0,1,2,1,3,340143,CATAWBA VALLEY MEDICAL CENTER,4,577,18
360134,GOOD SAMARITAN HOSPITAL,375 DIXMYTH AVENUE,CINCINNATI,OH,Midwest,45220,HAMILTON,Acute Care Hospitals,Voluntary non-profit - Private,true,3,0,0,1,1,2,1,1,4,360134,GOOD SAMARITAN HOSPITAL,3,980,18
370093,O U MEDICAL CENTER,700 NE 13TH STREET,OKLAHOMA CITY,OK,South,73104,OKLAHOMA,Acute Care Hospitals,Voluntary non-profit - Private,true,2,0,2,2,0,1,1,4,2,370093,O U MEDICAL CENTER,2,2860,12
380009,OHSU HOSPITAL AND CLINICS,3181 SW SAM JACKSON PARK ROAD,PORTLAND,OR,West,97239,MULTNOMAH,Acute Care Hospitals,Voluntary non-profit - Other,true,3,0,0,0,0,2,1,0,3,380009,OHSU HOSPITAL AND CLINICS,4,1176,21
380017,LEGACY GOOD SAMARITAN MEDICAL CENTER,"1015 NW 22ND AVENUE, W121",PORTLAND,OR,West,97210,MULTNOMAH,Acute Care Hospitals,Voluntary non-profit - Private,true,4,0,0,0,0,2,0,0,2,380017,LEGACY GOOD SAMARITAN MEDICAL CENTER,4,923,23
390142,JEFFERSON EINSTEIN PHILADELPHIA HOSPITAL,5501 OLD YORK ROAD,PHILADELPHIA,PA,Northeast,19141,PHILADELPHIA,Acute Care Hospitals,Voluntary non-profit - Other,true,2,0,0,1,0,1,0,1,1,390142,JEFFERSON EINSTEIN PHILADELPHIA HOSPITAL,3,418,9
420049,CONWAY MEDICAL CENTER,300 SINGLETON RIDGE ROAD,CONWAY,SC,South,29526,HORRY,Acute Care Hospitals,Voluntary non-profit - Private,true,2,1,0,1,0,1,0,2,1,420049,CONWAY MEDICAL CENTER,3,713,19
420071,SELF REGIONAL HEALTHCARE,1325 SPRING STREET,GREENWOOD,SC,South,29646,GREENWOOD,Acute Care Hospitals,Voluntary non-profit - Private,true,3,0,0,1,0,1,0,1,1,420071,SELF REGIONAL HEALTHCARE,4,884,20
440183,ST FRANCIS HOSPITAL,5959 PARK AVE,MEMPHIS,TN,South,38119,SHELBY,Acute Care Hospitals,Proprietary,true,2,0,0,1,0,2,0,1,2,440183,ST FRANCIS HOSPITAL,1,836,10
450101,BAYLOR SCOTT & WHITE MEDICAL CENTER HILLCREST,100 HILLCREST MEDICAL BLVD,WACO,TX,South,76712,MC LENNAN,Acute Care Hospitals,Voluntary non-profit - Private,true,4,0,0,0,0,2,0,0,2,450101,BAYLOR SCOTT & WHITE MEDICAL CENTER HILLCREST,4,1417,14
460001,INTERMOUNTAIN HEALTH UTAH VALLEY HOSPITAL,1034 NORTH 500 WEST,PROVO,UT,West,84604,UTAH,Acute Care Hospitals,Voluntary non-profit - Private,true,5,0,0,0,0,4,2,0,6,460001,INTERMOUNTAIN HEALTH UTAH VALLEY HOSPITAL,4,1401,23
490018,AUGUSTA HEALTH,78 MEDICAL CENTER DRIVE,FISHERSVILLE,VA,South,22939,AUGUSTA,Acute Care Hospitals,Voluntary non-profit - Private,true,4,1,0,1,0,1,2,2,3,490018,AUGUSTA HEALTH,3,1118,37
520096,ASCENSION ALL SAINTS HOSPITAL,3801 SPRING ST,RACINE,WI,Midwest,53405,RACINE,Acute Care Hospitals,Voluntary non-profit - Church,true,3,0,0,0,0,0,0,0,0,520096,ASCENSION ALL SAINTS HOSPITAL,3,167,15
10029,THE EAST ALABAMA HEALTHCARE AUTHORITY,2000 PEPPERELL PARKWAY,OPELIKA,AL,South,36801,LEE,Acute Care Hospitals,Government - Hospital District or Authority,true,3,1,0,2,0,1,1,3,2,10029,THE EAST ALABAMA HEALTHCARE AUTHORITY,3,388,17
10033,UNIVERSITY OF ALABAMA HOSPITAL,619 SOUTH 19TH STREET,BIRMINGHAM,AL,South,35233,JEFFERSON,Acute Care Hospitals,Government - State,true,3,1,1,2,0,3,1,4,4,10033,UNIVERSITY OF ALABAMA HOSPITAL,4,6361,17
10039,HUNTSVILLE HOSPITAL,101 SIVLEY RD,HUNTSVILLE,AL,South,35801,MADISON,Acute Care Hospitals,Government - Hospital District or Authority,true,2,4,1,1,0,3,1,6,4,10039,HUNTSVILLE HOSPITAL,3,1236,18
10092,DCH REGIONAL MEDICAL CENTER,809 UNIVERSITY BOULEVARD EAST,TUSCALOOSA,AL,South,35401,TUSCALOOSA,Acute Care Hospitals,Government - Hospital District or Authority,true,1,1,0,3,0,3,0,4,3,10092,DCH REGIONAL MEDICAL CENTER,3,1264,33
10104,GRANDVIEW MEDICAL CENTER,3690 GRANDVIEW PARKWAY,BIRMINGHAM,AL,South,35243,JEFFERSON,Acute Care Hospitals,Proprietary,true,2,1,0,2,0,1,0,3,1,10104,GRANDVIEW MEDICAL CENTER,3,2137,20
10113,MOBILE INFIRMARY MEDICAL CENTER,5 MOBILE INFIRMARY CIRCLE,MOBILE,AL,South,36607,MOBILE,Acute Care Hospitals,Voluntary non-profit - Private,true,2,1,1,1,0,1,0,3,1,10113,MOBILE INFIRMARY MEDICAL CENTER,3,998,19
20001,PROVIDENCE ALASKA MEDICAL CENTER,3200 PROVIDENCE DRIVE,ANCHORAGE,AK,West,99508,ANCHORAGE,Acute Care Hospitals,Voluntary non-profit - Church,true,3,2,0,1,0,2,1,3,3,20001,PROVIDENCE ALASKA MEDICAL CENTER,4,373,17
30006,TUCSON MEDICAL CENTER,5301 EAST GRANT ROAD,TUCSON,AZ,West,85712,PIMA,Acute Care Hospitals,Voluntary non-profit - Private,true,2,1,1,3,0,2,0,5,2,30006,TUCSON MEDICAL CENTER,2,2738,22
30013,YUMA REGIONAL MEDICAL CENTER,2400 SOUTH AVENUE A,YUMA,AZ,West,85364,YUMA,Acute Care Hospitals,Voluntary non-profit - Private,true,2,0,0,1,0,1,0,1,1,30013,YUMA REGIONAL MEDICAL CENTER,3,699,20
30087,HONORHEALTH SCOTTSDALE SHEA MEDICAL CENTER,9003 EAST SHEA BOULEVARD,SCOTTSDALE,AZ,West,85260,MARICOPA,Acute Care Hospitals,Proprietary,true,3,0,0,0,0,3,0,0,3,30087,HONORHEALTH SCOTTSDALE SHEA MEDICAL CENTER,3,510,20
30103,MAYO CLINIC HOSPITAL,5777 EAST MAYO BOULEVARD,PHOENIX,AZ,West,85054,MARICOPA,Acute Care Hospitals,Voluntary non-profit - Private,true,5,0,0,0,4,3,2,0,9,30103,MAYO CLINIC HOSPITAL,5,1360,29
40004,WASHINGTON REGIONAL MEDICAL CENTER,3215 N NORTH HILLS BOULEVARD,FAYETTEVILLE,AR,South,72703,WASHINGTON,Acute Care Hospitals,Voluntary non-profit - Private,true,4,0,0,0,0,3,3,0,6,40004,WASHINGTON REGIONAL MEDICAL CENTER,3,587,22
50025,UC SAN DIEGO HEALTH HILLCREST - HILLCREST MED CTR,200 WEST ARBOR DRIVE,SAN DIEGO,CA,West,92103,SAN DIEGO,Acute Care Hospitals,Voluntary non-profit - Other,true,5,0,0,2,4,3,1,2,8,50025,UC SAN DIEGO HEALTH HILLCREST - HILLCREST MED CTR,3,3622,16
50038,SANTA CLARA VALLEY MEDICAL CENTER,751 SOUTH BASCOM AVENUE,SAN JOSE,CA,West,95128,SANTA CLARA,Acute Care Hospitals,Government - Local,true,3,0,0,0,1,1,0,0,2,50038,SANTA CLARA VALLEY MEDICAL CENTER,3,3847,30
50100,SHARP MEMORIAL HOSPITAL,7901 FROST ST,SAN DIEGO,CA,West,92123,SAN DIEGO,Acute Care Hospitals,Voluntary non-profit - Private,true,4,0,1,1,0,2,0,2,2,50100,SHARP MEMORIAL HOSPITAL,4,4357,19
50108,"SUTTER MEDICAL CENTER, SACRAMENTO",2825 CAPITOL AVENUE,SACRAMENTO,CA,West,95816,SACRAMENTO,Acute Care Hospitals,Voluntary non-profit - Private,true,4,0,0,0,0,3,0,0,3,50108,"SUTTER MEDICAL CENTER, SACRAMENTO",4,764,19
50169,PIH HEALTH HOSPITAL-WHITTIER,12401 WASHINGTON BLVD,WHITTIER,CA,West,90602,LOS ANGELES,Acute Care Hospitals,Voluntary non-profit - Private,true,3,0,0,1,0,0,0,1,0,50169,PIH HEALTH HOSPITAL-WHITTIER,4,1491,16
50222,SHARP CHULA VISTA MEDICAL CENTER,751 MEDICAL CENTER COURT,CHULA VISTA,CA,West,91911,SAN DIEGO,Acute Care Hospitals,Proprietary,true,4,0,0,1,1,2,0,1,3,50222,SHARP CHULA VISTA MEDICAL CENTER,3,2078,14
50235,PROVIDENCE SAINT JOSEPH MEDICAL CTR,501 SOUTH BUENA VISTA STREET,BURBANK,CA,West,91505,LOS ANGELES,Acute Care Hospitals,Voluntary non-profit - Church,true,3,0,0,3,1,3,1,3,5,50235,PROVIDENCE SAINT JOSEPH MEDICAL CTR,3,320,15
50308,EL CAMINO HEALTH,2500 GRANT ROAD,MOUNTAIN VIEW,CA,West,94040,SANTA CLARA,Acute Care Hospitals,Government - Hospital District or Authority,true,4,0,0,0,2,2,1,0,5,50308,EL CAMINO HEALTH,4,1095,20
50348,UCI HEALTH-ORANGE,101 CITY DRIVE SOUTH,ORANGE,CA,West,92868,ORANGE,Acute Care Hospitals,Government - Local,true,4,0,0,0,1,5,2,0,8,50348,UCI HEALTH-ORANGE,3,420,16
50351,TORRANCE MEMORIAL MEDICAL CENTER,3330 LOMITA BLVD,TORRANCE,CA,West,90509,LOS ANGELES,Acute Care Hospitals,Voluntary non-profit - Other,true,4,0,0,1,2,2,2,1,6,50351,TORRANCE MEMORIAL MEDICAL CENTER,3,2473,24
50396,SANTA BARBARA COTTAGE HOSPITAL,400 WEST PUEBLO,SANTA BARBARA,CA,West,93105,SANTA BARBARA,Acute Care Hospitals,Voluntary non-profit - Private,true,5,0,0,0,1,2,2,0,5,50396,SANTA BARBARA COTTAGE HOSPITAL,4,3032,27
50441,STANFORD HEALTH CARE,300 PASTEUR DRIVE,STANFORD,CA,West,94305,SANTA CLARA,Acute Care Hospitals,Voluntary non-profit - Private,true,5,0,0,2,3,1,2,2,6,50441,STANFORD HEALTH CARE,4,5702,21
50454,UCSF MEDICAL CENTER,"505 PARNASSUS AVE, BOX 0296",SAN FRANCISCO,CA,West,94143,SAN FRANCISCO,Acute Care Hospitals,Voluntary non-profit - Other,true,5,0,0,1,4,3,1,1,8,50454,UCSF MEDICAL CENTER,4,1320,22
50485,MEMORIALCARE LONG BEACH MEDICAL CENTER,2801 ATLANTIC AVE,LONG BEACH,CA,West,90806,LOS ANGELES,Acute Care Hospitals,Voluntary non-profit - Other,false,2,0,0,0,0,2,0,0,2,50485,MEMORIALCARE LONG BEACH MEDICAL CENTER,3,1919,16
50573,EISENHOWER MEDICAL CENTER,39-000 BOB HOPE DRIVE,RANCHO MIRAGE,CA,West,92270,RIVERSIDE,Acute Care Hospitals,Proprietary,true,4,0,0,0,1,3,3,0,7,50573,EISENHOWER MEDICAL CENTER,3,2971,24
50599,UNIVERSITY OF CALIFORNIA DAVIS MEDICAL CENTER,2315 STOCKTON BOULEVARD,SACRAMENTO,CA,West,95817,SACRAMENTO,Acute Care Hospitals,Government - Hospital District or Authority,true,3,0,2,0,3,0,0,2,3,50599,UNIVERSITY OF CALIFORNIA DAVIS MEDICAL CENTER,3,2645,17
50625,CEDARS-SINAI MEDICAL CENTER,8700 BEVERLY BLVD,LOS ANGELES,CA,West,90048,LOS ANGELES,Acute Care Hospitals,Voluntary non-profit - Other,true,5,0,0,3,6,3,2,3,11,50625,CEDARS-SINAI MEDICAL CENTER,3,920,18
60022,UCH-MEMORIAL HEALTH SYSTEM,1400 E BOULDER ST,COLORADO SPRINGS,CO,West,80909,EL PASO,Acute Care Hospitals,Government - Local,true,4,0,1,0,0,3,1,1,4,60022,UCH-MEMORIAL HEALTH SYSTEM,3,3126,18
60024,UNIVERSITY OF COLORADO HOSPITAL AUTHORITY,12605 E 16TH AVE,AURORA,CO,West,80045,ADAMS,Acute Care Hospitals,Government - Hospital District or Authority,true,5,0,0,0,1,3,1,0,5,60024,UNIVERSITY OF COLORADO HOSPITAL AUTHORITY,3,3854,16
60031,CENTURA HEALTH-PENROSE ST FRANCIS HEALTH SERVICES,2222 N NEVADA AVE,COLORADO SPRINGS,CO,West,80907,EL PASO,Acute Care Hospitals,Voluntary non-profit - Private,true,4,0,0,1,0,4,3,1,7,60031,CENTURA HEALTH-PENROSE ST FRANCIS HEALTH SERVICES,3,1079,20
60034,HCA-HEALTHONE DBA SWEDISH MEDICAL CENTER,501 E HAMPDEN AVE,ENGLEWOOD,CO,West,80113,ARAPAHOE,Acute Care Hospitals,Proprietary,true,4,0,0,1,2,5,0,1,7,60034,HCA-HEALTHONE DBA SWEDISH MEDICAL CENTER,2,521,18
70002,ST FRANCIS HOSPITAL & MEDICAL CENTER,114 WOODLAND STREET & 500 BLUE HILLS AVENUE,HARTFORD,CT,Northeast,6105,HARTFORD,Acute Care Hospitals,Voluntary non-profit - Church,true,2,1,0,2,0,3,1,3,4,70002,ST FRANCIS HOSPITAL & MEDICAL CENTER,2,414,19
70006,STAMFORD HOSPITAL,ONE HOSPITAL PLAZA,STAMFORD,CT,Northeast,6904,FAIRFIELD,Acute Care Hospitals,Voluntary non-profit - Private,true,4,0,0,0,0,2,0,0,2,70006,STAMFORD HOSPITAL,3,1042,17
70010,BRIDGEPORT HOSPITAL,267 GRANT STREET,BRIDGEPORT,CT,Northeast,6610,FAIRFIELD,Acute Care Hospitals,Voluntary non-profit - Private,true,3,0,0,1,1,2,1,1,4,70010,BRIDGEPORT HOSPITAL,3,870,18
70022,YALE-NEW HAVEN HOSPITAL,20 YORK ST,NEW HAVEN,CT,Northeast,6504,NEW HAVEN,Acute Care Hospitals,Voluntary non-profit - Private,true,3,0,0,3,3,2,1,3,6,70022,YALE-NEW HAVEN HOSPITAL,3,755,20
70025,HARTFORD HOSPITAL,80 SEYMOUR STREET,HARTFORD,CT,Northeast,6102,HARTFORD,Acute Care Hospitals,Voluntary non-profit - Private,true,4,0,0,2,0,5,0,2,5,70025,HARTFORD HOSPITAL,3,1983,22
70033,DANBURY HOSPITAL,24 HOSPITAL AVE,DANBURY,CT,Northeast,6810,FAIRFIELD,Acute Care Hospitals,Voluntary non-profit - Private,true,3,0,0,3,0,2,0,3,2,70033,DANBURY HOSPITAL,3,2270,45
80001,CHRISTIANA HOSPITAL,4755 OGLETOWN-STANTON ROAD,NEWARK,DE,South,19718,NEW CASTLE,Acute Care Hospitals,Voluntary non-profit - Private,true,4,0,0,0,2,2,2,0,6,80001,CHRISTIANA HOSPITAL,3,11141,28
90011,MEDSTAR WASHINGTON HOSPITAL CENTER,110 IRVING STREET NW,WASHINGTON,DC,South,20010,THE DISTRICT,Acute Care Hospitals,Voluntary non-profit - Other,true,3,0,0,1,3,4,1,1,8,90011,MEDSTAR WASHINGTON HOSPITAL CENTER,2,2305,13
100006,ORLANDO HEALTH,52 W UNDERWOOD ST,ORLANDO,FL,South,32806,ORANGE,Acute Care Hospitals,Voluntary non-profit - Private,true,3,0,0,4,1,3,0,4,4,100006,ORLANDO HEALTH,3,8321,16
100007,ADVENTHEALTH ORLANDO,601 E ROLLINS ST,ORLANDO,FL,South,32803,ORANGE,Acute Care Hospitals,Voluntary non-profit - Private,true,3,0,0,7,5,6,0,7,11,100007,ADVENTHEALTH ORLANDO,3,12115,14
100017,HALIFAX HEALTH MEDICAL CENTER,303 N CLYDE MORRIS BLVD,DAYTONA BEACH,FL,South,32114,VOLUSIA,Acute Care Hospitals,Government - Hospital District or Authority,true,2,1,1,1,0,3,0,3,3,100017,HALIFAX HEALTH MEDICAL CENTER,2,1677,19
100018,NAPLES COMMUNITY HOSPITAL,350 7TH ST N,NAPLES,FL,South,34102,COLLIER,Acute Care Hospitals,Voluntary non-profit - Private,true,3,1,0,2,0,2,0,3,2,100018,NAPLES COMMUNITY HOSPITAL,2,3093,30
100025,SACRED HEART HOSPITAL,5151 N 9TH AVE,PENSACOLA,FL,South,32504,ESCAMBIA,Acute Care Hospitals,Voluntary non-profit - Private,true,3,0,0,1,0,3,0,1,3,100025,SACRED HEART HOSPITAL,2,174,13
100087,SARASOTA MEMORIAL HOSPITAL,1700 S TAMIAMI TRL,SARASOTA,FL,South,34239,SARASOTA,Acute Care Hospitals,Government - Hospital District or Authority,true,5,0,0,1,5,4,2,1,11,100087,SARASOTA MEMORIAL HOSPITAL,3,5241,28
100088,BAPTIST HEALTH MEDICAL CENTER - JACKSONVILLE,800 PRUDENTIAL DR,JACKSONVILLE,FL,South,32207,DUVAL,Acute Care Hospitals,Voluntary non-profit - Private,true,4,0,0,1,3,2,1,1,6,100088,BAPTIST HEALTH MEDICAL CENTER - JACKSONVILLE,3,628,18
100113,UF HEALTH SHANDS HOSPITAL,1600 SW ARCHER RD,GAINESVILLE,FL,South,32610,ALACHUA,Acute Care Hospitals,Voluntary non-profit - Private,true,4,0,1,2,2,4,1,3,7,100113,UF HEALTH SHANDS HOSPITAL,3,2769,18
100127,MORTON PLANT HOSPITAL,300 PINELLAS ST,CLEARWATER,FL,South,33756,PINELLAS,Acute Care Hospitals,Voluntary non-profit - Private,true,4,0,0,1,0,2,1,1,3,100127,MORTON PLANT HOSPITAL,4,4309,23
100128,TAMPA GENERAL HOSPITAL,1 TAMPA GENERAL CIR,TAMPA,FL,South,33606,HILLSBOROUGH,Acute Care Hospitals,Voluntary non-profit - Private,true,2,0,2,4,2,2,0,6,4,100128,TAMPA GENERAL HOSPITAL,3,1694,14
100135,TALLAHASSEE MEMORIAL HEALTHCARE,1300 MICCOSUKEE RD,TALLAHASSEE,FL,South,32308,LEON,Acute Care Hospitals,Voluntary non-profit - Private,true,2,1,0,1,0,2,2,2,4,100135,TALLAHASSEE MEMORIAL HEALTHCARE,2,1172,15
100151,MAYO CLINIC,4500 SAN PABLO RD,JACKSONVILLE,FL,South,32224,DUVAL,Acute Care Hospitals,Voluntary non-profit - Private,true,5,0,0,0,4,4,2,0,10,100151,MAYO CLINIC,4,1206,27
100157,LAKELAND REGIONAL MEDICAL CENTER,1324 LAKELAND HILLS BLVD,LAKELAND,FL,South,33805,POLK,Acute Care Hospitals,Voluntary non-profit - Private,true,1,2,0,3,1,2,0,5,3,100157,LAKELAND REGIONAL MEDICAL CENTER,2,4284,18
100168,BOCA RATON REGIONAL HOSPITAL,800 MEADOWS RD,BOCA RATON,FL,South,33486,PALM BEACH,Acute Care Hospitals,Voluntary non-profit - Private,true,3,0,0,2,0,5,1,2,6,100168,BOCA RATON REGIONAL HOSPITAL,2,886,22
100253,JUPITER MEDICAL CENTER,1210 S OLD DIXIE HWY,JUPITER,FL,South,33458,PALM BEACH,Acute Care Hospitals,Voluntary non-profit - Private,true,4,0,0,2,1,4,0,2,5,100253,JUPITER MEDICAL CENTER,3,1766,24
100289,CLEVELAND CLINIC HOSPITAL,3100 WESTON RD,WESTON,FL,South,33331,BROWARD,Acute Care Hospitals,Voluntary non-profit - Private,true,4,0,0,2,4,3,0,2,7,100289,CLEVELAND CLINIC HOSPITAL,3,1053,18
110010,EMORY UNIVERSITY HOSPITAL,"1364 CLIFTON ROAD, NE",ATLANTA,GA,South,30322,DE KALB,Acute Care Hospitals,Voluntary non-profit - Private,true,4,0,1,0,3,1,0,1,4,110010,EMORY UNIVERSITY HOSPITAL,3,452,21
110029,"NORTHEAST GEORGIA MEDICAL CENTER, INC",743 SPRING STREET,GAINESVILLE,GA,South,30501,HALL,Acute Care Hospitals,Government - Local,true,2,0,0,1,0,2,1,1,3,110029,"NORTHEAST GEORGIA MEDICAL CENTER, INC",3,1105,16
110035,WELLSTAR KENNESTONE REGIONAL MEDICAL CENTER,677 CHURCH STREET,MARIETTA,GA,South,30060,COBB,Acute Care Hospitals,Government - Hospital District or Authority,true,4,0,0,0,2,3,1,0,6,110035,WELLSTAR KENNESTONE REGIONAL MEDICAL CENTER,2,972,17
110078,EMORY UNIVERSITY HOSPITAL MIDTOWN,"550 PEACHTREE STREET,  NE",ATLANTA,GA,South,30308,FULTON,Acute Care Hospitals,Voluntary non-profit - Private,true,2,0,0,1,0,2,1,1,3,110078,EMORY UNIVERSITY HOSPITAL MIDTOWN,3,404,10
110083,"PIEDMONT HOSPITAL, INC",1968 PEACHTREE RD NW,ATLANTA,GA,South,30309,FULTON,Acute Care Hospitals,Government - Federal,false,4,0,0,0,2,2,0,0,4,110083,"PIEDMONT HOSPITAL, INC",3,1804,17
110087,NORTHSIDE HOSPITAL GWINNETT,1000 MEDICAL CENTER BOULEVARD,LAWRENCEVILLE,GA,South,30045,GWINNETT,Acute Care Hospitals,Government - Hospital District or Authority,true,3,0,0,1,0,1,0,1,1,110087,NORTHSIDE HOSPITAL GWINNETT,3,2930,13
110107,ATRIUM HEALTH NAVICENT THE MEDICAL CENTER,777 HEMLOCK STREET,MACON,GA,South,31201,BIBB,Acute Care Hospitals,Government - Hospital District or Authority,true,2,0,0,3,0,3,0,3,3,110107,ATRIUM HEALTH NAVICENT THE MEDICAL CENTER,2,1254,14
120001,THE QUEENS MEDICAL CENTER,1301 PUNCHBOWL ST,HONOLULU,HI,West,96813,HONOLULU,Acute Care Hospitals,Voluntary non-profit - Private,true,3,0,1,1,1,3,1,2,5,120001,THE QUEENS MEDICAL CENTER,4,2724,22
130006,ST LUKE'S REGIONAL MEDICAL CENTER,190 EAST BANNOCK STREET,BOISE,ID,West,83712,ADA,Acute Care Hospitals,Voluntary non-profit - Private,true,4,0,0,1,0,3,4,1,7,130006,ST LUKE'S REGIONAL MEDICAL CENTER,4,1470,26
130007,SAINT ALPHONSUS REGIONAL MEDICAL CENTER,1055 NORTH CURTIS ROAD,BOISE,ID,West,83706,ADA,Acute Care Hospitals,Voluntary non-profit - Church,true,3,2,0,0,0,3,1,2,4,130007,SAINT ALPHONSUS REGIONAL MEDICAL CENTER,3,865,20
140010,NORTHSHORE UNIVERSITY HEALTHSYSTEM - EVANSTON HOSPITAL,2650 RIDGE AVE,EVANSTON,IL,Midwest,60201,COOK,Acute Care Hospitals,Voluntary non-profit - Other,true,5,0,0,2,5,4,2,2,11,140010,NORTHSHORE UNIVERSITY HEALTHSYSTEM - EVANSTON HOSPITAL,3,3597,24
140029,COPLEY MEMORIAL HOSPITAL,2000 OGDEN AVENUE,AURORA,IL,Midwest,60504,KANE,Acute Care Hospitals,Voluntary non-profit - Private,true,3,0,0,0,0,0,0,0,0,140029,COPLEY MEMORIAL HOSPITAL,3,874,16
140067,SAINT FRANCIS MEDICAL CENTER,530 NE GLEN OAK AVE,PEORIA,IL,Midwest,61637,PEORIA,Acute Care Hospitals,Voluntary non-profit - Private,true,2,1,2,2,0,2,0,5,2,140067,SAINT FRANCIS MEDICAL CENTER,3,3365,22
140119,RUSH UNIVERSITY MEDICAL CENTER,1653 WEST CONGRESS PARKWAY,CHICAGO,IL,Midwest,60612,COOK,Acute Care Hospitals,Voluntary non-profit - Private,true,5,0,0,2,5,4,1,2,10,140119,RUSH UNIVERSITY MEDICAL CENTER,3,3079,15
140148,MEMORIAL MEDICAL CENTER,701 N FIRST ST,SPRINGFIELD,IL,Midwest,62702,SANGAMON,Acute Care Hospitals,Voluntary non-profit - Private,true,2,0,2,2,0,3,1,4,4,140148,MEMORIAL MEDICAL CENTER,3,1790,19
140200,ELMHURST MEMORIAL HOSPITAL,155 EAST BRUSH HILL ROAD,ELMHURST,IL,Midwest,60126,DU PAGE,Acute Care Hospitals,Proprietary,true,4,0,0,1,1,3,0,1,4,140200,ELMHURST MEMORIAL HOSPITAL,3,1224,20
140208,ADVOCATE CHRIST HOSPITAL & MEDICAL CENTER,4440 W 95TH STREET,OAK LAWN,IL,Midwest,60453,COOK,Acute Care Hospitals,Voluntary non-profit - Church,true,3,0,2,1,3,3,0,3,6,140208,ADVOCATE CHRIST HOSPITAL & MEDICAL CENTER,3,926,16
140223,ADVOCATE LUTHERAN GENERAL HOSPITAL,1775 DEMPSTER ST,PARK RIDGE,IL,Midwest,60068,COOK,Acute Care Hospitals,Voluntary non-profit - Church,true,4,0,1,1,4,1,0,2,5,140223,ADVOCATE LUTHERAN GENERAL HOSPITAL,3,988,21
140231,EDWARD HOSPITAL,801 SOUTH WASHINGTON,NAPERVILLE,IL,Midwest,60540,DU PAGE,Acute Care Hospitals,Voluntary non-profit - Private,true,4,0,0,1,1,2,0,1,3,140231,EDWARD HOSPITAL,3,2741,22
140242,NORTHWESTERN MEDICINE CENTRAL DUPAGE HOSPITAL,25 NORTH WINFIELD ROAD,WINFIELD,IL,Midwest,60190,DU PAGE,Acute Care Hospitals,Voluntary non-profit - Private,true,5,0,0,1,1,3,0,1,4,140242,NORTHWESTERN MEDICINE CENTRAL DUPAGE HOSPITAL,4,1255,26
140252,NORTHWEST COMMUNITY HOSPITAL 1,800 W CENTRAL ROAD,ARLINGTON HEIGHTS,IL,Midwest,60005,COOK,Acute Care Hospitals,Voluntary non-profit - Private,true,4,0,0,2,0,3,2,2,5,140252,NORTHWEST COMMUNITY HOSPITAL 1,3,405,23
140258,ALEXIAN BROTHERS MEDICAL CENTER 1,800 BIESTERFIELD RD,ELK GROVE VILLAGE,IL,Midwest,60007,COOK,Acute Care Hospitals,Voluntary non-profit - Private,true,4,0,0,1,1,1,1,1,3,140258,ALEXIAN BROTHERS MEDICAL CENTER 1,2,232,20
140276,LOYOLA UNIVERSITY MEDICAL CENTER,2160 S 1ST AVENUE,MAYWOOD,IL,Midwest,60153,COOK,Acute Care Hospitals,Voluntary non-profit - Private,true,3,0,0,3,1,2,0,3,3,140276,LOYOLA UNIVERSITY MEDICAL CENTER,2,536,18
140280,TRINITY ROCK ISLAND,2701 17TH ST,ROCK ISLAND,IL,Midwest,61201,ROCK ISLAND,Acute Care Hospitals,Voluntary non-profit - Private,true,2,1,0,0,0,1,0,1,1,140280,TRINITY ROCK ISLAND,2,592,22
140281,NORTHWESTERN MEMORIAL HOSPITAL,251 E HURON ST,CHICAGO,IL,Midwest,60611,COOK,Acute Care Hospitals,Voluntary non-profit - Private,true,5,0,0,4,4,4,1,4,9,140281,NORTHWESTERN MEMORIAL HOSPITAL,4,2160,19
150012,SAINT JOSEPH REGIONAL MEDICAL CENTER,5215 HOLY CROSS PKWY,MISHAWAKA,IN,Midwest,46545,ST. JOSEPH,Acute Care Hospitals,Voluntary non-profit - Private,true,2,1,0,0,0,2,0,1,2,150012,SAINT JOSEPH REGIONAL MEDICAL CENTER,2,522,20
150018,ELKHART GENERAL HOSPITAL,600 E BLVD,ELKHART,IN,Midwest,46514,ELKHART,Acute Care Hospitals,Government - Local,true,4,0,0,1,0,1,0,1,1,150018,ELKHART GENERAL HOSPITAL,3,556,24
150023,UNION HOSPITAL INC,1606 N SEVENTH ST,TERRE HAUTE,IN,Midwest,47804,VIGO,Acute Care Hospitals,Voluntary non-profit - Private,true,3,0,0,2,0,2,2,2,4,150023,UNION HOSPITAL INC,3,870,19
150051,INDIANA UNIVERSITY HEALTH BLOOMINGTON HOSPITAL,601 W SECOND ST,BLOOMINGTON,IN,Midwest,47403,MONROE,Acute Care Hospitals,Voluntary non-profit - Private,true,3,0,2,0,0,1,2,2,3,150051,INDIANA UNIVERSITY HEALTH BLOOMINGTON HOSPITAL,2,394,21
150056,INDIANA UNIVERSITY HEALTH,1701 N SENATE BLVD,INDIANAPOLIS,IN,Midwest,46202,MARION,Acute Care Hospitals,Voluntary non-profit - Private,true,2,0,0,1,0,3,0,1,3,150056,INDIANA UNIVERSITY HEALTH,2,881,17
150058,MEMORIAL HOSPITAL OF SOUTH BEND,615 N MICHIGAN ST,SOUTH BEND,IN,Midwest,46601,ST. JOSEPH,Acute Care Hospitals,Voluntary non-profit - Private,true,3,1,1,0,0,3,0,2,3,150058,MEMORIAL HOSPITAL OF SOUTH BEND,3,545,24
150084,ASCENSION ST VINCENT HOSPITAL,2001 W 86TH ST,INDIANAPOLIS,IN,Midwest,46260,MARION,Acute Care Hospitals,Voluntary non-profit - Church,true,3,1,0,1,0,3,0,2,3,150084,ASCENSION ST VINCENT HOSPITAL,2,209,18
150125,COMMUNITY HOSPITAL,901 MACARTHUR BLVD,MUNSTER,IN,Midwest,46321,LAKE,Acute Care Hospitals,Voluntary non-profit - Private,true,3,0,0,1,1,1,0,1,2,150125,COMMUNITY HOSPITAL,3,576,21
150162,FRANCISCAN HEALTH INDIANAPOLIS,8111 S EMERSON AVE,INDIANAPOLIS,IN,Midwest,46237,MARION,Acute Care Hospitals,Voluntary non-profit - Church,true,3,0,0,0,0,2,1,0,3,150162,FRANCISCAN HEALTH INDIANAPOLIS,3,420,23
160082,UNITYPOINT HEALTH - DES MOINES IOWA METHODIST MEDI,1200 PLEASANT STREET,DES MOINES,IA,Midwest,50309,POLK,Acute Care Hospitals,Voluntary non-profit - Private,true,3,1,0,1,0,4,1,2,5,160082,UNITYPOINT HEALTH - DES MOINES IOWA METHODIST MEDI,3,1157,22
160083,MERCYONE DES MOINES MEDICAL CENTER,1111 6TH AVE,DES MOINES,IA,Midwest,50314,POLK,Acute Care Hospitals,Voluntary non-profit - Private,true,2,0,0,0,0,3,2,0,5,160083,MERCYONE DES MOINES MEDICAL CENTER,2,710,21
170086,STORMONT VAIL HOSPITAL,1500 SW 10TH AVENUE,TOPEKA,KS,Midwest,66604,SHAWNEE,Acute Care Hospitals,Voluntary non-profit - Private,true,4,0,0,1,0,1,2,1,3,170086,STORMONT VAIL HOSPITAL,3,753,24
170104,ADVENTHEALTH SHAWNEE MISSION,9100 W 74TH STREET,SHAWNEE MISSION,KS,Midwest,66204,JOHNSON,Acute Care Hospitals,Voluntary non-profit - Private,true,3,0,0,1,0,1,1,1,2,170104,ADVENTHEALTH SHAWNEE MISSION,3,2011,19
170123,WESLEY MEDICAL CENTER,550 N HILLSIDE STREET,WICHITA,KS,Midwest,67214,SEDGWICK,Acute Care Hospitals,Proprietary,true,4,0,0,1,1,4,3,1,8,170123,WESLEY MEDICAL CENTER,2,1118,19
170176,OVERLAND PARK REG MED CTR,10500 QUIVIRA ROAD,OVERLAND PARK,KS,Midwest,66215,JOHNSON,Acute Care Hospitals,Proprietary,true,3,0,0,1,1,1,1,1,3,170176,OVERLAND PARK REG MED CTR,3,591,20
180035,ST ELIZABETH EDGEWOOD,1 MEDICAL VILLAGE DRIVE,EDGEWOOD,KY,South,41017,KENTON,Acute Care Hospitals,Voluntary non-profit - Church,true,4,0,0,1,1,1,1,1,3,180035,ST ELIZABETH EDGEWOOD,4,2766,20
180088,"NORTON HOSPITALS, INC",200 EAST CHESTNUT STREET,LOUISVILLE,KY,South,40202,JEFFERSON,Acute Care Hospitals,Voluntary non-profit - Private,true,2,2,2,4,0,2,0,8,2,180088,"NORTON HOSPITALS, INC",3,1519,17
180103,BAPTIST HEALTH LEXINGTON,1740 NICHOLASVILLE ROAD,LEXINGTON,KY,South,40503,FAYETTE,Acute Care Hospitals,Voluntary non-profit - Other,true,4,0,0,0,0,2,0,0,2,180103,BAPTIST HEALTH LEXINGTON,4,1591,21
190002,OCHSNER LAFAYETTE GENERAL MEDICAL CENTER,1214 COOLIDGE AVENUE,LAFAYETTE,LA,South,70503,LAFAYETTE,Acute Care Hospitals,Voluntary non-profit - Private,true,3,1,0,1,0,2,0,2,2,190002,OCHSNER LAFAYETTE GENERAL MEDICAL CENTER,4,655,19
190008,TERREBONNE GENERAL MEDICAL CENTER - PARISH,8166 MAIN STREET,HOUMA,LA,South,70360,TERREBONNE,Acute Care Hospitals,Government - Hospital District or Authority,true,4,1,0,0,0,1,1,1,2,190008,TERREBONNE GENERAL MEDICAL CENTER - PARISH,4,838,20
190036,OCHSNER MEDICAL CENTER ACUTE,1516 JEFFERSON HWY,NEW ORLEANS,LA,South,70121,JEFFERSON,Acute Care Hospitals,Voluntary non-profit - Private,true,4,0,0,1,0,3,0,1,3,190036,OCHSNER MEDICAL CENTER ACUTE,3,1679,15
190046,TOURO INFIRMARY,1401 FOUCHER STREET,NEW ORLEANS,LA,South,70115,ORLEANS,Acute Care Hospitals,Voluntary non-profit - Private,true,3,0,1,1,0,1,0,2,1,190046,TOURO INFIRMARY,4,1067,22
190065,BATON ROUGE GENERAL MEDICAL CENTER,8585 PICARDY AVE,BATON ROUGE,LA,South,70809,E. BATON ROUGE,Acute Care Hospitals,Voluntary non-profit - Private,true,3,0,0,1,0,2,1,1,3,190065,BATON ROUGE GENERAL MEDICAL CENTER,3,1648,17
190111,WILLIS KNIGHTON MEDICAL CENTER,2600 GREENWOOD ROAD,SHREVEPORT,LA,South,71103,CADDO,Acute Care Hospitals,Voluntary non-profit - Private,true,3,0,0,2,0,1,0,2,1,190111,WILLIS KNIGHTON MEDICAL CENTER,3,1188,16
190176,EAST JEFFERSON GENERAL HOSPITAL,4200 HOUMA BLVD,METAIRIE,LA,South,70006,JEFFERSON,Acute Care Hospitals,Voluntary non-profit - Private,true,2,0,0,2,0,2,0,2,2,190176,EAST JEFFERSON GENERAL HOSPITAL,3,3078,22
200009,MAINEHEALTH MAINE MEDICAL CENTER,22 BRAMHALL ST,PORTLAND,ME,Northeast,4102,CUMBERLAND,Acute Care Hospitals,Voluntary non-profit - Private,true,4,0,0,0,0,3,2,0,5,200009,MAINEHEALTH MAINE MEDICAL CENTER,3,956,28
210012,SINAI HOSPITAL OF BALTIMORE,2401 WEST BELVEDERE AVENUE,BALTIMORE,MD,South,21215,BALTIMORE CITY,Acute Care Hospitals,Voluntary non-profit - Private,true,2,0,2,1,0,1,0,3,1,210012,SINAI HOSPITAL OF BALTIMORE,2,651,14
210023,"LUMINIS HEALTH ANNE ARUNDEL MEDICAL CENTER, INC",2001 MEDICAL PARKWAY,ANNAPOLIS,MD,South,21401,ANNE ARUNDEL,Acute Care Hospitals,Voluntary non-profit - Private,true,3,0,0,2,1,2,2,2,5,210023,"LUMINIS HEALTH ANNE ARUNDEL MEDICAL CENTER, INC",3,1154,19
220031,BOSTON MEDICAL CENTER,1 BOSTON MEDICAL CENTER PLACE,BOSTON,MA,Northeast,2118,SUFFOLK,Acute Care Hospitals,Voluntary non-profit - Private,true,3,0,0,2,1,2,0,2,3,220031,BOSTON MEDICAL CENTER,3,4132,30
220071,MASSACHUSETTS GENERAL HOSPITAL,55 FRUIT STREET,BOSTON,MA,Northeast,2114,SUFFOLK,Acute Care Hospitals,Voluntary non-profit - Private,true,5,0,0,3,3,2,3,3,8,220071,MASSACHUSETTS GENERAL HOSPITAL,4,573,22
220074,SOUTHCOAST HOSPITALS GROUP,363 HIGHLAND AVENUE,FALL RIVER,MA,Northeast,2720,BRISTOL,Acute Care Hospitals,Voluntary non-profit - Private,true,4,0,0,0,1,2,0,0,3,220074,SOUTHCOAST HOSPITALS GROUP,3,1247,22
220077,BAYSTATE MEDICAL CENTER,759 CHESTNUT STREET,SPRINGFIELD,MA,Northeast,1199,HAMPDEN,Acute Care Hospitals,Voluntary non-profit - Private,true,1,0,1,3,0,4,0,4,4,220077,BAYSTATE MEDICAL CENTER,2,2174,20
220086,BETH ISRAEL DEACONESS MEDICAL CENTER,330 BROOKLINE AVENUE,BOSTON,MA,Northeast,2215,SUFFOLK,Acute Care Hospitals,Voluntary non-profit - Private,true,4,0,1,5,3,3,0,6,6,220086,BETH ISRAEL DEACONESS MEDICAL CENTER,4,4525,21
220110,BRIGHAM AND WOMEN'S HOSPITAL,75 FRANCIS STREET,BOSTON,MA,Northeast,2115,SUFFOLK,Acute Care Hospitals,Voluntary non-profit - Private,true,5,0,0,2,3,2,1,2,6,220110,BRIGHAM AND WOMEN'S HOSPITAL,4,571,21
220163,UMASS MEMORIAL MEDICAL CENTER/UNIVERSITY CAMPUS,55 LAKE AVENUE NORTH,WORCESTER,MA,Northeast,1655,WORCESTER,Acute Care Hospitals,Voluntary non-profit - Private,true,3,0,0,2,4,3,0,2,7,220163,UMASS MEMORIAL MEDICAL CENTER/UNIVERSITY CAMPUS,3,951,20
230017,BRONSON METHODIST HOSPITAL,601 JOHN STREET,KALAMAZOO,MI,Midwest,49007,KALAMAZOO,Acute Care Hospitals,Voluntary non-profit - Private,true,4,0,0,0,0,1,0,0,1,230017,BRONSON METHODIST HOSPITAL,3,718,22
230020,BEAUMONT HOSPITAL - DEARBORN,18101 OAKWOOD BLVD,DEARBORN,MI,Midwest,48124,WAYNE,Acute Care Hospitals,Voluntary non-profit - Private,true,1,0,3,3,1,1,0,6,2,230020,BEAUMONT HOSPITAL - DEARBORN,2,636,14
230021,"LAKELAND HOSPITAL, ST JOSEPH",1234 NAPIER AVENUE,ST JOSEPH,MI,Midwest,49085,BERRIEN,Acute Care Hospitals,Voluntary non-profit - Private,true,4,0,0,0,0,1,0,0,1,230021,"LAKELAND HOSPITAL, ST JOSEPH",3,846,23
230029,TRINITY HEALTH OAKLAND HOSPITAL,44405 WOODWARD AVE,PONTIAC,MI,Midwest,48341,OAKLAND,Acute Care Hospitals,Voluntary non-profit - Private,true,2,0,0,1,0,1,1,1,2,230029,TRINITY HEALTH OAKLAND HOSPITAL,2,687,21
230038,SPECTRUM HEALTH,100 MICHIGAN ST NE,GRAND RAPIDS,MI,Midwest,49503,KENT,Acute Care Hospitals,Voluntary non-profit - Private,true,5,0,0,0,2,3,0,0,5,230038,SPECTRUM HEALTH,4,1953,25
230046,UNIVERSITY OF MICHIGAN HEALTH SYSTEM,"1500 E MEDICAL CENTER DRIVE, SPC 5474",ANN ARBOR,MI,Midwest,48109,WASHTENAW,Acute Care Hospitals,Voluntary non-profit - Private,true,4,0,0,1,2,4,1,1,7,230046,UNIVERSITY OF MICHIGAN HEALTH SYSTEM,4,1071,24
230097,MUNSON MEDICAL CENTER,1105 SIXTH STREET,TRAVERSE CITY,MI,Midwest,49684,GRAND TRAVERSE,Acute Care Hospitals,Voluntary non-profit - Other,true,4,1,1,0,1,1,3,2,5,230097,MUNSON MEDICAL CENTER,4,411,28
230130,BEAUMONT HOSPITAL ROYAL OAK,3601 W THIRTEEN MILE RD,ROYAL OAK,MI,Midwest,48073,OAKLAND,Acute Care Hospitals,Voluntary non-profit - Private,true,3,0,1,3,2,2,0,4,4,230130,BEAUMONT HOSPITAL ROYAL OAK,2,879,24
230156,TRINITY HEALTH ANN ARBOR HOSPITAL,5301 E HURON RIVER DR,ANN ARBOR,MI,Midwest,48106,WASHTENAW,Acute Care Hospitals,Voluntary non-profit - Church,true,4,0,1,1,1,1,0,2,2,230156,TRINITY HEALTH ANN ARBOR HOSPITAL,3,617,25
230165,HENRY FORD HEALTH ST JOHN HOSPITAL,22101 MOROSS RD,DETROIT,MI,Midwest,48236,WAYNE,Acute Care Hospitals,Voluntary non-profit - Church,true,2,0,0,0,0,2,0,0,2,230165,HENRY FORD HEALTH ST JOHN HOSPITAL,2,341,15
230167,MCLAREN GREATER LANSING,2900 COLLINS ROAD,LANSING,MI,Midwest,48910,INGHAM,Acute Care Hospitals,Voluntary non-profit - Private,true,2,1,0,1,0,0,0,2,0,230167,MCLAREN GREATER LANSING,3,448,25
230269,"BEAUMONT HOSPITAL, TROY",44201 DEQUINDRE ROAD,TROY,MI,Midwest,48085,OAKLAND,Acute Care Hospitals,Voluntary non-profit - Private,true,3,0,2,2,1,1,0,4,2,230269,"BEAUMONT HOSPITAL, TROY",3,778,25
240010,MAYO CLINIC HOSPITAL ROCHESTER,1216 SECOND STREET SOUTHWEST,ROCHESTER,MN,Midwest,55902,OLMSTED,Acute Care Hospitals,Voluntary non-profit - Church,true,5,0,0,0,7,6,4,0,17,240010,MAYO CLINIC HOSPITAL ROCHESTER,5,3267,36
240036,ST CLOUD HOSPITAL,1406 6TH AVE NORTH,SAINT CLOUD,MN,Midwest,56303,STEARNS,Acute Care Hospitals,Voluntary non-profit - Private,true,4,0,0,0,2,3,2,0,7,240036,ST CLOUD HOSPITAL,4,3295,27
240038,ALLINA UNITED HOSPITAL,333 NORTH SMITH AVENUE,SAINT PAUL,MN,Midwest,55102,RAMSEY,Acute Care Hospitals,Voluntary non-profit - Private,true,3,0,0,0,0,3,0,0,3,240038,ALLINA UNITED HOSPITAL,3,478,27
240053,PARK NICOLLET METHODIST HOSPITAL,6500 EXCELSIOR BLVD,SAINT LOUIS PARK,MN,Midwest,55426,HENNEPIN,Acute Care Hospitals,Voluntary non-profit - Private,true,3,0,0,1,0,4,0,1,4,240053,PARK NICOLLET METHODIST HOSPITAL,4,1049,31
240057,ABBOTT NORTHWESTERN HOSPITAL,800 EAST 28TH STREET,MINNEAPOLIS,MN,Midwest,55407,HENNEPIN,Acute Care Hospitals,Voluntary non-profit - Private,true,4,0,0,2,1,2,0,2,3,240057,ABBOTT NORTHWESTERN HOSPITAL,4,572,31
240080,M HEALTH FAIRVIEW UNIVERSITY OF MN MEDICAL CENTER,2450 RIVERSIDE AVENUE,MINNEAPOLIS,MN,Midwest,55454,HENNEPIN,Acute Care Hospitals,Voluntary non-profit - Private,true,3,0,1,2,1,1,0,3,2,240080,M HEALTH FAIRVIEW UNIVERSITY OF MN MEDICAL CENTER,3,400,20
240106,REGIONS HOSPITAL,640 JACKSON STREET,SAINT PAUL,MN,Midwest,55101,RAMSEY,Acute Care Hospitals,Voluntary non-profit - Private,true,4,0,0,0,0,2,0,0,2,240106,REGIONS HOSPITAL,3,956,23
240115,MERCY HOSPITAL,4050 COON RAPIDS BLVD,COON RAPIDS,MN,Midwest,55433,ANOKA,Acute Care Hospitals,Voluntary non-profit - Private,true,3,0,1,1,0,1,0,2,1,240115,MERCY HOSPITAL,3,462,26
250001,UNIVERSITY OF MISSISSIPPI MED CENTER,2500 N STATE ST,JACKSON,MS,South,39216,HINDS,Acute Care Hospitals,Government - State,true,2,1,1,1,0,3,0,3,3,250001,UNIVERSITY OF MISSISSIPPI MED CENTER,3,1592,13
250019,MEMORIAL HOSPITAL AT GULFPORT,4500 13TH STREET,GULFPORT,MS,South,39502,HARRISON,Acute Care Hospitals,Government - Local,true,3,0,1,1,0,1,0,2,1,250019,MEMORIAL HOSPITAL AT GULFPORT,3,324,13
250040,SINGING RIVER HEALTH SYSTEM,2809 DENNY AV,PASCAGOULA,MS,South,39581,JACKSON,Acute Care Hospitals,Government - Local,true,2,1,1,1,0,2,0,3,2,250040,SINGING RIVER HEALTH SYSTEM,3,1099,16
250048,ST DOMINIC-JACKSON MEMORIAL HOSPITAL,969 LAKELAND DR,JACKSON,MS,South,39216,HINDS,Acute Care Hospitals,Voluntary non-profit - Church,true,1,3,0,2,0,2,0,5,2,250048,ST DOMINIC-JACKSON MEMORIAL HOSPITAL,3,329,19
250078,FORREST GENERAL HOSPITAL,6051 US HIGHWAY 49,HATTIESBURG,MS,South,39401,FORREST,Acute Care Hospitals,Government - Local,true,2,1,0,1,0,3,0,2,3,250078,FORREST GENERAL HOSPITAL,4,1872,16
250100,BMH-GOLDEN TRIANGLE,2520 5TH STREET N,COLUMBUS,MS,South,39705,LOWNDES,Acute Care Hospitals,Voluntary non-profit - Private,true,3,2,0,1,0,1,1,3,2,250100,BMH-GOLDEN TRIANGLE,4,669,16
250102,MISSISSIPPI BAPTIST MEDICAL CENTER,1225 N STATE ST,JACKSON,MS,South,39202,HINDS,Acute Care Hospitals,Voluntary non-profit - Private,true,2,0,3,2,0,1,1,5,2,250102,MISSISSIPPI BAPTIST MEDICAL CENTER,3,1149,17
260020,MERCY HOSPITAL ST LOUIS,615 NEW BALLAS ROAD,SAINT LOUIS,MO,Midwest,63141,ST. LOUIS,Acute Care Hospitals,Voluntary non-profit - Private,true,3,0,0,3,1,4,1,3,6,260020,MERCY HOSPITAL ST LOUIS,3,987,19
260032,BARNES JEWISH HOSPITAL,ONE BARNES-JEWISH HOSPITAL PLAZA,SAINT LOUIS,MO,Midwest,63110,ST. LOUIS CITY,Acute Care Hospitals,Voluntary non-profit - Other,true,4,0,0,4,2,1,0,4,3,260032,BARNES JEWISH HOSPITAL,4,5868,38
260040,COX MEDICAL CENTERS,3801 SOUTH NATIONAL AVENUE,SPRINGFIELD,MO,Midwest,65807,GREENE,Acute Care Hospitals,Voluntary non-profit - Private,true,3,1,0,2,0,3,1,3,4,260040,COX MEDICAL CENTERS,3,1294,20
260065,MERCY HOSPITAL SPRINGFIELD,2115 S. Fremont Ave,SPRINGFIELD,MO,Midwest,65804,GREENE,Acute Care Hospitals,Voluntary non-profit - Private,true,2,0,1,0,0,2,1,1,3,260065,MERCY HOSPITAL SPRINGFIELD,3,1055,20
260068,BOONE HOSPITAL CENTER,1600 E BROADWAY,COLUMBIA,MO,Midwest,65201,BOONE,Acute Care Hospitals,Voluntary non-profit - Other,true,4,0,0,0,0,1,2,0,3,260068,BOONE HOSPITAL CENTER,3,1386,31
260104,SSM HEALTH DEPAUL HOSPITAL ST LOUIS,12303 DEPAUL DRIVE,BRIDGETON,MO,Midwest,63044,ST. LOUIS,Acute Care Hospitals,Voluntary non-profit - Church,true,3,0,0,0,1,3,1,0,5,260104,SSM HEALTH DEPAUL HOSPITAL ST LOUIS,2,416,16
260108,MISSOURI BAPTIST MEDICAL CENTER,3015 N BALLAS RD,SAINT LOUIS,MO,Midwest,63131,ST. LOUIS,Acute Care Hospitals,Voluntary non-profit - Private,true,4,0,0,1,2,3,0,1,5,260108,MISSOURI BAPTIST MEDICAL CENTER,4,2090,39
260137,FREEMAN HEALTH SYSTEM - FREEMAN WEST,1102 WEST 32ND STREET,JOPLIN,MO,Midwest,64804,JASPER,Acute Care Hospitals,Voluntary non-profit - Private,true,2,1,0,0,0,0,1,1,1,260137,FREEMAN HEALTH SYSTEM - FREEMAN WEST,3,582,19
260138,ST LUKES HOSPITAL OF KANSAS CITY,4401 WORNALL ROAD,KANSAS CITY,MO,Midwest,64111,JACKSON,Acute Care Hospitals,Voluntary non-profit - Private,true,4,0,0,0,1,1,1,0,3,260138,ST LUKES HOSPITAL OF KANSAS CITY,4,2717,21
260141,UNIVERSITY OF MISSOURI HEALTH CARE,ONE HOSPITAL DRIVE,COLUMBIA,MO,Midwest,65212,BOONE,Acute Care Hospitals,Government - State,true,3,0,0,0,0,3,0,0,3,260141,UNIVERSITY OF MISSOURI HEALTH CARE,3,1529,24
260179,ST LUKES HOSPITAL,232 S WOODS MILL RD,CHESTERFIELD,MO,Midwest,63017,ST. LOUIS,Acute Care Hospitals,Voluntary non-profit - Private,true,4,0,0,4,1,3,0,4,4,260179,ST LUKES HOSPITAL,3,1557,28
270004,BILLINGS CLINIC,2800 10TH AVE N,BILLINGS,MT,West,59101,YELLOWSTONE,Acute Care Hospitals,Voluntary non-profit - Private,true,4,1,0,0,0,2,1,1,3,270004,BILLINGS CLINIC,3,1286,25
270049,INTERMOUNTAIN HEALTH ST VINCENT REGIONAL HOSPITAL,1233 N 30TH ST,BILLINGS,MT,West,59107,YELLOWSTONE,Acute Care Hospitals,Voluntary non-profit - Church,true,4,0,0,0,0,3,3,0,6,270049,INTERMOUNTAIN HEALTH ST VINCENT REGIONAL HOSPITAL,4,1097,23
280003,BRYAN MEDICAL CENTER,1600 SOUTH 48TH ST,LINCOLN,NE,Midwest,68506,LANCASTER,Acute Care Hospitals,Voluntary non-profit - Private,true,3,0,1,0,0,2,2,1,4,280003,BRYAN MEDICAL CENTER,3,474,29
280013,THE NEBRASKA MEDICAL CENTER,988102 Nebrasks Medical Center,OMAHA,NE,Midwest,68198,DOUGLAS,Acute Care Hospitals,Voluntary non-profit - Private,true,3,1,0,1,0,2,0,2,2,280013,THE NEBRASKA MEDICAL CENTER,3,4282,21
280040,THE NEBRASKA METHODIST HOSPITAL,8303 DODGE ST,OMAHA,NE,Midwest,68114,DOUGLAS,Acute Care Hospitals,Voluntary non-profit - Private,true,4,0,1,1,0,1,0,2,1,280040,THE NEBRASKA METHODIST HOSPITAL,4,3605,27
290039,MOUNTAINVIEW HOSPITAL,3100 N TENAYA WAY,LAS VEGAS,NV,West,89128,CLARK,Acute Care Hospitals,Proprietary,true,3,0,0,0,2,3,0,0,5,290039,MOUNTAINVIEW HOSPITAL,3,553,16
300003,MARY HITCHCOCK MEMORIAL HOSPITAL,1 MEDICAL CENTER DRIVE,LEBANON,NH,Northeast,3756,GRAFTON,Acute Care Hospitals,Voluntary non-profit - Private,true,4,0,0,1,0,2,1,1,3,300003,MARY HITCHCOCK MEMORIAL HOSPITAL,4,1861,28
310001,HACKENSACK UNIVERSITY MEDICAL CENTER,30 PROSPECT AVE,HACKENSACK,NJ,Northeast,7601,BERGEN,Acute Care Hospitals,Voluntary non-profit - Private,true,5,0,0,3,5,4,2,3,11,310001,HACKENSACK UNIVERSITY MEDICAL CENTER,3,3820,15
310012,VALLEY HOSPITAL,4 VALLEY HEALTH PLAZA,PARAMUS,NJ,Northeast,7652,BERGEN,Acute Care Hospitals,Voluntary non-profit - Private,true,3,0,1,1,1,1,1,2,3,310012,VALLEY HOSPITAL,3,1402,26
310014,COOPER UNIVERSITY HOSPITAL,1 COOPER PLAZA,CAMDEN,NJ,Northeast,8103,CAMDEN,Acute Care Hospitals,Voluntary non-profit - Private,true,2,1,1,1,0,0,0,3,0,310014,COOPER UNIVERSITY HOSPITAL,3,408,18
310015,MORRISTOWN MEDICAL CENTER,100 MADISON AVE,MORRISTOWN,NJ,Northeast,7962,MORRIS,Acute Care Hospitals,Voluntary non-profit - Private,true,5,0,0,2,3,5,4,2,12,310015,MORRISTOWN MEDICAL CENTER,3,4240,28
310019,ST JOSEPH'S UNIVERSITY MEDICAL CENTER INC,703 MAIN ST,PATERSON,NJ,Northeast,7503,PASSAIC,Acute Care Hospitals,Voluntary non-profit - Church,false,3,0,0,2,0,3,0,2,3,310019,ST JOSEPH'S UNIVERSITY MEDICAL CENTER INC,2,1382,10
310038,ROBERT WOOD JOHNSON UNIVERSITY HOSPITAL,ONE ROBERT WOOD JOHNSON PLACE,NEW BRUNSWICK,NJ,Northeast,8901,MIDDLESEX,Acute Care Hospitals,Voluntary non-profit - Private,true,2,0,1,4,0,2,0,5,2,310038,ROBERT WOOD JOHNSON UNIVERSITY HOSPITAL,3,3288,17
310064,ATLANTICARE REGIONAL MEDICAL CENTER - CITY CAMPUS,1925 PACIFIC AVENUE,ATLANTIC CITY,NJ,Northeast,8401,ATLANTIC,Acute Care Hospitals,Voluntary non-profit - Private,true,3,0,0,1,0,2,0,1,2,310064,ATLANTICARE REGIONAL MEDICAL CENTER - CITY CAMPUS,3,481,17
310073,JERSEY SHORE UNIVERSITY MEDICAL CENTER,1945 RTE 33,NEPTUNE,NJ,Northeast,7754,MONMOUTH,Acute Care Hospitals,Voluntary non-profit - Private,true,3,0,0,2,3,3,1,2,7,310073,JERSEY SHORE UNIVERSITY MEDICAL CENTER,2,4097,20
310076,COOPERMAN BARNABAS MEDICAL CENTER,94 OLD SHORT HILLS ROAD,LIVINGSTON,NJ,Northeast,7039,ESSEX,Acute Care Hospitals,Voluntary non-profit - Private,true,3,0,0,2,0,4,0,2,4,310076,COOPERMAN BARNABAS MEDICAL CENTER,3,3021,16
320021,PRESBYTERIAN HOSPITAL,1100 CENTRAL AVENUE SE,ALBUQUERQUE,NM,West,87106,BERNALILLO,Acute Care Hospitals,Voluntary non-profit - Private,true,3,0,0,0,0,1,2,0,3,320021,PRESBYTERIAN HOSPITAL,3,3291,18
330005,KALEIDA HEALTH,100 HIGH STREET,BUFFALO,NY,Northeast,14210,ERIE,Acute Care Hospitals,Voluntary non-profit - Private,true,3,1,1,1,2,2,1,3,5,330005,KALEIDA HEALTH,3,3562,24
330013,ALBANY MEDICAL CENTER HOSPITAL,"43 NEW SCOTLAND AVENUE, MAIL CODE 34",ALBANY,NY,Northeast,12208,ALBANY,Acute Care Hospitals,Voluntary non-profit - Private,true,2,1,1,1,0,3,1,3,4,330013,ALBANY MEDICAL CENTER HOSPITAL,2,549,21
330024,MOUNT SINAI HOSPITAL,ONE GUSTAVE L LEVY PLACE,NEW YORK,NY,Northeast,10029,NEW YORK,Acute Care Hospitals,Voluntary non-profit - Private,true,3,0,0,0,3,3,0,0,6,330024,MOUNT SINAI HOSPITAL,3,696,15
330043,NS/LIJ HS SOUTHSIDE HOSPITAL,301 EAST MAIN STREET,BAY SHORE,NY,Northeast,11706,SUFFOLK,Acute Care Hospitals,Voluntary non-profit - Private,true,3,0,0,1,1,4,0,1,5,330043,NS/LIJ HS SOUTHSIDE HOSPITAL,3,463,19
330046,MOUNT SINAI WEST,1000 TENTH AVENUE,NEW YORK,NY,Northeast,10019,NEW YORK,Acute Care Hospitals,Voluntary non-profit - Church,true,3,0,0,2,3,2,0,2,5,330046,MOUNT SINAI WEST,2,377,11
330057,ST PETER'S HOSPITAL,315 SOUTH MANNING BOULEVARD,ALBANY,NY,Northeast,12208,ALBANY,Acute Care Hospitals,Voluntary non-profit - Private,true,3,0,1,1,1,2,0,2,3,330057,ST PETER'S HOSPITAL,3,531,24
330059,MONTEFIORE MEDICAL CENTER,111 EAST 210TH STREET,BRONX,NY,Northeast,10467,BRONX,Acute Care Hospitals,Voluntary non-profit - Private,true,3,0,1,2,3,1,1,3,5,330059,MONTEFIORE MEDICAL CENTER,2,4810,11
330101,NEW YORK-PRESBYTERIAN HOSPITAL,525 EAST 68TH STREET,NEW YORK,NY,Northeast,10065,NEW YORK,Acute Care Hospitals,Voluntary non-profit - Private,true,5,0,0,2,5,3,3,2,11,330101,NEW YORK-PRESBYTERIAN HOSPITAL,3,1981,16
330119,LENOX HILL HOSPITAL,100 EAST 77TH STREET,NEW YORK,NY,Northeast,10075,NEW YORK,Acute Care Hospitals,Voluntary non-profit - Private,true,4,0,0,0,3,2,1,0,6,330119,LENOX HILL HOSPITAL,2,392,18
330125,ROCHESTER GENERAL HOSPITAL,1425 PORTLAND AVENUE,ROCHESTER,NY,Northeast,14621,MONROE,Acute Care Hospitals,Voluntary non-profit - Private,true,1,0,1,2,0,2,0,3,2,330125,ROCHESTER GENERAL HOSPITAL,2,3233,21
330160,STATEN ISLAND UNIVERSITY HOSPITAL,475 SEAVIEW AVENUE,STATEN ISLAND,NY,Northeast,10305,RICHMOND,Acute Care Hospitals,Voluntary non-profit - Private,true,2,0,1,2,0,2,0,3,2,330160,STATEN ISLAND UNIVERSITY HOSPITAL,2,376,15
330194,MAIMONIDES MEDICAL CENTER,4802 TENTH AVENUE,BROOKLYN,NY,Northeast,11219,KINGS,Acute Care Hospitals,Voluntary non-profit - Private,true,2,0,0,4,4,1,0,4,5,330194,MAIMONIDES MEDICAL CENTER,2,2014,23
330214,NYU LANGONE HOSPITALS,550 FIRST AVENUE,NEW YORK,NY,Northeast,10016,NEW YORK,Acute Care Hospitals,Voluntary non-profit - Private,true,5,0,0,1,7,5,5,1,17,330214,NYU LANGONE HOSPITALS,3,7281,21
330234,WESTCHESTER MEDICAL CENTER,100 WOODS RD,VALHALLA,NY,Northeast,10595,WESTCHESTER,Acute Care Hospitals,Voluntary non-profit - Other,true,1,0,1,3,0,3,0,4,3,330234,WESTCHESTER MEDICAL CENTER,2,2528,14
330286,GOOD SAMARITAN HOSPITAL MEDICAL CENTER,1000 MONTAUK HIGHWAY,WEST ISLIP,NY,Northeast,11795,SUFFOLK,Acute Care Hospitals,Voluntary non-profit - Private,true,2,1,1,3,0,3,0,5,3,330286,GOOD SAMARITAN HOSPITAL MEDICAL CENTER,2,2032,19
330393,SUNY/STONY BROOK UNIVERSITY HOSPITAL,HEALTH SCIENCES CENTER SUNY,STONY BROOK,NY,Northeast,11794,SUFFOLK,Acute Care Hospitals,Government - State,true,4,0,0,2,3,3,0,2,6,330393,SUNY/STONY BROOK UNIVERSITY HOSPITAL,3,1948,22
340002,MEMORIAL MISSION HOSPITAL AND ASHEVILLE SURGERY CE,509 BILTMORE AVE,ASHEVILLE,NC,South,28801,BUNCOMBE,Acute Care Hospitals,Voluntary non-profit - Private,true,4,0,0,0,2,4,4,0,10,340002,MEMORIAL MISSION HOSPITAL AND ASHEVILLE SURGERY CE,2,594,20
340014,NOVANT HEALTH FORSYTH MEDICAL CENTER,3333 SILAS CREEK PARKWAY,WINSTON-SALEM,NC,South,27103,FORSYTH,Acute Care Hospitals,Voluntary non-profit - Private,true,4,0,0,2,1,5,2,2,8,340014,NOVANT HEALTH FORSYTH MEDICAL CENTER,3,499,21
340028,CAPE FEAR VALLEY MEDICAL CENTER,1638 OWEN DRIVE P O BOX 2000,FAYETTEVILLE,NC,South,28302,CUMBERLAND,Acute Care Hospitals,Voluntary non-profit - Private,true,1,2,1,3,0,1,0,6,1,340028,CAPE FEAR VALLEY MEDICAL CENTER,3,2543,15
340030,DUKE UNIVERSITY HOSPITAL,2301  ERWIN RD,DURHAM,NC,South,27705,DURHAM,Acute Care Hospitals,Proprietary,true,5,1,1,0,2,2,2,2,6,340030,DUKE UNIVERSITY HOSPITAL,4,1836,19
340040,ECU HEALTH MEDICAL CENTER,2100 STANTONSBURG RD,GREENVILLE,NC,South,27834,PITT,Acute Care Hospitals,Voluntary non-profit - Private,true,2,0,0,4,0,3,1,4,4,340040,ECU HEALTH MEDICAL CENTER,3,2876,18
340047,NORTH CAROLINA BAPTIST HOSPITAL,MEDICAL CENTER BOULEVARD,WINSTON-SALEM,NC,South,27157,FORSYTH,Acute Care Hospitals,Voluntary non-profit - Private,true,3,0,1,0,0,2,0,1,2,340047,NORTH CAROLINA BAPTIST HOSPITAL,3,1425,19
340053,NOVANT HEALTH PRESBYTERIAN MEDICAL CENTER,200 HAWTHORNE LANE BOX 33549,CHARLOTTE,NC,South,28233,MECKLENBURG,Acute Care Hospitals,Voluntary non-profit - Private,true,4,0,0,2,1,2,0,2,3,340053,NOVANT HEALTH PRESBYTERIAN MEDICAL CENTER,3,380,16
340061,UNC HOSPITALS,101 MANNING DRIVE,CHAPEL HILL,NC,South,27514,ORANGE,Acute Care Hospitals,Government - State,true,5,0,1,0,1,1,1,1,3,340061,UNC HOSPITALS,4,2471,19
340069,"WAKEMED, RALEIGH CAMPUS",3000 NEW BERN AVE,RALEIGH,NC,South,27610,WAKE,Acute Care Hospitals,Voluntary non-profit - Private,true,4,1,0,1,0,4,0,2,4,340069,"WAKEMED, RALEIGH CAMPUS",3,934,17
340113,CAROLINAS MEDICAL CENTER/BEHAV HEALTH,1000 BLYTHE BLVD,CHARLOTTE,NC,South,28203,MECKLENBURG,Acute Care Hospitals,Government - Hospital District or Authority,true,3,0,1,2,0,1,0,3,1,340113,CAROLINAS MEDICAL CENTER/BEHAV HEALTH,3,1324,16
340114,REX HOSPITAL,4420 LAKE BOONE TRAIL,RALEIGH,NC,South,27607,WAKE,Acute Care Hospitals,Government - State,true,5,0,0,0,3,1,1,0,5,340114,REX HOSPITAL,4,5167,24
340115,FIRSTHEALTH MOORE REGIONAL HOSPITAL,155 MEMORIAL DRIVE,PINEHURST,NC,South,28374,MOORE,Acute Care Hospitals,Voluntary non-profit - Private,true,4,0,0,0,0,3,1,0,4,340115,FIRSTHEALTH MOORE REGIONAL HOSPITAL,4,1663,20
340141,NOVANT HEALTH NEW HANOVER REGIONAL MEDICAL CENTER,2131 S 17TH ST,WILMINGTON,NC,South,28402,NEW HANOVER,Acute Care Hospitals,Government - Local,true,2,4,1,0,0,2,1,5,3,340141,NOVANT HEALTH NEW HANOVER REGIONAL MEDICAL CENTER,2,420,20
360006,RIVERSIDE METHODIST HOSPITAL,3535 OLENTANGY RIVER RD,COLUMBUS,OH,Midwest,43214,FRANKLIN,Acute Care Hospitals,Voluntary non-profit - Private,true,4,0,0,0,0,3,3,0,6,360006,RIVERSIDE METHODIST HOSPITAL,3,435,23
360017,GRANT MEDICAL CENTER,111 SOUTH GRANT AVENUE,COLUMBUS,OH,Midwest,43215,FRANKLIN,Acute Care Hospitals,Voluntary non-profit - Church,true,3,0,1,1,0,1,0,2,1,360017,GRANT MEDICAL CENTER,3,848,18
360051,MIAMI VALLEY HOSPITAL,ONE WYOMING STREET,DAYTON,OH,Midwest,45409,MONTGOMERY,Acute Care Hospitals,Voluntary non-profit - Private,true,3,0,0,2,1,4,0,2,5,360051,MIAMI VALLEY HOSPITAL,2,421,18
360059,METROHEALTH SYSTEM,2500 METROHEALTH DRIVE,CLEVELAND,OH,Midwest,44109,CUYAHOGA,Acute Care Hospitals,Voluntary non-profit - Other,true,3,0,1,1,1,2,0,2,3,360059,METROHEALTH SYSTEM,3,1291,18
360068,PROMEDICA TOLEDO HOSPITAL,2142 NORTH COVE BOULEVARD,TOLEDO,OH,Midwest,43606,LUCAS,Acute Care Hospitals,Voluntary non-profit - Private,true,4,0,1,0,1,2,1,1,4,360068,PROMEDICA TOLEDO HOSPITAL,3,949,25
360085,OHIO STATE UNIVERSITY STATE HEALTH SYSTEM,410 WEST 10TH AVENUE,COLUMBUS,OH,Midwest,43210,FRANKLIN,Acute Care Hospitals,Government - State,true,3,0,2,0,3,2,0,2,5,360085,OHIO STATE UNIVERSITY STATE HEALTH SYSTEM,3,2211,18
360112,MERCY ST VINCENT MEDICAL CENTER,2213 CHERRY STREET,TOLEDO,OH,Midwest,43608,LUCAS,Acute Care Hospitals,Voluntary non-profit - Church,true,3,0,2,2,0,3,0,4,3,360112,MERCY ST VINCENT MEDICAL CENTER,3,2499,20
360137,UH CLEVELAND MEDICAL CENTER,11100 EUCLID AVENUE,CLEVELAND,OH,Midwest,44106,CUYAHOGA,Acute Care Hospitals,Voluntary non-profit - Private,true,3,0,1,2,0,2,0,3,2,360137,UH CLEVELAND MEDICAL CENTER,3,4382,18
360159,ADENA REGIONAL MEDICAL CENTER,272 HOSPITAL ROAD,CHILLICOTHE,OH,Midwest,45601,ROSS,Acute Care Hospitals,Voluntary non-profit - Private,true,3,0,1,0,0,1,0,1,1,360159,ADENA REGIONAL MEDICAL CENTER,2,852,15
360163,CHRIST HOSPITAL,2139 AUBURN AVENUE,CINCINNATI,OH,Midwest,45219,HAMILTON,Acute Care Hospitals,Voluntary non-profit - Private,true,5,0,0,0,1,2,0,0,3,360163,CHRIST HOSPITAL,4,2126,28
360180,CLEVELAND CLINIC,9500 EUCLID AVENUE,CLEVELAND,OH,Midwest,44195,CUYAHOGA,Acute Care Hospitals,Voluntary non-profit - Private,true,5,0,1,1,4,2,2,2,8,360180,CLEVELAND CLINIC,3,6852,24
370001,HILLCREST MEDICAL CENTER,1120 SOUTH UTICA AVENUE,TULSA,OK,South,74104,TULSA,Acute Care Hospitals,Proprietary,true,3,0,0,0,0,3,1,0,4,370001,HILLCREST MEDICAL CENTER,2,893,16
370008,NORMAN REGIONAL,3300 HEALTHPLEX PKWY,NORMAN,OK,South,73072,CLEVELAND,Acute Care Hospitals,Government - Hospital District or Authority,true,3,2,0,0,0,2,1,2,3,370008,NORMAN REGIONAL,3,1148,16
370028,"INTEGRIS BAPTIST MEDICAL CENTER, INC",3300 NORTHWEST EXPRESSWAY,OKLAHOMA CITY,OK,South,73112,OKLAHOMA,Acute Care Hospitals,Voluntary non-profit - Private,true,3,0,1,1,0,3,2,2,5,370028,"INTEGRIS BAPTIST MEDICAL CENTER, INC",3,1727,17
370091,"SAINT FRANCIS HOSPITAL, INC",6161 SOUTH YALE,TULSA,OK,South,74136,TULSA,Acute Care Hospitals,Voluntary non-profit - Private,true,4,0,0,0,0,4,0,0,4,370091,"SAINT FRANCIS HOSPITAL, INC",4,3357,33
380047,ST CHARLES MEDICAL CENTER - BEND,2500 NE NEFF ROAD,BEND,OR,West,97701,DESCHUTES,Acute Care Hospitals,Voluntary non-profit - Private,true,4,2,0,0,0,1,2,2,3,380047,ST CHARLES MEDICAL CENTER - BEND,4,801,26
390006,GEISINGER MEDICAL CENTER,100 NORTH ACADEMY AVENUE,DANVILLE,PA,Northeast,17822,MONTOUR,Acute Care Hospitals,Voluntary non-profit - Private,true,4,0,1,1,1,2,1,2,4,390006,GEISINGER MEDICAL CENTER,3,2872,27
390009,SAINT VINCENT HOSPITAL,232 WEST 25TH STREET,ERIE,PA,Northeast,16544,ERIE,Acute Care Hospitals,Voluntary non-profit - Private,true,3,0,0,0,0,2,0,0,2,390009,SAINT VINCENT HOSPITAL,3,432,24
390027,TEMPLE UNIVERSITY HOSPITAL,3401 NORTH BROAD STREET,PHILADELPHIA,PA,Northeast,19140,PHILADELPHIA,Acute Care Hospitals,Voluntary non-profit - Private,true,3,0,0,1,0,2,0,1,2,390027,TEMPLE UNIVERSITY HOSPITAL,3,699,11
390044,READING HOSPITAL,420 S 5TH AVENUE,WEST READING,PA,Northeast,19611,BERKS,Acute Care Hospitals,Voluntary non-profit - Private,true,3,0,1,2,1,2,1,3,4,390044,READING HOSPITAL,3,394,19
390049,ST LUKES HOSPITAL BETHLEHEM,801 OSTRUM STREET,BETHLEHEM,PA,Northeast,18015,NORTHAMPTON,Acute Care Hospitals,Voluntary non-profit - Private,true,5,0,1,2,1,5,0,3,6,390049,ST LUKES HOSPITAL BETHLEHEM,4,548,23
390063,UPMC HAMOT,201 STATE STREET,ERIE,PA,Northeast,16550,ERIE,Acute Care Hospitals,Voluntary non-profit - Private,true,4,0,0,1,0,2,2,1,4,390063,UPMC HAMOT,3,760,27
390067,UPMC PINNACLE HOSPITALS,409 SOUTH SECOND STREET,HARRISBURG,PA,Northeast,17104,DAUPHIN,Acute Care Hospitals,Voluntary non-profit - Private,true,4,0,0,1,1,4,1,1,6,390067,UPMC PINNACLE HOSPITALS,4,850,28
390100,LANCASTER GENERAL HOSPITAL,555 NORTH DUKE STREET,LANCASTER,PA,Northeast,17602,LANCASTER,Acute Care Hospitals,Voluntary non-profit - Private,true,5,0,0,0,3,4,2,0,9,390100,LANCASTER GENERAL HOSPITAL,4,404,27
390133,LEHIGH VALLEY HOSPITAL,1200 SOUTH CEDAR CREST BOULEVARD,ALLENTOWN,PA,Northeast,18103,LEHIGH,Acute Care Hospitals,Voluntary non-profit - Private,true,4,0,0,2,1,1,0,2,2,390133,LEHIGH VALLEY HOSPITAL,3,1589,31
390174,THOMAS JEFFERSON UNIVERSITY HOSPITAL,111 SOUTH 11TH STREET,PHILADELPHIA,PA,Northeast,19107,PHILADELPHIA,Acute Care Hospitals,Voluntary non-profit - Private,true,3,0,0,3,3,1,1,3,5,390174,THOMAS JEFFERSON UNIVERSITY HOSPITAL,3,2184,17
390179,CHESTER COUNTY HOSPITAL,701 EAST MARSHALL STREET,WEST CHESTER,PA,Northeast,19380,CHESTER,Acute Care Hospitals,Voluntary non-profit - Private,true,4,0,0,0,2,2,2,0,6,390179,CHESTER COUNTY HOSPITAL,4,497,25
390195,MAIN LINE HOSPITAL LANKENAU,100 LANCASTER AVE,WYNNEWOOD,PA,Northeast,19096,MONTGOMERY,Acute Care Hospitals,Voluntary non-profit - Private,true,4,0,1,0,1,3,0,1,4,390195,MAIN LINE HOSPITAL LANKENAU,4,1638,20
390231,JEFFERSON ABINGTON HOSPITAL,1200 OLD YORK ROAD,ABINGTON,PA,Northeast,19001,MONTGOMERY,Acute Care Hospitals,Voluntary non-profit - Private,true,2,1,0,2,2,1,0,3,3,390231,JEFFERSON ABINGTON HOSPITAL,2,1035,21
390256,MILTON S HERSHEY MEDICAL CENTER,500 UNIVERSITY DRIVE,HERSHEY,PA,Northeast,17033,DAUPHIN,Acute Care Hospitals,Voluntary non-profit - Private,true,4,0,0,1,2,3,0,1,5,390256,MILTON S HERSHEY MEDICAL CENTER,3,4529,25
390329,JEFFERSON EINSTEIN MONTGOMERY HOSPITAL,559 WEST GERMANTOWN PIKE,EAST NORRITON,PA,Northeast,19403,MONTGOMERY,Acute Care Hospitals,Voluntary non-profit - Private,true,4,0,0,1,0,3,0,1,3,390329,JEFFERSON EINSTEIN MONTGOMERY HOSPITAL,3,592,19
420004,MUSC MEDICAL CENTER,169 ASHLEY AVE,CHARLESTON,SC,South,29425,CHARLESTON,Acute Care Hospitals,Government - Hospital District or Authority,true,3,0,1,0,0,2,1,1,3,420004,MUSC MEDICAL CENTER,3,1170,16
420023,ST FRANCIS-DOWNTOWN,ONE ST FRANCIS DR,GREENVILLE,SC,South,29601,GREENVILLE,Acute Care Hospitals,Voluntary non-profit - Private,true,3,0,0,1,0,3,0,1,3,420023,ST FRANCIS-DOWNTOWN,4,1449,19
420073,LEXINGTON MEDICAL CENTER,2720 SUNSET BLVD,WEST COLUMBIA,SC,South,29169,LEXINGTON,Acute Care Hospitals,Voluntary non-profit - Private,true,4,1,0,1,0,4,1,2,5,420073,LEXINGTON MEDICAL CENTER,4,4523,19
420079,TRIDENT MEDICAL CENTER,9330 MEDICAL PLAZA DR,CHARLESTON,SC,South,29406,CHARLESTON,Acute Care Hospitals,Proprietary,true,3,0,0,1,1,1,0,1,2,420079,TRIDENT MEDICAL CENTER,3,1082,15
420087,ROPER HOSPITAL,316 CALHOUN ST,CHARLESTON,SC,South,29401,CHARLESTON,Acute Care Hospitals,Voluntary non-profit - Private,true,4,0,0,1,0,2,1,1,3,420087,ROPER HOSPITAL,4,2337,24
430027,SANFORD USD MEDICAL CENTER,1305 W 18TH ST  POST OFFICE BOX 5039,SIOUX FALLS,SD,Midwest,57117,MINNEHAHA,Acute Care Hospitals,Voluntary non-profit - Private,true,4,0,0,0,0,4,1,0,5,430027,SANFORD USD MEDICAL CENTER,3,405,25
430077,MONUMENT HEALTH RAPID CITY HOSPITAL,353 FAIRMONT BLVD,RAPID CITY,SD,Midwest,57701,PENNINGTON,Acute Care Hospitals,Voluntary non-profit - Private,true,4,0,0,0,0,2,2,0,4,430077,MONUMENT HEALTH RAPID CITY HOSPITAL,3,1918,16
440015,"UNIVERSITY HEALTH SYSTEM, INC",1924 ALCOA HIGHWAY,KNOXVILLE,TN,South,37920,KNOX,Acute Care Hospitals,Voluntary non-profit - Private,true,4,0,1,0,0,3,1,1,4,440015,"UNIVERSITY HEALTH SYSTEM, INC",3,2129,19
440039,VANDERBILT UNIVERSITY MEDICAL CENTER,1211 MEDICAL CENTER DRIVE,NASHVILLE,TN,South,37232,DAVIDSON,Acute Care Hospitals,Voluntary non-profit - Private,true,4,0,2,1,1,2,1,3,4,440039,VANDERBILT UNIVERSITY MEDICAL CENTER,4,1411,19
440048,BAPTIST MEMORIAL HOSPITAL,6019 WALNUT GROVE ROAD,MEMPHIS,TN,South,38120,SHELBY,Acute Care Hospitals,Voluntary non-profit - Private,true,2,0,1,3,0,2,0,4,2,440048,BAPTIST MEMORIAL HOSPITAL,2,1683,14
440049,METHODIST HOSPITALS OF MEMPHIS,1265 UNION AVE SUITE 700,MEMPHIS,TN,South,38104,SHELBY,Acute Care Hospitals,Voluntary non-profit - Church,true,4,0,0,0,0,4,0,0,4,440049,METHODIST HOSPITALS OF MEMPHIS,3,2701,13
440082,ASCENSION SAINT THOMAS HOSPITAL,"4220 HARDING RD, PO BOX 380",NASHVILLE,TN,South,37205,DAVIDSON,Acute Care Hospitals,Voluntary non-profit - Private,true,3,0,0,1,3,4,2,1,9,440082,ASCENSION SAINT THOMAS HOSPITAL,3,237,18
440091,"MEMORIAL HEALTHCARE SYSTEM, INC",2525 DESALES AVE,CHATTANOOGA,TN,South,37404,HAMILTON,Acute Care Hospitals,Voluntary non-profit - Church,false,4,1,0,0,0,4,2,1,6,440091,"MEMORIAL HEALTHCARE SYSTEM, INC",4,681,23
440104,ERLANGER MEDICAL CENTER,975 E 3RD ST,CHATTANOOGA,TN,South,37403,HAMILTON,Acute Care Hospitals,Government - Hospital District or Authority,true,3,0,0,1,0,2,0,1,2,440104,ERLANGER MEDICAL CENTER,2,709,17
440125,FORT SANDERS REGIONAL MEDICAL CENTER,1901 W CLINCH AVE,KNOXVILLE,TN,South,37916,KNOX,Acute Care Hospitals,Voluntary non-profit - Private,true,3,0,0,3,0,2,1,3,3,440125,FORT SANDERS REGIONAL MEDICAL CENTER,3,1065,19
440161,TRISTAR CENTENNIAL MEDICAL CENTER,2300 PATTERSON STREET,NASHVILLE,TN,South,37203,DAVIDSON,Acute Care Hospitals,Proprietary,true,4,0,0,2,0,4,1,2,5,440161,TRISTAR CENTENNIAL MEDICAL CENTER,3,551,20
450021,BAYLOR UNIVERSITY MEDICAL CENTER,3500 GASTON AVE,DALLAS,TX,South,75246,DALLAS,Acute Care Hospitals,Voluntary non-profit - Church,true,3,0,1,3,1,3,1,4,5,450021,BAYLOR UNIVERSITY MEDICAL CENTER,3,2317,13
450044,UT OF TEXAS  SOUTHWESTERN UNIVERSITY HOSPITAL - WILLIAM P. CLEMENTS JR.,6201 HARRY HINES BLVD,DALLAS,TX,South,75390,DALLAS,Acute Care Hospitals,Government - State,true,4,0,0,2,3,3,0,2,6,450044,UT OF TEXAS  SOUTHWESTERN UNIVERSITY HOSPITAL - WILLIAM P. CLEMENTS JR.,4,3193,16
450054,BAYLOR SCOTT & WHITE MEDICAL CENTER - TEMPLE,2401 S  31ST ST,TEMPLE,TX,South,76508,BELL,Acute Care Hospitals,Voluntary non-profit - Private,true,4,0,1,0,1,5,1,1,7,450054,BAYLOR SCOTT & WHITE MEDICAL CENTER - TEMPLE,3,1869,15
450056,ASCENSION SETON MEDICAL CENTER AUSTIN,1201 W 38TH ST,AUSTIN,TX,South,78705,TRAVIS,Acute Care Hospitals,Voluntary non-profit - Private,true,4,0,0,1,1,4,0,1,5,450056,ASCENSION SETON MEDICAL CENTER AUSTIN,2,211,14
450102,CHRISTUS MOTHER FRANCES HOSPITAL,800 EAST DAWSON,TYLER,TX,South,75701,SMITH,Acute Care Hospitals,Voluntary non-profit - Private,true,4,2,0,1,0,3,3,3,6,450102,CHRISTUS MOTHER FRANCES HOSPITAL,3,465,17
450229,HENDRICK MEDICAL CENTER,1900 PINE,ABILENE,TX,South,79601,TAYLOR,Acute Care Hospitals,Voluntary non-profit - Private,true,2,0,0,0,0,1,1,0,2,450229,HENDRICK MEDICAL CENTER,3,401,18
450231,BSA HOSPITAL,1600 WALLACE BLVD,AMARILLO,TX,South,79106,POTTER,Acute Care Hospitals,Proprietary,true,2,2,1,1,0,4,0,4,4,450231,BSA HOSPITAL,3,1025,19
450237,CHRISTUS SANTA ROSA MEDICAL CENTER,2827 BABCOCK ROAD,SAN ANTONIO,TX,South,78229,BEXAR,Acute Care Hospitals,Voluntary non-profit - Private,true,3,0,1,0,0,1,0,1,1,450237,CHRISTUS SANTA ROSA MEDICAL CENTER,3,552,15
450358,HOUSTON METHODIST HOSPITAL,6565 FANNIN,HOUSTON,TX,South,77030,HARRIS,Acute Care Hospitals,Voluntary non-profit - Private,true,5,0,0,2,5,4,1,2,10,450358,HOUSTON METHODIST HOSPITAL,4,6099,18
450388,METHODIST HOSPITAL,7700 FLOYD CURL DR,SAN ANTONIO,TX,South,78229,BEXAR,Acute Care Hospitals,Proprietary,true,3,0,0,3,2,4,0,3,6,450388,METHODIST HOSPITAL,2,3226,15
450571,SHANNON MEDICAL CENTER,120 E HARRIS AVE.,SAN ANGELO,TX,South,76903,TOM GREEN,Acute Care Hospitals,Voluntary non-profit - Private,true,3,1,0,0,0,3,0,1,3,450571,SHANNON MEDICAL CENTER,3,360,16
450647,MEDICAL CITY DALLAS HOSPITAL,7777 FOREST LANE,DALLAS,TX,South,75230,DALLAS,Acute Care Hospitals,Proprietary,true,3,0,0,1,0,1,0,1,1,450647,MEDICAL CITY DALLAS HOSPITAL,2,1152,16
450801,CHRISTUS ST MICHAEL HEALTH SYSTEM,2600 ST MICHAEL DR,TEXARKANA,TX,South,75503,BOWIE,Acute Care Hospitals,Voluntary non-profit - Church,true,4,1,0,0,0,3,0,1,3,450801,CHRISTUS ST MICHAEL HEALTH SYSTEM,4,468,16
450820,HOUSTON METHODIST SUGARLAND HOSPITAL,16655 SOUTHWEST FREEWAY,SUGAR LAND,TX,South,77479,FORT BEND,Acute Care Hospitals,Voluntary non-profit - Private,true,4,0,0,3,3,3,1,3,7,450820,HOUSTON METHODIST SUGARLAND HOSPITAL,4,2718,16
450844,HOUSTON METHODIST WILLOWBROOK HOSPITAL,18220 STATE HIGHWAY 249,HOUSTON,TX,South,77070,HARRIS,Acute Care Hospitals,Voluntary non-profit - Private,true,5,0,0,0,3,3,0,0,6,450844,HOUSTON METHODIST WILLOWBROOK HOSPITAL,4,2429,13
450869,DOCTORS HOSPTAL AT RENAISSANCE,5501 SOUTH MCCOLL,EDINBURG,TX,South,78539,HIDALGO,Acute Care Hospitals,Physician,true,3,0,0,1,0,2,0,1,2,450869,DOCTORS HOSPTAL AT RENAISSANCE,3,3145,18
460009,UNIVERSITY OF UTAH HOSPITAL AND CLINICS,50 NORTH MEDICAL DRIVE,SALT LAKE CITY,UT,West,84132,SALT LAKE,Acute Care Hospitals,Government - State,true,5,0,1,0,1,1,1,1,3,460009,UNIVERSITY OF UTAH HOSPITAL AND CLINICS,4,843,24
460021,ST. GEORGE REGIONAL HOSPITAL,1380 EAST MEDICAL CENTER DRIVE,ST GEORGE,UT,West,84790,WASHINGTON,Acute Care Hospitals,Voluntary non-profit - Private,true,4,0,0,0,1,3,2,0,6,460021,ST. GEORGE REGIONAL HOSPITAL,4,989,26
470003,UNIV. OF VERMONT - FLETCHER ALLEN HEALTH CARE,111 COLCHESTER AVE,BURLINGTON,VT,Northeast,5401,CHITTENDEN,Acute Care Hospitals,Voluntary non-profit - Other,true,3,1,2,1,2,1,1,4,4,470003,UNIV. OF VERMONT - FLETCHER ALLEN HEALTH CARE,4,3157,24
490009,UNIVERSITY OF VIRGINIA MEDICAL CENTER,1215 LEE STREET,CHARLOTTESVILLE,VA,South,22908,CHARLOTTESVILLE CITY,Acute Care Hospitals,Government - State,true,4,0,0,2,0,1,4,2,5,490009,UNIVERSITY OF VIRGINIA MEDICAL CENTER,4,1223,22
490021,CENTRA HEALTH -  LYNCHBURG GEN HOSPITAL,1901 TATE SPRINGS ROAD,LYNCHBURG,VA,South,24501,LYNCHBURG CITY,Acute Care Hospitals,Voluntary non-profit - Private,true,3,0,1,2,0,2,1,3,3,490021,CENTRA HEALTH -  LYNCHBURG GEN HOSPITAL,3,1263,22
490024,CARILION MEDICAL CENTER,"1906 BELLEVIEW AVENUE, SE",ROANOKE,VA,South,24014,ROANOKE CITY,Acute Care Hospitals,Voluntary non-profit - Private,true,4,2,0,0,0,1,1,2,2,490024,CARILION MEDICAL CENTER,3,967,20
490032,MEDICAL COLLEGE OF VIRGINIA HOSPITALS,1250 EAST MARSHALL STREET,RICHMOND,VA,South,23298,RICHMOND CITY,Acute Care Hospitals,Government - Hospital District or Authority,true,4,0,0,0,1,3,0,0,4,490032,MEDICAL COLLEGE OF VIRGINIA HOSPITALS,4,1874,15
490059,BON SECOURS ST MARYS HOSPITAL,5801 BREMO RD,RICHMOND,VA,South,23226,RICHMOND CITY,Acute Care Hospitals,Voluntary non-profit - Private,true,3,0,1,0,1,2,2,1,5,490059,BON SECOURS ST MARYS HOSPITAL,3,1906,20
490063,INOVA FAIRFAX HOSPITAL,3300 GALLOWS ROAD,FALLS CHURCH,VA,South,22042,FAIRFAX,Acute Care Hospitals,Voluntary non-profit - Private,true,5,0,0,1,2,4,0,1,6,490063,INOVA FAIRFAX HOSPITAL,3,717,19
490112,CJW MEDICAL CENTER,7101 JAHNKE ROAD,RICHMOND,VA,South,23225,RICHMOND CITY,Acute Care Hospitals,Proprietary,true,4,0,0,1,2,3,0,1,5,490112,CJW MEDICAL CENTER,3,1223,20
490118,HENRICO DOCTORS' HOSPITAL,1602 SKIPWITH ROAD,RICHMOND,VA,South,23229,HENRICO,Acute Care Hospitals,Voluntary non-profit - Other,true,3,0,0,1,0,6,0,1,6,490118,HENRICO DOCTORS' HOSPITAL,2,1224,21
500005,VIRGINIA MASON MEDICAL CENTER,925 SENECA ST,SEATTLE,WA,West,98101,KING,Acute Care Hospitals,Voluntary non-profit - Private,true,5,0,0,0,1,4,1,0,6,500005,VIRGINIA MASON MEDICAL CENTER,4,558,25
500008,UNIVERSITY OF WASHINGTON MEDICAL CTR,1959 NE PACIFIC ST  BOX 356151,SEATTLE,WA,West,98195,KING,Acute Care Hospitals,Government - State,true,3,0,1,0,0,0,1,1,1,500008,UNIVERSITY OF WASHINGTON MEDICAL CTR,4,3505,21
500024,PROVIDENCE ST PETER HOSPITAL,413 LILLY ROAD NE,OLYMPIA,WA,West,98506,THURSTON,Acute Care Hospitals,Voluntary non-profit - Private,true,3,0,0,2,0,3,1,2,4,500024,PROVIDENCE ST PETER HOSPITAL,3,396,22
500054,PROV SACRED HRT MED CTR & CHILDS HOSP.,101 WEST 8TH AVENUE,SPOKANE,WA,West,99220,SPOKANE,Acute Care Hospitals,Voluntary non-profit - Church,true,2,2,2,1,0,4,2,5,6,500054,PROV SACRED HRT MED CTR & CHILDS HOSP.,3,348,22
500058,KADLEC REGIONAL MEDICAL CENTER,888 SWIFT BLVD,RICHLAND,WA,West,99352,BENTON,Acute Care Hospitals,Voluntary non-profit - Private,true,4,1,0,2,0,1,2,3,3,500058,KADLEC REGIONAL MEDICAL CENTER,3,459,18
500129,TACOMA GENERAL ALLENMORE HOSPITAL,315 S MLK JR WAY,TACOMA,WA,West,98405,PIERCE,Acute Care Hospitals,Voluntary non-profit - Private,true,2,0,0,2,0,1,0,2,1,500129,TACOMA GENERAL ALLENMORE HOSPITAL,2,2041,17
510001,"WEST VIRGINIA UNIVERSITY HOSPITALS, INC",MEDICAL CENTER DRIVE,MORGANTOWN,WV,South,26506,MONONGALIA,Acute Care Hospitals,Voluntary non-profit - Private,true,2,0,1,1,1,1,0,2,2,510001,"WEST VIRGINIA UNIVERSITY HOSPITALS, INC",3,943,23
510022,CHARLESTON AREA MEDICAL CENTER,501 MORRIS STREET,CHARLESTON,WV,South,25301,KANAWHA,Acute Care Hospitals,Voluntary non-profit - Private,true,1,2,2,2,0,2,0,6,2,510022,CHARLESTON AREA MEDICAL CENTER,3,2677,20
510058,CAMDEN CLARK MEDICAL CENTER,800 GARFIELD AVE,PARKERSBURG,WV,South,26101,WOOD,Acute Care Hospitals,Voluntary non-profit - Private,true,3,0,0,2,0,2,0,2,2,510058,CAMDEN CLARK MEDICAL CENTER,3,1072,21
520083,SSM HEALTH ST MARY'S HOSPITAL - MADISON,700 SOUTH PARK ST,MADISON,WI,Midwest,53715,DANE,Acute Care Hospitals,Voluntary non-profit - Private,true,4,0,0,1,0,3,0,1,3,520083,SSM HEALTH ST MARY'S HOSPITAL - MADISON,3,1008,34
520087,GUNDERSEN LUTHERAN MEDICAL CENTER,1910 SOUTH AVE,LA CROSSE,WI,Midwest,54601,LA CROSSE,Acute Care Hospitals,Voluntary non-profit - Private,true,4,0,0,0,0,3,0,0,3,520087,GUNDERSEN LUTHERAN MEDICAL CENTER,4,434,31
520098,UNIVERSITY OF WI  HOSPITALS & CLINICS AUTHORITY,600 HIGHLAND AVENUE,MADISON,WI,Midwest,53792,DANE,Acute Care Hospitals,Government - Hospital District or Authority,true,4,0,0,0,2,3,1,0,6,520098,UNIVERSITY OF WI  HOSPITALS & CLINICS AUTHORITY,4,2958,31
520138,AURORA ST LUKES MEDICAL CENTER,2900 W OKLAHOMA AVE,MILWAUKEE,WI,Midwest,53215,MILWAUKEE,Acute Care Hospitals,Voluntary non-profit - Private,true,4,0,3,1,3,2,0,4,5,520138,AURORA ST LUKES MEDICAL CENTER,3,2036,23
520193,AURORA BAYCARE MEDICAL CTR,2845 GREENBRIER RD,GREEN BAY,WI,Midwest,54313,BROWN,Acute Care Hospitals,Proprietary,true,4,0,0,0,0,0,1,0,1,520193,AURORA BAYCARE MEDICAL CTR,4,1283,30
670077,HOUSTON METHODIST WEST HOSPITAL,18500 KATY FREEWAY,HOUSTON,TX,South,77094,HARRIS,Acute Care Hospitals,Voluntary non-profit - Private,true,4,0,1,0,0,2,1,1,3,670077,HOUSTON METHODIST WEST HOSPITAL,4,1884,15
670088,BAYLOR SCOTT & WHITE MEDICAL CENTER- COLLEGE STATI,700 SCOTT & WHITE DRIVE,COLLEGE STATION,TX,South,77845,BRAZOS,Acute Care Hospitals,Voluntary non-profit - Private,true,4,0,0,2,0,1,0,2,1,670088,BAYLOR SCOTT & WHITE MEDICAL CENTER- COLLEGE STATI,4,1124,19
670122,HOUSTON METHODIST THE WOODLANDS HOSPITAL,17201 INTERSTATE 45 SOUTH,THE WOODLANDS,TX,South,77385,MONTGOMERY,Acute Care Hospitals,Voluntary non-profit - Private,true,5,0,0,0,2,4,0,0,6,670122,HOUSTON METHODIST THE WOODLANDS HOSPITAL,4,2729,18
50149,CALIFORNIA HOSPITAL MEDICAL CENTER LA,1401 SOUTH GRAND AVENUE,LOS ANGELES,CA,West,90015,LOS ANGELES,Acute Care Hospitals,Voluntary non-profit - Other,true,3,0,0,0,0,1,0,0,1,50149,CALIFORNIA HOSPITAL MEDICAL CENTER LA,2,537,7
100167,HCA FLORIDA MERCY HOSPITAL,401 NW 42ND AVE,PLANTATION,FL,South,33317,BROWARD,Acute Care Hospitals,Voluntary non-profit - Private,true,1,0,0,5,1,2,0,5,3,100167,HCA FLORIDA MERCY HOSPITAL,2,555,10
150169,COMMUNITY HOSPITAL NORTH,7150 CLEARVISTA DR,INDIANAPOLIS,IN,Midwest,46256,MARION,Acute Care Hospitals,Voluntary non-profit - Private,true,4,0,1,0,0,4,0,1,4,150169,COMMUNITY HOSPITAL NORTH,3,350,18
210004,HOLY CROSS HOSPITAL,1500 FOREST GLEN ROAD,SILVER SPRING,MD,South,20910,MONTGOMERY,Acute Care Hospitals,Voluntary non-profit - Church,false,2,0,1,1,0,2,0,2,2,210004,HOLY CROSS HOSPITAL,2,3129,34
260177,LIBERTY HOSPITAL,2525 GLENN HENDREN DR,LIBERTY,MO,Midwest,64068,CLAY,Acute Care Hospitals,Voluntary non-profit - Private,true,4,0,0,0,0,2,0,0,2,260177,LIBERTY HOSPITAL,3,771,21
420086,PRISMA HEALTH BAPTIST,1330 TAYLOR AT MARION ST,COLUMBIA,SC,South,29220,RICHLAND,Acute Care Hospitals,Voluntary non-profit - Private,true,5,0,0,0,0,3,0,0,3,420086,PRISMA HEALTH BAPTIST,3,747,10
30121,HONORHEALTH MOUNTAIN VISTA MEDICAL CENTER,1301 SOUTH CRISMON ROAD,MESA,AZ,West,85209,MARICOPA,Acute Care Hospitals,Proprietary,true,2,0,0,1,0,1,1,1,2,30121,HONORHEALTH MOUNTAIN VISTA MEDICAL CENTER,2,560,17
50056,ANTELOPE VALLEY HOSPITAL,1600 W AVE J,LANCASTER,CA,West,93534,LOS ANGELES,Acute Care Hospitals,Government - Hospital District or Authority,true,1,1,0,2,0,1,0,3,1,50056,ANTELOPE VALLEY HOSPITAL,1,359,11
50315,KERN MEDICAL CENTER,1700 MOUNT VERNON AVENUE,BAKERSFIELD,CA,West,93306,KERN,Acute Care Hospitals,Government - Hospital District or Authority,true,2,0,0,0,0,1,0,0,1,50315,KERN MEDICAL CENTER,2,309,7
50353,PROVIDENCE LITTLE COMPANY OF MARY MED CTR TORRANCE,4101 TORRANCE BLVD,TORRANCE,CA,West,90503,LOS ANGELES,Acute Care Hospitals,Voluntary non-profit - Church,false,4,0,0,1,1,2,0,1,3,50353,PROVIDENCE LITTLE COMPANY OF MARY MED CTR TORRANCE,3,329,16
50570,UCI HEALTH - FOUNTAIN VALLEY,17100 EUCLID STREET,FOUNTAIN VALLEY,CA,West,92708,ORANGE,Acute Care Hospitals,Proprietary,true,2,0,0,1,0,1,0,1,1,50570,UCI HEALTH - FOUNTAIN VALLEY,2,350,13
100117,BAPTIST MEDICAL CENTER  BEACHES,1350 13TH AVE S,JACKSONVILLE BEACH,FL,South,32250,DUVAL,Acute Care Hospitals,Voluntary non-profit - Private,true,3,0,0,0,0,1,1,0,2,100117,BAPTIST MEDICAL CENTER  BEACHES,4,575,22
100191,HCA FLORIDA TRINITY HOSPITAL,9330 SR 54,TRINITY,FL,South,34655,PASCO,Acute Care Hospitals,Proprietary,true,2,0,0,1,0,1,0,1,1,100191,HCA FLORIDA TRINITY HOSPITAL,2,542,19
100275,WELLINGTON REGIONAL MEDICAL CENTER,10101 FOREST HILL BLVD,WELLINGTON,FL,South,33414,PALM BEACH,Acute Care Hospitals,Proprietary,true,1,0,0,2,0,2,0,2,2,100275,WELLINGTON REGIONAL MEDICAL CENTER,1,638,13
100287,GOOD SAMARITAN MEDICAL CENTER,1309 N FLAGLER DR,WEST PALM BEACH,FL,South,33401,PALM BEACH,Acute Care Hospitals,Proprietary,true,1,1,0,1,0,1,0,2,1,100287,GOOD SAMARITAN MEDICAL CENTER,2,869,16
110054,ATRIUM HEALTH FLOYD MEDICAL CENTER,304 TURNER MCCALL BOULEVARD,ROME,GA,South,30162,FLOYD,Acute Care Hospitals,Government - Hospital District or Authority,false,1,0,0,1,0,1,0,1,1,110054,ATRIUM HEALTH FLOYD MEDICAL CENTER,3,734,12
110177,DOCTORS HOSPITAL,3651 WHEELER ROAD,AUGUSTA,GA,South,30909,RICHMOND,Acute Care Hospitals,Proprietary,true,2,0,0,1,0,4,0,1,4,110177,DOCTORS HOSPITAL,2,542,13
110191,PIEDMONT HENRY HOSPITAL,1133 EAGLE'S LANDING PARKWAY,STOCKBRIDGE,GA,South,30281,HENRY,Acute Care Hospitals,Government - Hospital District or Authority,false,2,0,0,1,0,2,0,1,2,110191,PIEDMONT HENRY HOSPITAL,2,672,10
150128,"COMMUNITY HOSPITAL SOUTH, INC.",1402 E COUNTY LINE RD S,INDIANAPOLIS,IN,Midwest,46227,MARION,Acute Care Hospitals,Voluntary non-profit - Private,true,3,1,0,1,0,1,0,2,1,150128,"COMMUNITY HOSPITAL SOUTH, INC.",3,304,18
230195,Henry Ford Health Warren Hospital,11800 EAST TWELVE MILE ROAD,WARREN,MI,Midwest,48093,MACOMB,Acute Care Hospitals,Voluntary non-profit - Private,true,2,0,0,3,0,1,0,3,1,230195,Henry Ford Health Warren Hospital,1,526,16
290003,SUNRISE HOSPITAL AND MEDICAL CENTER,3186 S MARYLAND PKWY,LAS VEGAS,NV,West,89109,CLARK,Acute Care Hospitals,Proprietary,true,2,0,0,0,2,2,0,0,4,290003,SUNRISE HOSPITAL AND MEDICAL CENTER,1,592,11
290054,CENTENNIAL HILLS HOSPITAL MEDICAL CENTER,6900 N DURANGO DR,LAS VEGAS,NV,West,89149,CLARK,Acute Care Hospitals,Proprietary,true,1,0,0,3,0,2,0,3,2,290054,CENTENNIAL HILLS HOSPITAL MEDICAL CENTER,2,470,12
310009,CLARA MAASS MEDICAL CENTER,ONE CLARA MAASS DRIVE,BELLEVILLE,NJ,Northeast,7109,ESSEX,Acute Care Hospitals,Voluntary non-profit - Private,true,2,0,0,2,0,1,0,2,1,310009,CLARA MAASS MEDICAL CENTER,2,1005,13
310022,WEST JERSEY HOSPITAL,100 BOWMAN DRIVE,VOORHEES,NJ,Northeast,8043,CAMDEN,Acute Care Hospitals,Voluntary non-profit - Private,true,3,0,0,2,0,4,0,2,4,310022,WEST JERSEY HOSPITAL,3,446,18
310070,SAINT PETER'S UNIVERSITY HOSPITAL,254 EASTON AVE,NEW BRUNSWICK,NJ,Northeast,8901,MIDDLESEX,Acute Care Hospitals,Voluntary non-profit - Private,true,4,0,0,0,0,1,0,0,1,310070,SAINT PETER'S UNIVERSITY HOSPITAL,3,330,14
330203,CROUSE HOSPITAL,736 IRVING AVENUE,SYRACUSE,NY,Northeast,13210,ONONDAGA,Acute Care Hospitals,Voluntary non-profit - Private,true,2,1,0,2,1,2,0,3,3,330203,CROUSE HOSPITAL,2,615,23
340171,NOVANT HEALTH MATTHEWS MEDICAL CENTER,1500 MATTHEWS TWNSHP PRKWY BOX 3310,MATTHEWS,NC,South,28106,MECKLENBURG,Acute Care Hospitals,Voluntary non-profit - Other,true,4,0,0,2,0,1,0,2,1,340171,NOVANT HEALTH MATTHEWS MEDICAL CENTER,3,372,17
340173,"WAKEMED, CARY HOSPITAL",1900 KILDARE FARM ROAD,CARY,NC,South,27518,WAKE,Acute Care Hospitals,Voluntary non-profit - Private,true,5,0,0,0,0,1,1,0,2,340173,"WAKEMED, CARY HOSPITAL",3,426,21
370202,HILLCREST HOSPITAL SOUTH,8801 SOUTH 101ST EAST AVENUE,TULSA,OK,South,74133,TULSA,Acute Care Hospitals,Proprietary,true,4,0,0,0,0,3,1,0,4,370202,HILLCREST HOSPITAL SOUTH,2,567,18
390101,UPMC MEMORIAL,1701 INNOVATION DRIVE,YORK,PA,Northeast,17408,YORK,Acute Care Hospitals,Voluntary non-profit - Private,true,3,0,0,0,0,0,0,0,0,390101,UPMC MEMORIAL,3,447,25
390114,MAGEE WOMENS HOSPITAL OF UPMC HEALTH SYSTEM,300 HALKET STREET,PITTSBURGH,PA,Northeast,15213,ALLEGHENY,Acute Care Hospitals,Voluntary non-profit - Other,true,3,0,0,0,0,0,1,0,1,390114,MAGEE WOMENS HOSPITAL OF UPMC HEALTH SYSTEM,3,573,15
440029,WILLIAMSON MEDICAL CENTER,4321 CAROTHERS PARKWAY,FRANKLIN,TN,South,37067,WILLIAMSON,Acute Care Hospitals,Government - Hospital District or Authority,true,4,0,0,0,0,1,3,0,4,440029,WILLIAMSON MEDICAL CENTER,4,623,24
450563,BAYLOR SCOTT & WHITE MEDICAL CENTER  GRAPEVINE,1650 W COLLEGE ST,GRAPEVINE,TX,South,76051,TARRANT,Acute Care Hospitals,Voluntary non-profit - Private,true,5,0,0,1,2,1,1,1,4,450563,BAYLOR SCOTT & WHITE MEDICAL CENTER  GRAPEVINE,4,1387,17
450675,MEDICAL CITY ARLINGTON,3301 MATLOCK ROAD,ARLINGTON,TX,South,76015,TARRANT,Acute Care Hospitals,Proprietary,true,2,0,0,2,1,1,0,2,2,450675,MEDICAL CITY ARLINGTON,2,696,10
450779,TEXAS HEALTH HARRIS METHODIST HOSPITAL SOUTHWEST F,6100 HARRIS PKWY,FORT WORTH,TX,South,76132,TARRANT,Acute Care Hospitals,Voluntary non-profit - Private,true,4,0,0,0,0,3,1,0,4,450779,TEXAS HEALTH HARRIS METHODIST HOSPITAL SOUTHWEST F,3,1505,17
450809,NORTH AUSTIN MEDICAL CENTER,12221 MOPAC EXPRESSWAY NORTH,AUSTIN,TX,South,78758,TRAVIS,Acute Care Hospitals,Proprietary,true,3,0,0,1,0,2,0,1,2,450809,NORTH AUSTIN MEDICAL CENTER,2,930,12
460006,LDS HOSPITAL,8TH AVENUE AND C STREET,SALT LAKE CITY,UT,West,84143,SALT LAKE,Acute Care Hospitals,Voluntary non-profit - Private,true,4,0,0,0,0,0,0,0,0,460006,LDS HOSPITAL,4,935,19
490044,SENTARA OBICI HOSPITAL,2800 GODWIN BOULEVARD,SUFFOLK,VA,South,23434,SUFFOLK CITY,Acute Care Hospitals,Voluntary non-profit - Other,true,4,0,0,1,0,1,0,1,1,490044,SENTARA OBICI HOSPITAL,4,740,21
490120,CHESAPEAKE GENERAL HOSPITAL,"736 BATTLEFIELD BLVD, NORTH",CHESAPEAKE,VA,South,23320,CHESAPEAKE CITY,Acute Care Hospitals,Government - Hospital District or Authority,true,3,0,0,2,2,2,0,2,4,490120,CHESAPEAKE GENERAL HOSPITAL,3,1426,19
10006,NORTH ALABAMA MEDICAL CENTER,1701 VETERANS DRIVE,FLORENCE,AL,South,35630,LAUDERDALE,Acute Care Hospitals,Proprietary,true,2,2,0,1,0,3,0,3,3,10006,NORTH ALABAMA MEDICAL CENTER,2,1784,18
10055,FLOWERS HOSPITAL,4370 WEST MAIN STREET,DOTHAN,AL,South,36302,HOUSTON,Acute Care Hospitals,Proprietary,true,2,3,0,2,0,3,0,5,3,10055,FLOWERS HOSPITAL,3,986,20
10056,ST VINCENT'S BIRMINGHAM,810 ST VINCENT'S DRIVE,BIRMINGHAM,AL,South,35205,JEFFERSON,Acute Care Hospitals,Voluntary non-profit - Private,true,3,0,0,0,1,2,1,0,4,10056,ST VINCENT'S BIRMINGHAM,3,379,22
10144,SPRINGHILL MEDICAL CENTER,3719 DAUPHIN STREET,MOBILE,AL,South,36608,MOBILE,Acute Care Hospitals,Proprietary,true,2,0,0,3,0,3,0,3,3,10144,SPRINGHILL MEDICAL CENTER,3,1578,21
40114,BAPTIST HEALTH MEDICAL CENTER-LITTLE ROCK,9601 BAPTIST HEALTH DRIVE,LITTLE ROCK,AR,South,72205,PULASKI,Acute Care Hospitals,Voluntary non-profit - Private,true,3,2,0,2,0,3,1,4,4,40114,BAPTIST HEALTH MEDICAL CENTER-LITTLE ROCK,3,1897,18
50017,MERCY GENERAL HOSPITAL,4001 J ST,SACRAMENTO,CA,West,95819,SACRAMENTO,Acute Care Hospitals,Voluntary non-profit - Private,true,4,0,0,2,0,4,0,2,4,50017,MERCY GENERAL HOSPITAL,3,518,21
50022,RIVERSIDE COMMUNITY HOSPITAL,4445 MAGNOLIA AVENUE,RIVERSIDE,CA,West,92501,RIVERSIDE,Acute Care Hospitals,Proprietary,true,3,0,0,1,2,1,0,1,3,50022,RIVERSIDE COMMUNITY HOSPITAL,2,523,14
50093,SAINT AGNES MEDICAL CENTER,1303 E HERNDON AVE,FRESNO,CA,West,93720,FRESNO,Acute Care Hospitals,Voluntary non-profit - Church,true,2,0,0,2,0,1,0,2,1,50093,SAINT AGNES MEDICAL CENTER,2,769,28
50324,SCRIPPS MEMORIAL HOSPITAL LA JOLLA,9888 GENESEE AVENUE,LA JOLLA,CA,West,92037,SAN DIEGO,Acute Care Hospitals,Physician,true,5,0,1,0,3,2,1,1,6,50324,SCRIPPS MEMORIAL HOSPITAL LA JOLLA,4,3394,25
50380,GOOD SAMARITAN HOSPITAL,2425 SAMARITAN DRIVE,SAN JOSE,CA,West,95124,SANTA CLARA,Acute Care Hospitals,Proprietary,true,2,0,0,3,0,1,0,3,1,50380,GOOD SAMARITAN HOSPITAL,2,581,21
50438,HUNTINGTON HOSPITAL,100 W  CALIFORNIA BLVD,PASADENA,CA,West,91109,LOS ANGELES,Acute Care Hospitals,Voluntary non-profit - Other,true,2,0,1,2,1,0,0,3,1,50438,HUNTINGTON HOSPITAL,3,939,19
50549,LOS ROBLES HOSPITAL & MEDICAL CENTER,215 W JANSS RD,THOUSAND OAKS,CA,West,91360,VENTURA,Acute Care Hospitals,Proprietary,true,4,0,0,3,2,2,0,3,4,50549,LOS ROBLES HOSPITAL & MEDICAL CENTER,2,617,24
90005,SIBLEY MEMORIAL HOSPITAL,5255 LOUGHBORO RD NW,WASHINGTON,DC,South,20016,THE DISTRICT,Acute Care Hospitals,Voluntary non-profit - Other,true,3,0,1,0,1,1,0,1,2,90005,SIBLEY MEMORIAL HOSPITAL,3,1805,19
100002,BETHESDA HOSPITAL EAST,2815 S SEACREST BLVD,BOYNTON BEACH,FL,South,33435,PALM BEACH,Acute Care Hospitals,Voluntary non-profit - Private,true,2,0,0,0,0,1,0,0,1,100002,BETHESDA HOSPITAL EAST,2,1012,20
100019,HOLMES REGIONAL MEDICAL CENTER,1350 S HICKORY ST,MELBOURNE,FL,South,32901,BREVARD,Acute Care Hospitals,Voluntary non-profit - Private,true,3,0,0,1,0,2,2,1,4,100019,HOLMES REGIONAL MEDICAL CENTER,2,656,23
100035,MANATEE MEMORIAL HOSPITAL,206 2ND ST E,BRADENTON,FL,South,34208,MANATEE,Acute Care Hospitals,Proprietary,true,2,1,0,1,0,2,0,2,2,100035,MANATEE MEMORIAL HOSPITAL,2,555,18
100040,ASCENSION ST VINCENT'S RIVERSIDE,1 SHIRCLIFF WAY,JACKSONVILLE,FL,South,32204,DUVAL,Acute Care Hospitals,Voluntary non-profit - Private,true,2,0,0,1,0,1,1,1,2,100040,ASCENSION ST VINCENT'S RIVERSIDE,2,171,17
100173,ADVENTHEALTH TAMPA,3100 E FLETCHER AVE,TAMPA,FL,South,33613,HILLSBOROUGH,Acute Care Hospitals,Voluntary non-profit - Private,true,3,0,1,0,1,1,1,1,3,100173,ADVENTHEALTH TAMPA,3,2697,13
100204,HCA FLORIDA NORTH FLORIDA HOSPITAL,6500 W NEWBERRY RD,GAINESVILLE,FL,South,32605,ALACHUA,Acute Care Hospitals,Proprietary,true,2,0,0,1,2,3,1,1,6,100204,HCA FLORIDA NORTH FLORIDA HOSPITAL,2,565,17
100231,HCA FLORIDA WEST HOSPITAL,8383 N DAVIS HWY,PENSACOLA,FL,South,32514,ESCAMBIA,Acute Care Hospitals,Proprietary,true,3,1,0,1,0,3,0,2,3,100231,HCA FLORIDA WEST HOSPITAL,3,570,18
100243,HCA FLORIDA BRANDON HOSPITAL,119 OAKFIELD DR,BRANDON,FL,South,33511,HILLSBOROUGH,Acute Care Hospitals,Proprietary,true,2,0,0,3,0,1,0,3,1,100243,HCA FLORIDA BRANDON HOSPITAL,2,629,14
100254,HCA FLORIDA CAPITAL HOSPITAL,2626 CAPITAL MEDICAL BLVD,TALLAHASSEE,FL,South,32308,LEON,Acute Care Hospitals,Proprietary,true,2,0,0,1,0,3,0,1,3,100254,HCA FLORIDA CAPITAL HOSPITAL,2,560,14
110028,PIEDMONT AUGUSTA HOSPITAL,1350 WALTON WAY,AUGUSTA,GA,South,30901,RICHMOND,Acute Care Hospitals,Government - Hospital District or Authority,true,2,1,0,1,0,3,1,2,4,110028,PIEDMONT AUGUSTA HOSPITAL,2,1464,16
110036,SAVANNAH HEALTH SERVICES LLC DBA MEMORIAL HEALTH UNIVERSITY MEDICAL CENTER,4700 WATERS AVENUE,SAVANNAH,GA,South,31404,CHATHAM,Acute Care Hospitals,Voluntary non-profit - Other,true,1,0,0,2,0,4,0,2,4,110036,SAVANNAH HEALTH SERVICES LLC DBA MEMORIAL HEALTH UNIVERSITY MEDICAL CENTER,2,529,14
140150,UNIVERSITY OF ILLINOIS HOSPITAL AND CLINICS,1740 WEST TAYLOR ST SUITE 1400,CHICAGO,IL,Midwest,60612,COOK,Acute Care Hospitals,Government - State,true,2,0,1,1,0,1,0,2,1,140150,UNIVERSITY OF ILLINOIS HOSPITAL AND CLINICS,3,725,8
140213,SILVER CROSS HOSPITAL  AND MEDICAL CENTERS,1900 SILVER CROSS BLVD,NEW LENOX,IL,Midwest,60451,WILL,Acute Care Hospitals,Voluntary non-profit - Private,true,4,0,0,2,0,1,0,2,1,140213,SILVER CROSS HOSPITAL  AND MEDICAL CENTERS,3,325,24
140288,ADVOCATE GOOD SAMARITAN HOSPITAL,3815 HIGHLAND AVENUE,DOWNERS GROVE,IL,Midwest,60515,DU PAGE,Acute Care Hospitals,Voluntary non-profit - Private,true,4,0,1,1,1,1,0,2,2,140288,ADVOCATE GOOD SAMARITAN HOSPITAL,3,1130,24
140291,ADVOCATE GOOD SHEPHERD HOSPITAL,450 WEST HIGHWAY 22,BARRINGTON,IL,Midwest,60010,LAKE,Acute Care Hospitals,Voluntary non-profit - Private,true,4,0,0,1,2,2,0,1,4,140291,ADVOCATE GOOD SHEPHERD HOSPITAL,4,1419,27
150034,ST MARY MEDICAL CENTER INC,1500 S LAKE PARK AVE,HOBART,IN,Midwest,46342,LAKE,Acute Care Hospitals,Voluntary non-profit - Private,true,3,0,0,0,0,2,0,0,2,150034,ST MARY MEDICAL CENTER INC,3,510,21
150161,INDIANA UNIVERSITY HEALTH NORTH HOSPITAL,11700 N MERIDIAN ST,CARMEL,IN,Midwest,46032,HAMILTON,Acute Care Hospitals,Voluntary non-profit - Private,true,4,0,0,0,0,3,1,0,4,150161,INDIANA UNIVERSITY HEALTH NORTH HOSPITAL,3,420,21
180130,BAPTIST HEALTH LOUISVILLE,4000 KRESGE WAY,LOUISVILLE,KY,South,40207,JEFFERSON,Acute Care Hospitals,Voluntary non-profit - Private,true,3,3,1,0,0,2,2,4,4,180130,BAPTIST HEALTH LOUISVILLE,3,1847,22
210008,MERCY MEDICAL CENTER INC,301 SAINT PAUL PLACE,BALTIMORE,MD,South,21202,BALTIMORE CITY,Acute Care Hospitals,Voluntary non-profit - Church,true,4,0,0,1,0,2,2,1,4,210008,MERCY MEDICAL CENTER INC,3,540,20
210044,GREATER BALTIMORE MEDICAL CENTER,6701 NORTH  CHARLES STREET,BALTIMORE,MD,South,21204,BALTIMORE,Acute Care Hospitals,Voluntary non-profit - Private,true,4,0,1,0,0,2,2,1,4,210044,GREATER BALTIMORE MEDICAL CENTER,3,692,19
230019,"ASCENSION PROVIDENCE HOSPITAL, SOUTHFIELD AND NOVI",16001 W NINE MILE RD,SOUTHFIELD,MI,Midwest,48075,OAKLAND,Acute Care Hospitals,Voluntary non-profit - Church,true,4,0,0,1,1,4,0,1,5,230019,"ASCENSION PROVIDENCE HOSPITAL, SOUTHFIELD AND NOVI",2,643,20
230197,ASCENSION GENESYS HOSPITAL,ONE GENESYS PARKWAY,GRAND BLANC,MI,Midwest,48439,GENESEE,Acute Care Hospitals,Voluntary non-profit - Church,true,2,0,0,1,0,2,0,1,2,230197,ASCENSION GENESYS HOSPITAL,2,350,25
230254,ASCENSION PROVIDENCE ROCHESTER HOSPITAL,1101 W UNIVERSITY DRIVE,ROCHESTER,MI,Midwest,48307,OAKLAND,Acute Care Hospitals,Voluntary non-profit - Private,true,2,0,1,1,0,1,0,2,1,230254,ASCENSION PROVIDENCE ROCHESTER HOSPITAL,2,424,24
240078,M HEALTH FAIRVIEW SOUTHDALE HOSPITAL,6401 FRANCE AVENUE SOUTH,EDINA,MN,Midwest,55435,HENNEPIN,Acute Care Hospitals,Voluntary non-profit - Private,true,4,0,0,1,1,1,2,1,4,240078,M HEALTH FAIRVIEW SOUTHDALE HOSPITAL,3,518,25
260096,NORTH KANSAS CITY HOSPITAL,2800 CLAY EDWARDS DRIVE,NORTH KANSAS CITY,MO,Midwest,64116,CLAY,Acute Care Hospitals,Government - Local,true,4,0,0,0,0,1,2,0,3,260096,NORTH KANSAS CITY HOSPITAL,3,911,19
330164,HIGHLAND HOSPITAL,1000 SOUTH AVENUE,ROCHESTER,NY,Northeast,14617,MONROE,Acute Care Hospitals,Voluntary non-profit - Private,true,1,0,1,3,0,1,0,4,1,330164,HIGHLAND HOSPITAL,2,947,24
360035,MOUNT CARMEL EAST & WEST,6001 EAST BROAD STREET,COLUMBUS,OH,Midwest,43213,FRANKLIN,Acute Care Hospitals,Voluntary non-profit - Private,true,3,0,0,1,0,1,0,1,1,360035,MOUNT CARMEL EAST & WEST,3,1330,19
360056,MERCY HEALTH - FAIRFIELD HOSPITAL,3000 MACK ROAD,FAIRFIELD,OH,Midwest,45014,BUTLER,Acute Care Hospitals,Voluntary non-profit - Private,true,3,0,1,0,0,1,0,1,1,360056,MERCY HEALTH - FAIRFIELD HOSPITAL,3,1128,21
370013,"MERCY HOSPITAL OKLAHOMA CITY, INC",4300 WEST MEMORIAL ROAD,OKLAHOMA CITY,OK,South,73120,OKLAHOMA,Acute Care Hospitals,Voluntary non-profit - Church,true,4,0,0,0,1,2,2,0,5,370013,"MERCY HOSPITAL OKLAHOMA CITY, INC",3,1053,19
380004,PROVIDENCE ST VINCENT MEDICAL CENTER,9205 SW BARNES ROAD,PORTLAND,OR,West,97225,WASHINGTON,Acute Care Hospitals,Voluntary non-profit - Private,true,4,1,0,1,0,3,0,2,3,380004,PROVIDENCE ST VINCENT MEDICAL CENTER,4,373,21
380051,SALEM HOSPITAL,"890 OAK STREET, SE",SALEM,OR,West,97301,MARION,Acute Care Hospitals,Voluntary non-profit - Other,true,3,1,1,0,0,1,2,2,3,380051,SALEM HOSPITAL,3,1627,21
380102,SACRED HEART MEDICAL CENTER - RIVERBEND,3333 RIVERBEND DRIVE,SPRINGFIELD,OR,West,97477,LANE,Acute Care Hospitals,Voluntary non-profit - Private,true,4,0,0,0,0,3,2,0,5,380102,SACRED HEART MEDICAL CENTER - RIVERBEND,4,723,23
390042,"WASHINGTON HOSPITAL, THE",155 WILSON AVENUE,WASHINGTON,PA,Northeast,15301,WASHINGTON,Acute Care Hospitals,Voluntary non-profit - Private,true,3,0,1,0,0,1,0,1,1,390042,"WASHINGTON HOSPITAL, THE",3,763,29
390226,PENNSYLVANIA HOSPITAL,800 SPRUCE STREET,PHILADELPHIA,PA,Northeast,19107,PHILADELPHIA,Acute Care Hospitals,Voluntary non-profit - Private,true,4,0,1,0,2,1,1,1,4,390226,PENNSYLVANIA HOSPITAL,3,377,19
420082,AIKEN REGIONAL MEDICAL CENTER,302 UNIVERSITY PARKWAY,AIKEN,SC,South,29801,AIKEN,Acute Care Hospitals,Proprietary,true,1,1,0,0,0,2,1,1,3,420082,AIKEN REGIONAL MEDICAL CENTER,2,669,16
430016,AVERA MCKENNAN HOSPITAL & UNIVERSITY HEALTH CENTER,1325 S CLIFF AVE  POST OFFICE BOX 5045,SIOUX FALLS,SD,Midwest,57117,MINNEHAHA,Acute Care Hospitals,Voluntary non-profit - Private,true,3,0,1,0,0,1,0,1,1,430016,AVERA MCKENNAN HOSPITAL & UNIVERSITY HEALTH CENTER,3,722,29
440156,PARKRIDGE MEDICAL CENTER,2333 MCCALLIE AVE,CHATTANOOGA,TN,South,37404,HAMILTON,Acute Care Hospitals,Proprietary,true,3,0,0,0,0,1,0,0,1,440156,PARKRIDGE MEDICAL CENTER,3,1258,15
450034,CHRISTUS SOUTHEAST TEXAS- ST ELIZABETH,2830 CALDER AVENUE,BEAUMONT,TX,South,77702,JEFFERSON,Acute Care Hospitals,Voluntary non-profit - Private,true,3,0,0,0,0,1,1,0,2,450034,CHRISTUS SOUTHEAST TEXAS- ST ELIZABETH,3,416,13
450058,BAPTIST MEDICAL CENTER,111 DALLAS STREET,SAN ANTONIO,TX,South,78205,BEXAR,Acute Care Hospitals,Proprietary,true,3,1,0,0,0,4,1,1,5,450058,BAPTIST MEDICAL CENTER,2,3660,12
450107,LAS PALMAS MEDICAL CENTER A CAMPUS OF LPDS HEALTHC,1801 NORTH OREGON STREET,EL PASO,TX,South,79902,EL PASO,Acute Care Hospitals,Proprietary,true,1,0,0,3,0,3,0,3,3,450107,LAS PALMAS MEDICAL CENTER A CAMPUS OF LPDS HEALTHC,2,1205,12
450132,MEDICAL CENTER HOSPITAL,500 W 4TH STREET,ODESSA,TX,South,79761,ECTOR,Acute Care Hospitals,Government - Hospital District or Authority,true,2,0,0,0,0,1,0,0,1,450132,MEDICAL CENTER HOSPITAL,3,2295,24
450184,MEMORIAL HERMANN HOSPITAL SYSTEM,1635  NORTH LOOP WEST,HOUSTON,TX,South,77008,HARRIS,Acute Care Hospitals,Voluntary non-profit - Private,true,3,0,0,3,2,2,1,3,5,450184,MEMORIAL HERMANN HOSPITAL SYSTEM,3,1545,10
450462,TEXAS HEALTH PRESBYTERIAN HOSPITAL DALLAS,8200 WALNUT HILL LANE,DALLAS,TX,South,75231,DALLAS,Acute Care Hospitals,Voluntary non-profit - Private,true,4,0,0,1,0,3,3,1,6,450462,TEXAS HEALTH PRESBYTERIAN HOSPITAL DALLAS,3,1725,15
450617,HCA HOUSTON HEALTHCARE CLEAR LAKE,500 W MEDICAL CENTER BLVD,WEBSTER,TX,South,77598,HARRIS,Acute Care Hospitals,Proprietary,true,3,0,0,2,1,3,0,2,4,450617,HCA HOUSTON HEALTHCARE CLEAR LAKE,2,992,11
450651,MEDICAL CITY PLANO,3901 W 15TH ST,PLANO,TX,South,75075,COLLIN,Acute Care Hospitals,Proprietary,true,2,0,0,2,1,2,0,2,3,450651,MEDICAL CITY PLANO,2,1232,16
450771,TEXAS HEALTH PRESBYTERIAN HOSPITAL PLANO,6200 W PARKER RD,PLANO,TX,South,75093,COLLIN,Acute Care Hospitals,Voluntary non-profit - Private,true,3,0,0,1,0,4,0,1,4,450771,TEXAS HEALTH PRESBYTERIAN HOSPITAL PLANO,3,1284,15
460047,ST MARK'S HOSPITAL,1200 EAST 3900 SOUTH,SALT LAKE CITY,UT,West,84124,SALT LAKE,Acute Care Hospitals,Proprietary,true,4,0,0,0,0,2,2,0,4,460047,ST MARK'S HOSPITAL,3,591,22
490050,VIRGINIA HOSPITAL CENTER,1701 NORTH GEORGE MASON DRIVE,ARLINGTON,VA,South,22205,ARLINGTON,Acute Care Hospitals,Voluntary non-profit - Private,true,5,0,0,1,0,1,1,1,2,490050,VIRGINIA HOSPITAL CENTER,4,2111,21
500014,PROVIDENCE REGIONAL MEDICAL CENTER EVERETT,1321 COLBY AVENUE,EVERETT,WA,West,98201,SNOHOMISH,Acute Care Hospitals,Voluntary non-profit - Church,true,2,0,0,0,0,1,1,0,2,500014,PROVIDENCE REGIONAL MEDICAL CENTER EVERETT,2,465,16
500027,SWEDISH MEDICAL CENTER,747 BROADWAY,SEATTLE,WA,West,98122,KING,Acute Care Hospitals,Voluntary non-profit - Private,true,4,0,0,0,0,1,0,0,1,500027,SWEDISH MEDICAL CENTER,3,474,17
510055,"CABELL HUNTINGTON HOSPITAL, INC",1340 HAL GREER BOULEVARD,HUNTINGTON,WV,South,25701,CABELL,Acute Care Hospitals,Voluntary non-profit - Private,true,2,0,0,1,0,1,0,1,1,510055,"CABELL HUNTINGTON HOSPITAL, INC",3,298,12
670055,METHODIST HOSPITAL  STONE OAK,"1139 E SONTERRA BLVD,",SAN ANTONIO,TX,South,78258,BEXAR,Acute Care Hospitals,Proprietary,true,3,0,0,1,0,2,0,1,2,670055,METHODIST HOSPITAL  STONE OAK,3,588,20
480002,GOV JUAN F LUIS HOSPITAL & MEDICAL CTR,"#4007 EST DIAMOND RUBY, CHRISTIANSTED",ST CROIX,VI,US Territories,820,SAINT CROIX ISLAND,Acute Care Hospitals,Government - State,true,1,0,,0,0,,0,,,480002,GOV JUAN F LUIS HOSPITAL & MEDICAL CTR,3,261,29
03033F,VA NORTHERN ARIZONA HEALTHCARE SYSTEM,500 HIGHWAY 89 NORTH,PRESCOTT,AZ,West,86313,YAVAPAI,Acute Care - Veterans Administration,Veterans Health Administration,true,5,0,,0,0,,1,,,03033F,VA NORTHERN ARIZONA HEALTHCARE SYSTEM,4,277,38
41330,PIGGOTT COMMUNITY HOSPITAL,1206 GORDON DUCKWORTH DRIVE,PIGGOTT,AR,South,72454,CLAY,Critical Access Hospitals,Government - Local,true,3,0,,0,0,,0,,,41330,PIGGOTT COMMUNITY HOSPITAL,4,134,21
141343,CRAWFORD MEMORIAL HOSPITAL,1000 NORTH ALLEN STREET,ROBINSON,IL,Midwest,62454,CRAWFORD,Critical Access Hospitals,Government - Hospital District or Authority,true,5,0,,0,0,,0,,,141343,CRAWFORD MEMORIAL HOSPITAL,4,139,28
15004F,VA N. INDIANA HEALTHCARE SYSTEM,1700 E. 38TH STREET,MARION,IN,Midwest,46953,GRANT,Acute Care - Veterans Administration,Veterans Health Administration,true,5,0,,0,0,,3,,,15004F,VA N. INDIANA HEALTHCARE SYSTEM,5,200,44
161353,KOSSUTH REGIONAL HEALTH CENTER,1515 SOUTH PHILLIPS STREET,ALGONA,IA,Midwest,50511,KOSSUTH,Critical Access Hospitals,Government - Local,true,2,0,,0,0,,0,,,161353,KOSSUTH REGIONAL HEALTH CENTER,5,123,38
161379,MAHASKA  HEALTH PARTNERSHIP,1229 C AVENUE EAST,OSKALOOSA,IA,Midwest,52577,MAHASKA,Critical Access Hospitals,Government - Local,true,2,0,,0,0,,0,,,161379,MAHASKA  HEALTH PARTNERSHIP,4,210,24
351330,WEST RIVER REGIONAL MEDICAL CENTER,1000 HIGHWAY 12,HETTINGER,ND,Midwest,58639,ADAMS,Critical Access Hospitals,Voluntary non-profit - Private,true,4,0,,0,0,,0,,,351330,WEST RIVER REGIONAL MEDICAL CENTER,4,101,41
370237,"SAINT FRANCIS HOSPITAL VINITA, INC",735 NORTH FOREMAN STREET,VINITA,OK,South,74301,CRAIG,Acute Care Hospitals,Voluntary non-profit - Private,true,4,0,,0,0,,0,,,370237,"SAINT FRANCIS HOSPITAL VINITA, INC",4,169,30
39001F,JAMES E. VAN ZANDT VA MEDICAL CENTER (ALTOONA),2907 PLEASANT VALLEY BOULEVARD,ALTOONA,PA,Northeast,16602,BLAIR,Acute Care - Veterans Administration,Veterans Health Administration,false,4,0,,1,0,,0,,,39001F,JAMES E. VAN ZANDT VA MEDICAL CENTER (ALTOONA),5,190,46
50011F,SPOKANE VA MEDICAL CENTER,4815 N. ASSEMBLY STREET,SPOKANE,WA,West,99205,SPOKANE,Acute Care - Veterans Administration,Veterans Health Administration,true,5,0,,0,0,,2,,,50011F,SPOKANE VA MEDICAL CENTER,5,186,39
10148,EVERGREEN MEDICAL CENTER,101 CRESTVIEW AVENUE,EVERGREEN,AL,South,36401,CONECUH,Acute Care Hospitals,Proprietary,true,2,0,,0,0,,0,,,10148,EVERGREEN MEDICAL CENTER,4,132,21
40011,CHAMBERS MEMORIAL HOSPITAL,719 DETROIT STREET,DANVILLE,AR,South,72833,YELL,Acute Care Hospitals,Voluntary non-profit - Private,true,3,0,,0,0,,0,,,40011,CHAMBERS MEMORIAL HOSPITAL,3,172,18
51319,MERCY MEDICAL CENTER OF MT SHASTA,914 PINE STREET,MOUNT SHASTA,CA,West,96067,SISKIYOU,Critical Access Hospitals,Voluntary non-profit - Other,true,3,0,,0,0,,1,,,51319,MERCY MEDICAL CENTER OF MT SHASTA,4,102,23
110050,ADVENTHEALTH MURRAY,"707 OLD DALTON ELLIJAY ROAD, PO BOX 1406",CHATSWORTH,GA,South,30705,MURRAY,Acute Care Hospitals,Voluntary non-profit - Private,false,5,0,,0,0,,1,,,110050,ADVENTHEALTH MURRAY,5,125,17
151322,PERRY COUNTY MEMORIAL HOSPITAL,8885 SR 237,TELL CITY,IN,Midwest,47586,PERRY,Critical Access Hospitals,Voluntary non-profit - Other,true,3,0,,0,0,,1,,,151322,PERRY COUNTY MEMORIAL HOSPITAL,4,119,24
151331,HARRISON COUNTY HOSPITAL,245 ATWOOD STREET,CORYDON,IN,Midwest,47112,HARRISON,Critical Access Hospitals,Government - Local,true,3,0,,1,0,,0,,,151331,HARRISON COUNTY HOSPITAL,4,102,19
171341,HIAWATHA COMMUNITY HOSPITAL,300 UTAH STREET,HIAWATHA,KS,Midwest,66434,BROWN,Critical Access Hospitals,Voluntary non-profit - Private,true,3,0,,0,0,,0,,,171341,HIAWATHA COMMUNITY HOSPITAL,4,111,29
231332,BRONSON LAKEVIEW HOSPITAL,408 HAZEN STREET,PAW PAW,MI,Midwest,49079,VAN BUREN,Critical Access Hospitals,Voluntary non-profit - Private,true,4,0,,0,0,,0,,,231332,BRONSON LAKEVIEW HOSPITAL,4,225,29
281352,"COMMUNITY MEDICAL CENTER, INC","P O BOX 399, 3307 BILL SCHOCK BOULEVARD",FALLS CITY,NE,Midwest,68355,RICHARDSON,Critical Access Hospitals,Voluntary non-profit - Private,true,4,0,,0,0,,0,,,281352,"COMMUNITY MEDICAL CENTER, INC",5,128,31
291308,HUMBOLDT GENERAL HOSPITAL,118 EAST HASKELL STREET,WINNEMUCCA,NV,West,89445,HUMBOLDT,Critical Access Hospitals,Government - Hospital District or Authority,true,3,0,,0,0,,0,,,291308,HUMBOLDT GENERAL HOSPITAL,3,113,14
291311,DESERT VIEW HOSPITAL,360 SOUTH LOLA LANE,PAHRUMP,NV,West,89048,NYE,Critical Access Hospitals,Proprietary,true,2,0,,0,0,,0,,,291311,DESERT VIEW HOSPITAL,2,221,22
501326,PROVIDENCE MOUNT CARMEL HOSPITAL,982 EAST COLUMBIA,COLVILLE,WA,West,99114,STEVENS,Critical Access Hospitals,Voluntary non-profit - Church,true,3,0,,0,0,,1,,,501326,PROVIDENCE MOUNT CARMEL HOSPITAL,4,105,18
151317,GREENE COUNTY GENERAL HOSPITAL,1185 N 1000 W,LINTON,IN,Midwest,47441,GREENE,Critical Access Hospitals,Government - Local,true,3,0,,0,0,,0,,,151317,GREENE COUNTY GENERAL HOSPITAL,5,129,29
171362,CITIZENS MEDICAL CENTER,100 E COLLEGE DRIVE,COLBY,KS,Midwest,67701,THOMAS,Critical Access Hospitals,Voluntary non-profit - Private,true,3,0,,0,0,,0,,,171362,CITIZENS MEDICAL CENTER,4,154,27
171371,CLAY COUNTY MEDICAL CENTER,617 LIBERTY,CLAY CENTER,KS,Midwest,67432,CLAY,Critical Access Hospitals,Government - Local,true,4,0,,0,0,,0,,,171371,CLAY COUNTY MEDICAL CENTER,5,106,32
281334,BOONE COUNTY HEALTH CENTER,"P O BOX 151, 723 WEST FAIRVIEW ST",ALBION,NE,Midwest,68620,BOONE,Critical Access Hospitals,Government - Local,true,3,0,,0,0,,0,,,281334,BOONE COUNTY HEALTH CENTER,5,106,38
361318,FOSTORIA COMMUNITY HOSPITAL,501 VAN BUREN STREET,FOSTORIA,OH,Midwest,44830,SENECA,Critical Access Hospitals,Voluntary non-profit - Private,false,3,0,,0,0,,0,,,361318,FOSTORIA COMMUNITY HOSPITAL,3,122,26
260160,MERCY HOSPITAL STODDARD,1200 N ONE MILE RD,DEXTER,MO,Midwest,63841,STODDARD,Acute Care Hospitals,Voluntary non-profit - Private,true,3,0,,0,0,,0,,,260160,MERCY HOSPITAL STODDARD,4,107,24
291306,CARSON VALLEY HEALTH,1107 HIGHWAY 395,GARDNERVILLE,NV,West,89410,DOUGLAS,Critical Access Hospitals,Voluntary non-profit - Private,true,4,0,,0,0,,0,,,291306,CARSON VALLEY HEALTH,5,246,28
381302,SAMARITAN NORTH LINCOLN HOSPITAL,3043 NE 28TH STREET,LINCOLN CITY,OR,West,97367,LINCOLN,Critical Access Hospitals,Voluntary non-profit - Private,true,3,0,,0,0,,0,,,381302,SAMARITAN NORTH LINCOLN HOSPITAL,4,145,22
440131,BAPTIST MEMORIAL HOSPITAL TIPTON,1995 HIGHWAY 51 S,COVINGTON,TN,South,38019,TIPTON,Acute Care Hospitals,Voluntary non-profit - Church,true,3,0,,1,0,,0,,,440131,BAPTIST MEMORIAL HOSPITAL TIPTON,4,147,13
281336,YORK GENERAL HEALTH CARE SERVICES,2222 LINCOLN AVE,YORK,NE,Midwest,68467,YORK,Critical Access Hospitals,Voluntary non-profit - Private,true,4,0,,0,0,,0,,,281336,YORK GENERAL HEALTH CARE SERVICES,5,206,39
501332,TRI-STATE MEMORIAL HOSPITAL,1221 HIGHLAND AVENUE,CLARKSTON,WA,West,99403,ASOTIN,Critical Access Hospitals,Voluntary non-profit - Private,true,3,0,,0,0,,1,,,501332,TRI-STATE MEMORIAL HOSPITAL,5,198,29
31314,COBRE VALLEY REGIONAL MEDICAL CENTER,5880 SOUTH HOSPITAL DRIVE,GLOBE,AZ,West,85501,GILA,Critical Access Hospitals,Voluntary non-profit - Private,true,3,0,,0,0,,0,,,31314,COBRE VALLEY REGIONAL MEDICAL CENTER,3,346,31
